,CODE,Name.x,Abbreviation.x,Category.x,Notes,article_1,article_2,article_3,article_4,article_5,article_6,article_7,article_8,article_9,article_10,article_11,article_12,article_13,article_14,article_15,article_16,article_17,article_18,article_19,article_20,article_21,article_22,article_23,article_24,article_25,article_26,article_27,article_28,article_29,article_30,article_31,article_32,article_33,article_34,article_35,article_36,article_37,article_38,article_39,article_40,article_41,article_42,article_43,article_44,article_45,article_46,article_47,article_48,article_49,article_50,article_51,article_52,article_53,article_54,article_55,article_56,article_57,article_58,article_59,article_60,article_61,article_62,article_63,Name.y,Abbreviation.y,Category.y,Items,Accessibility,access_type,link,review,exclusion_reason,relevant,Report,name.z,category,construct,rating,norms,internal_cons,test_retest,validity,ts
1,ACADEMIC ROLE EXPECTATIONS AND ALCOHOL SCALE,Academic role expectations and alcohol scale,AREAS,Alcohol,NA,551,NA,NA,NA,NA,NA,NA,NA,NA,NA,NA,NA,NA,NA,NA,NA,NA,NA,NA,NA,NA,NA,NA,NA,NA,NA,NA,NA,NA,NA,NA,NA,NA,NA,NA,NA,NA,NA,NA,NA,NA,NA,NA,NA,NA,NA,NA,NA,NA,NA,NA,NA,NA,NA,NA,NA,NA,NA,NA,NA,NA,NA,NA,Academic role expectations and alcohol scale,AREAS,Alcohol,5,No, , ,Exclude,Not found,1,NA,NA,NA,NA,NA,NA,NA,NA,NA,NA
2,ADOLESCENT DRINKING INDEX,Adolescent Drinking Index,ADI,Alcohol,NA,155,700,NA,NA,NA,NA,NA,NA,NA,NA,NA,NA,NA,NA,NA,NA,NA,NA,NA,NA,NA,NA,NA,NA,NA,NA,NA,NA,NA,NA,NA,NA,NA,NA,NA,NA,NA,NA,NA,NA,NA,NA,NA,NA,NA,NA,NA,NA,NA,NA,NA,NA,NA,NA,NA,NA,NA,NA,NA,NA,NA,NA,NA,Adolescent Drinking Index,ADI,Alcohol,24,No,Paywall,https://www.parinc.com/Products/Pkey/7,Exclude,Cost,1,NA,NA,NA,NA,NA,NA,NA,NA,NA,NA
3,ADVANCED WARNING OF REPLACE SCALE,Advanced Warning of Replace Scale,AWARE,Alcohol,NA,165,538,NA,NA,NA,NA,NA,NA,NA,NA,NA,NA,NA,NA,NA,NA,NA,NA,NA,NA,NA,NA,NA,NA,NA,NA,NA,NA,NA,NA,NA,NA,NA,NA,NA,NA,NA,NA,NA,NA,NA,NA,NA,NA,NA,NA,NA,NA,NA,NA,NA,NA,NA,NA,NA,NA,NA,NA,NA,NA,NA,NA,NA,Advanced Warning of Replace Scale,AWARE,Alcohol,28,Unknown,NA,NA,Exclude,Too many items,1,NA,NA,NA,NA,NA,NA,NA,NA,NA,NA
4,ALCOHOL ABSTINENCE SELF-EFFICACY SCALE,Alcohol Abstinence Self-efficacy Scale,AASE,Alcohol,NA,23,95,771,50,54,377,619,NA,NA,NA,NA,NA,NA,NA,NA,NA,NA,NA,NA,NA,NA,NA,NA,NA,NA,NA,NA,NA,NA,NA,NA,NA,NA,NA,NA,NA,NA,NA,NA,NA,NA,NA,NA,NA,NA,NA,NA,NA,NA,NA,NA,NA,NA,NA,NA,NA,NA,NA,NA,NA,NA,NA,NA,Alcohol Abstinence Self-efficacy Scale,AASE,Alcohol,20,Yes,Print-ready,https://habitslab.umbc.edu/self-efficacy-scales/,Include,NA,1,"DiClemente et al., 1994",Alcohol Abstinence Self-Efficacy Scale,Alcohol,Self-Efficacy,Good,Excellent,Good,NA,"DISCRIM, PREDICT",X
5,ALCOHOL AND DRUG CONSEQUENCES QUESTIONNAIRE,Alcohol and Drug Consequences Questionnaire,ADCQ,Alcohol,NA,470,520,NA,NA,NA,NA,NA,NA,NA,NA,NA,NA,NA,NA,NA,NA,NA,NA,NA,NA,NA,NA,NA,NA,NA,NA,NA,NA,NA,NA,NA,NA,NA,NA,NA,NA,NA,NA,NA,NA,NA,NA,NA,NA,NA,NA,NA,NA,NA,NA,NA,NA,NA,NA,NA,NA,NA,NA,NA,NA,NA,NA,NA,Alcohol and Drug Consequences Questionnaire,ADCQ,Alcohol,29,Unknown,NA,NA,Exclude,Too many items,1,NA,NA,NA,NA,NA,NA,NA,NA,NA,NA
6,ALCOHOL CONSUMPTION QUESTIONNAIRE,Alcohol Consumption Questionnaire,ACQ,Alcohol,NA,192,NA,NA,NA,NA,NA,NA,NA,NA,NA,NA,NA,NA,NA,NA,NA,NA,NA,NA,NA,NA,NA,NA,NA,NA,NA,NA,NA,NA,NA,NA,NA,NA,NA,NA,NA,NA,NA,NA,NA,NA,NA,NA,NA,NA,NA,NA,NA,NA,NA,NA,NA,NA,NA,NA,NA,NA,NA,NA,NA,NA,NA,NA,Alcohol Consumption Questionnaire,ACQ,Alcohol,6,No, , ,Exclude,Not found,1,NA,NA,NA,NA,NA,NA,NA,NA,NA,NA
7,ALCOHOL CRAVING MEASURE,Alcohol Craving Measure,ACQ-Now,Alcohol,NA,542,NA,NA,NA,NA,NA,NA,NA,NA,NA,NA,NA,NA,NA,NA,NA,NA,NA,NA,NA,NA,NA,NA,NA,NA,NA,NA,NA,NA,NA,NA,NA,NA,NA,NA,NA,NA,NA,NA,NA,NA,NA,NA,NA,NA,NA,NA,NA,NA,NA,NA,NA,NA,NA,NA,NA,NA,NA,NA,NA,NA,NA,NA,Alcohol Craving Measure,ACQ-Now,Alcohol,47,Unknown,NA,NA,Exclude,Too many items,1,NA,NA,NA,NA,NA,NA,NA,NA,NA,NA
8,ALCOHOL CRAVING QUESTIONNAIRE SHORT FORM REVISED,Alcohol Craving Questionnaire Short Form Revised,ACQ-SF-R,Alcohol,NA,593,NA,NA,NA,NA,NA,NA,NA,NA,NA,NA,NA,NA,NA,NA,NA,NA,NA,NA,NA,NA,NA,NA,NA,NA,NA,NA,NA,NA,NA,NA,NA,NA,NA,NA,NA,NA,NA,NA,NA,NA,NA,NA,NA,NA,NA,NA,NA,NA,NA,NA,NA,NA,NA,NA,NA,NA,NA,NA,NA,NA,NA,NA,Alcohol Craving Questionnaire Short Form Revised,ACQ-SF-R,Alcohol,12,Yes,Print-ready,https://adai.uw.edu/instruments/pdf/Alcohol_Craving_Questionnaire_Short_Form_Revised_20.pdf,Include,NA,1,"Singleton, 1995",Alcohol Craving Questionnaire Short Form Revised,Alcohol,Urges,Adequate,Adequate,Good,NA,CONCUR,X
9,ALCOHOL DECISIONAL BALANCE SCALE,Alcohol Decisional Balance Scale,ADBS,Alcohol,NA,54,NA,NA,NA,NA,NA,NA,NA,NA,NA,NA,NA,NA,NA,NA,NA,NA,NA,NA,NA,NA,NA,NA,NA,NA,NA,NA,NA,NA,NA,NA,NA,NA,NA,NA,NA,NA,NA,NA,NA,NA,NA,NA,NA,NA,NA,NA,NA,NA,NA,NA,NA,NA,NA,NA,NA,NA,NA,NA,NA,NA,NA,NA,Alcohol Decisional Balance Scale,ADBS,Alcohol,42,No,Print-ready, https://habitslab.umbc.edu/decisional-balance-scales/,Exclude,Unable to verify original source,1,NA,NA,NA,NA,NA,NA,NA,NA,NA,NA
10,ALCOHOL DEPENDENCE DEVELOPMENT SCALE,Alcohol Dependence Development Scale,SRUA,Alcohol,NA,140,NA,NA,NA,NA,NA,NA,NA,NA,NA,NA,NA,NA,NA,NA,NA,NA,NA,NA,NA,NA,NA,NA,NA,NA,NA,NA,NA,NA,NA,NA,NA,NA,NA,NA,NA,NA,NA,NA,NA,NA,NA,NA,NA,NA,NA,NA,NA,NA,NA,NA,NA,NA,NA,NA,NA,NA,NA,NA,NA,NA,NA,NA,Alcohol Dependence Development Scale,SRUA,Alcohol,29,Unknown,NA,NA,Exclude,Too many items,1,NA,NA,NA,NA,NA,NA,NA,NA,NA,NA
11,ALCOHOL DEPENDENCE INTENSITY SCALE,Alcohol Dependence Intensity Scale,EIDA,Alcohol,NA,32,NA,NA,NA,NA,NA,NA,NA,NA,NA,NA,NA,NA,NA,NA,NA,NA,NA,NA,NA,NA,NA,NA,NA,NA,NA,NA,NA,NA,NA,NA,NA,NA,NA,NA,NA,NA,NA,NA,NA,NA,NA,NA,NA,NA,NA,NA,NA,NA,NA,NA,NA,NA,NA,NA,NA,NA,NA,NA,NA,NA,NA,NA,Alcohol Dependence Intensity Scale,EIDA,Alcohol,30,Unknown,NA,NA,Exclude,Too many items,1,NA,NA,NA,NA,NA,NA,NA,NA,NA,NA
12,ALCOHOL DEPENDENCE SCALE,Alcohol Dependence Scale,ADS,Alcohol,NA,188,217,241,512,776,33,619,649,NA,NA,NA,NA,NA,NA,NA,NA,NA,NA,NA,NA,NA,NA,NA,NA,NA,NA,NA,NA,NA,NA,NA,NA,NA,NA,NA,NA,NA,NA,NA,NA,NA,NA,NA,NA,NA,NA,NA,NA,NA,NA,NA,NA,NA,NA,NA,NA,NA,NA,NA,NA,NA,NA,NA,Alcohol Dependence Scale,ADS,Alcohol,25,Yes,Print-ready,http://chipts.ucla.edu/wp-content/uploads/downloads/2012/02/Alcohol-Dependence-Scale_ADS_.pdf,Exclude,No scoring/instructions/interpretation,1,NA,NA,NA,NA,NA,NA,NA,NA,NA,NA
13,"ALCOHOL EXPECTANCY QUESTIONNAIRE - ADOLESCENT, BRIEF SCALE","Alcohol Expectancy Questionnaire - Adolescent, Brief scale",AEQ-AB,Alcohol,NA,85,NA,NA,NA,NA,NA,NA,NA,NA,NA,NA,NA,NA,NA,NA,NA,NA,NA,NA,NA,NA,NA,NA,NA,NA,NA,NA,NA,NA,NA,NA,NA,NA,NA,NA,NA,NA,NA,NA,NA,NA,NA,NA,NA,NA,NA,NA,NA,NA,NA,NA,NA,NA,NA,NA,NA,NA,NA,NA,NA,NA,NA,NA,"Alcohol Expectancy Questionnaire - Adolescent, Brief scale",AEQ-AB,Alcohol,7,Yes,Print-ready,https://www.midss.org/sites/default/files/aeq-ab.doc,Exclude,Copyright,1,NA,NA,NA,NA,NA,NA,NA,NA,NA,NA
14,ALCOHOL HABITS INVENTORY -  REVISED 2,Alcohol Habits Inventory -  Revised 2,AVI-R2,Alcohol,NA,156,NA,NA,NA,NA,NA,NA,NA,NA,NA,NA,NA,NA,NA,NA,NA,NA,NA,NA,NA,NA,NA,NA,NA,NA,NA,NA,NA,NA,NA,NA,NA,NA,NA,NA,NA,NA,NA,NA,NA,NA,NA,NA,NA,NA,NA,NA,NA,NA,NA,NA,NA,NA,NA,NA,NA,NA,NA,NA,NA,NA,NA,NA,Alcohol Habits Inventory -  Revised 2,AVI-R2,Alcohol,81,Unknown,NA,NA,Exclude,Too many items,1,NA,NA,NA,NA,NA,NA,NA,NA,NA,NA
15,ALCOHOL HISTORY FORM,Alcohol History Form,AHF,Alcohol,NA,515,NA,NA,NA,NA,NA,NA,NA,NA,NA,NA,NA,NA,NA,NA,NA,NA,NA,NA,NA,NA,NA,NA,NA,NA,NA,NA,NA,NA,NA,NA,NA,NA,NA,NA,NA,NA,NA,NA,NA,NA,NA,NA,NA,NA,NA,NA,NA,NA,NA,NA,NA,NA,NA,NA,NA,NA,NA,NA,NA,NA,NA,NA,Alcohol History Form,AHF,Alcohol,34,Unknown,NA,NA,Exclude,Too many items,1,NA,NA,NA,NA,NA,NA,NA,NA,NA,NA
16,ALCOHOL INTAKE SCALE-UJI,Alcohol Intake Scale-UJI,AIS-UJI,Alcohol,NA,253,NA,NA,NA,NA,NA,NA,NA,NA,NA,NA,NA,NA,NA,NA,NA,NA,NA,NA,NA,NA,NA,NA,NA,NA,NA,NA,NA,NA,NA,NA,NA,NA,NA,NA,NA,NA,NA,NA,NA,NA,NA,NA,NA,NA,NA,NA,NA,NA,NA,NA,NA,NA,NA,NA,NA,NA,NA,NA,NA,NA,NA,NA,Alcohol Intake Scale-UJI,AIS-UJI,Alcohol,21,No, , ,Exclude,Not found,1,NA,NA,NA,NA,NA,NA,NA,NA,NA,NA
17,ALCOHOL OUTCOME EXPECTANCY QUESTIONNAIRE,Alcohol Outcome Expectancy Questionnaire,AOEQ,Alcohol,NA,319,NA,NA,NA,NA,NA,NA,NA,NA,NA,NA,NA,NA,NA,NA,NA,NA,NA,NA,NA,NA,NA,NA,NA,NA,NA,NA,NA,NA,NA,NA,NA,NA,NA,NA,NA,NA,NA,NA,NA,NA,NA,NA,NA,NA,NA,NA,NA,NA,NA,NA,NA,NA,NA,NA,NA,NA,NA,NA,NA,NA,NA,NA,Alcohol Outcome Expectancy Questionnaire,AOEQ,Alcohol,34,Unknown,NA,NA,Exclude,Too many items,1,NA,NA,NA,NA,NA,NA,NA,NA,NA,NA
18,ALCOHOL PROBLEMS SCALE,Alcohol Problems Scale,APS,Alcohol,NA,551,NA,NA,NA,NA,NA,NA,NA,NA,NA,NA,NA,NA,NA,NA,NA,NA,NA,NA,NA,NA,NA,NA,NA,NA,NA,NA,NA,NA,NA,NA,NA,NA,NA,NA,NA,NA,NA,NA,NA,NA,NA,NA,NA,NA,NA,NA,NA,NA,NA,NA,NA,NA,NA,NA,NA,NA,NA,NA,NA,NA,NA,NA,Alcohol Problems Scale,APS,Alcohol,14,No, , ,Exclude,Not found,1,NA,NA,NA,NA,NA,NA,NA,NA,NA,NA
19,ALCOHOL QUALITY OF LIFE SCALE,Alcohol Quality of Life Scale,AlQoLS,Alcohol,NA,110,147,159,234,49,NA,NA,NA,NA,NA,NA,NA,NA,NA,NA,NA,NA,NA,NA,NA,NA,NA,NA,NA,NA,NA,NA,NA,NA,NA,NA,NA,NA,NA,NA,NA,NA,NA,NA,NA,NA,NA,NA,NA,NA,NA,NA,NA,NA,NA,NA,NA,NA,NA,NA,NA,NA,NA,NA,NA,NA,NA,NA,Alcohol Quality of Life Scale,AlQoLS,Alcohol,9,No, , ,Exclude,Not found,1,NA,NA,NA,NA,NA,NA,NA,NA,NA,NA
20,ALCOHOL RELAPSE RISK SCALE,Alcohol Relapse Risk Scale,ARRS,Alcohol,NA,378,NA,NA,NA,NA,NA,NA,NA,NA,NA,NA,NA,NA,NA,NA,NA,NA,NA,NA,NA,NA,NA,NA,NA,NA,NA,NA,NA,NA,NA,NA,NA,NA,NA,NA,NA,NA,NA,NA,NA,NA,NA,NA,NA,NA,NA,NA,NA,NA,NA,NA,NA,NA,NA,NA,NA,NA,NA,NA,NA,NA,NA,NA,Alcohol Relapse Risk Scale,ARRS,Alcohol,32,Unknown,NA,NA,Exclude,Too many items,1,NA,NA,NA,NA,NA,NA,NA,NA,NA,NA
21,ALCOHOL RELAPSE SITUATION APPRAISAL QUESTIONNAIRE,Alcohol Relapse Situation Appraisal Questionnaire,A-RSAQ,Alcohol,NA,518,NA,NA,NA,NA,NA,NA,NA,NA,NA,NA,NA,NA,NA,NA,NA,NA,NA,NA,NA,NA,NA,NA,NA,NA,NA,NA,NA,NA,NA,NA,NA,NA,NA,NA,NA,NA,NA,NA,NA,NA,NA,NA,NA,NA,NA,NA,NA,NA,NA,NA,NA,NA,NA,NA,NA,NA,NA,NA,NA,NA,NA,NA,Alcohol Relapse Situation Appraisal Questionnaire,A-RSAQ,Alcohol,26,Unknown,NA,NA,Exclude,Too many items,1,NA,NA,NA,NA,NA,NA,NA,NA,NA,NA
22,ALCOHOL URGE QUESTIONNAIRE,Alcohol Urge Questionnaire,AUQ,Alcohol,NA,479,294,NA,NA,NA,NA,NA,NA,NA,NA,NA,NA,NA,NA,NA,NA,NA,NA,NA,NA,NA,NA,NA,NA,NA,NA,NA,NA,NA,NA,NA,NA,NA,NA,NA,NA,NA,NA,NA,NA,NA,NA,NA,NA,NA,NA,NA,NA,NA,NA,NA,NA,NA,NA,NA,NA,NA,NA,NA,NA,NA,NA,NA,Alcohol Urge Questionnaire,AUQ,Alcohol,8,Yes,Print-ready,https://www.phenxtoolkit.org/protocols/view/520301,Include,NA,1,"Bohn et al., 1995",Alcohol Urge Questionnaire,Alcohol,Urges,Excellent,Excellent,Excellent,Excellent,"CONCUR, CONVERG, DISCRIM, PREDICT",X
23,ALCOHOL USE DISCREPANCY INSTRUMENT,Alcohol Use Discrepancy Instrument,AUDI,Alcohol,NA,230,NA,NA,NA,NA,NA,NA,NA,NA,NA,NA,NA,NA,NA,NA,NA,NA,NA,NA,NA,NA,NA,NA,NA,NA,NA,NA,NA,NA,NA,NA,NA,NA,NA,NA,NA,NA,NA,NA,NA,NA,NA,NA,NA,NA,NA,NA,NA,NA,NA,NA,NA,NA,NA,NA,NA,NA,NA,NA,NA,NA,NA,NA,Alcohol Use Discrepancy Instrument,AUDI,Alcohol,5,No, , ,Exclude,Not found,1,NA,NA,NA,NA,NA,NA,NA,NA,NA,NA
24,ALCOHOL USE DISORDERS IDENTIFICATION TEST,Alcohol Use Disorders Identification Test,AUDIT,Alcohol,NA,2,18,48,7,91,103,115,133,134,146,162,168,188,196,209,233,245,253,257,261,290,291,299,307,314,319,328,329,338,339,341,345,377,380,395,413,422,436,517,202,251,394,551,467,671,686,693,724,729,753,767,150,330,326,405,211,293,538,456,NA,NA,NA,NA,Alcohol Use Disorders Identification Test,AUDIT,Alcohol,10,Yes,Print-ready,https://auditscreen.org/,Include,NA,1,"Saunders et al., 1993",Alcohol Use Disorders Identification Test,Alcohol,Use,Excellent,Excellent,Excellent,Good,"CONCUR, DIVERG, PREDICT",Not applicable
25,ALCOHOL USE DISORDERS IDENTIFICATION TEST - CONSUMPTION,Alcohol Use Disorders Identification Test - Consumption,AUDIT-C,Alcohol,NA,60,369,703,273,NA,NA,NA,NA,NA,NA,NA,NA,NA,NA,NA,NA,NA,NA,NA,NA,NA,NA,NA,NA,NA,NA,NA,NA,NA,NA,NA,NA,NA,NA,NA,NA,NA,NA,NA,NA,NA,NA,NA,NA,NA,NA,NA,NA,NA,NA,NA,NA,NA,NA,NA,NA,NA,NA,NA,NA,NA,NA,NA,Alcohol Use Disorders Identification Test - Consumption,AUDIT-C,Alcohol,3,Yes,Print-ready,https://www.hepatitis.va.gov/alcohol/treatment/audit-c.asp#S1X,Include,NA,1,"Bush et al., 1998",Alcohol Use Disorders Identification Test – Consumption,Alcohol,Use,Excellent,Good,Excellent,Good,"CONVERG, DIVERG, PREDICT",Not applicable
26,ALCOHOL USE INVENTORY,Alcohol Use Inventory,AUI,Alcohol,NA,124,514,33,224,594,806,619,649,NA,NA,NA,NA,NA,NA,NA,NA,NA,NA,NA,NA,NA,NA,NA,NA,NA,NA,NA,NA,NA,NA,NA,NA,NA,NA,NA,NA,NA,NA,NA,NA,NA,NA,NA,NA,NA,NA,NA,NA,NA,NA,NA,NA,NA,NA,NA,NA,NA,NA,NA,NA,NA,NA,NA,Alcohol Use Inventory,AUI,Alcohol,228,Unknown,NA,NA,Exclude,Too many items,1,NA,NA,NA,NA,NA,NA,NA,NA,NA,NA
27,ALCOHOL/DRUG SELF EFFICACY SCALE,Alcohol/Drug Self Efficacy Scale,A-DSES,Alcohol,NA,327,NA,NA,NA,NA,NA,NA,NA,NA,NA,NA,NA,NA,NA,NA,NA,NA,NA,NA,NA,NA,NA,NA,NA,NA,NA,NA,NA,NA,NA,NA,NA,NA,NA,NA,NA,NA,NA,NA,NA,NA,NA,NA,NA,NA,NA,NA,NA,NA,NA,NA,NA,NA,NA,NA,NA,NA,NA,NA,NA,NA,NA,NA,Alcohol/Drug Self Efficacy Scale,A-DSES,Alcohol,20,No, , ,Exclude,Not found,1,NA,NA,NA,NA,NA,NA,NA,NA,NA,NA
28,APPROACH AND AVOIDANCE ALCOHOL QUESTIONNAIRE,Approach and Avoidance Alcohol Questionnaire,AAAQ,Alcohol,NA,235,241,485,558,NA,NA,NA,NA,NA,NA,NA,NA,NA,NA,NA,NA,NA,NA,NA,NA,NA,NA,NA,NA,NA,NA,NA,NA,NA,NA,NA,NA,NA,NA,NA,NA,NA,NA,NA,NA,NA,NA,NA,NA,NA,NA,NA,NA,NA,NA,NA,NA,NA,NA,NA,NA,NA,NA,NA,NA,NA,NA,NA,Approach and Avoidance Alcohol Questionnaire,AAAQ,Alcohol,14,No, , ,Exclude,Not found,1,NA,NA,NA,NA,NA,NA,NA,NA,NA,NA
29,BIPHASIC ALCOHOL EFFECT SCALE,Biphasic Alcohol Effect Scale,BAES,Alcohol,NA,290,NA,NA,NA,NA,NA,NA,NA,NA,NA,NA,NA,NA,NA,NA,NA,NA,NA,NA,NA,NA,NA,NA,NA,NA,NA,NA,NA,NA,NA,NA,NA,NA,NA,NA,NA,NA,NA,NA,NA,NA,NA,NA,NA,NA,NA,NA,NA,NA,NA,NA,NA,NA,NA,NA,NA,NA,NA,NA,NA,NA,NA,NA,Biphasic Alcohol Effect Scale,BAES,Alcohol,14,Yes,Needs formatting,https://www.ncbi.nlm.nih.gov/pmc/articles/PMC3570663/,Exclude,No scoring/instructions/interpretation,1,NA,NA,NA,NA,NA,NA,NA,NA,NA,NA
30,BRIEF ALCOHOL SOCIAL DENSITY ASSESSMENT,Brief Alcohol Social Density Assessment,BASDA,Alcohol,NA,2,NA,NA,NA,NA,NA,NA,NA,NA,NA,NA,NA,NA,NA,NA,NA,NA,NA,NA,NA,NA,NA,NA,NA,NA,NA,NA,NA,NA,NA,NA,NA,NA,NA,NA,NA,NA,NA,NA,NA,NA,NA,NA,NA,NA,NA,NA,NA,NA,NA,NA,NA,NA,NA,NA,NA,NA,NA,NA,NA,NA,NA,NA,Brief Alcohol Social Density Assessment,BASDA,Alcohol,4,No, , ,Exclude,Not found,1,NA,NA,NA,NA,NA,NA,NA,NA,NA,NA
31,BRIEF BIPHASIC ALCOHOL EFFECTS SCALE,Brief Biphasic Alcohol Effects Scale,B-BAES,Alcohol,NA,55,175,NA,NA,NA,NA,NA,NA,NA,NA,NA,NA,NA,NA,NA,NA,NA,NA,NA,NA,NA,NA,NA,NA,NA,NA,NA,NA,NA,NA,NA,NA,NA,NA,NA,NA,NA,NA,NA,NA,NA,NA,NA,NA,NA,NA,NA,NA,NA,NA,NA,NA,NA,NA,NA,NA,NA,NA,NA,NA,NA,NA,NA,Brief Biphasic Alcohol Effects Scale,B-BAES,Alcohol,14,Yes,Needs formatting,https://www.ncbi.nlm.nih.gov/pmc/articles/PMC3570663/,Exclude,No scoring/instructions/interpretation,1,NA,NA,NA,NA,NA,NA,NA,NA,NA,NA
32,BRIEF MICHIGAN ALCOHOL SCREENING TEST,Brief Michigan Alcohol Screening Test,BMAST,Alcohol,NA,211,NA,NA,NA,NA,NA,NA,NA,NA,NA,NA,NA,NA,NA,NA,NA,NA,NA,NA,NA,NA,NA,NA,NA,NA,NA,NA,NA,NA,NA,NA,NA,NA,NA,NA,NA,NA,NA,NA,NA,NA,NA,NA,NA,NA,NA,NA,NA,NA,NA,NA,NA,NA,NA,NA,NA,NA,NA,NA,NA,NA,NA,NA,Brief Michigan Alcohol Screening Test,BMAST,Alcohol,10,Yes,Print-ready,https://preventionforme.org/wp-content/uploads/2017/09/BriefMAST.pdf,Include,NA,1,"Pokorny et al., 1972",Brief Michigan Alcohol Screening Test,Alcohol,Use,Good,Good,Excellent,Good,"CONCUR, CONVERG, DIVERG",Not applicable
33,BRIEF VERSION OF THE COMPREHENSIVE EFFECTS OF ALCOHOL QUESTIONNAIRE,Brief version of the Comprehensive Effects of Alcohol Questionnaire,B-CEOA,Alcohol,NA,589,NA,NA,NA,NA,NA,NA,NA,NA,NA,NA,NA,NA,NA,NA,NA,NA,NA,NA,NA,NA,NA,NA,NA,NA,NA,NA,NA,NA,NA,NA,NA,NA,NA,NA,NA,NA,NA,NA,NA,NA,NA,NA,NA,NA,NA,NA,NA,NA,NA,NA,NA,NA,NA,NA,NA,NA,NA,NA,NA,NA,NA,NA,Brief version of the Comprehensive Effects of Alcohol Questionnaire,B-CEOA,Alcohol,15,Yes,Print-ready,https://www.phenxtoolkit.org/toolkit_content/archive/520000/520401_Protocol.docx,Include,NA,1,"Ham et al., 2005",Brief Version of the Comprehensive Effects of Alcohol Questionnaire,Alcohol,Expectancies,Adequate,NA,Adequate,NA,"CONCUR, CONVERG",NA
34,BRIEF YOUNG ADULT ALCOHOL CONSEQUENCES QUESTIONNAIRE,Brief Young Adult Alcohol Consequences Questionnaire,BYAACQ,Alcohol,NA,77,92,136,154,193,178,NA,NA,NA,NA,NA,NA,NA,NA,NA,NA,NA,NA,NA,NA,NA,NA,NA,NA,NA,NA,NA,NA,NA,NA,NA,NA,NA,NA,NA,NA,NA,NA,NA,NA,NA,NA,NA,NA,NA,NA,NA,NA,NA,NA,NA,NA,NA,NA,NA,NA,NA,NA,NA,NA,NA,NA,NA,Brief Young Adult Alcohol Consequences Questionnaire,BYAACQ,Alcohol,24,Yes,Print-ready,https://arlbuffalo.com/the-young-adult-alcohol-consequences-questionnaire/the-brief-yaacq/,Exclude,No scoring/instructions/interpretation,1,NA,NA,NA,NA,NA,NA,NA,NA,NA,NA
35,CAFFEINE + ALCOHOL COMBINED EFFECTS QUESTIONNAIRE,Caffeine + Alcohol Combined Effects Questionnaire,CACEQ,Alcohol,NA,298,NA,NA,NA,NA,NA,NA,NA,NA,NA,NA,NA,NA,NA,NA,NA,NA,NA,NA,NA,NA,NA,NA,NA,NA,NA,NA,NA,NA,NA,NA,NA,NA,NA,NA,NA,NA,NA,NA,NA,NA,NA,NA,NA,NA,NA,NA,NA,NA,NA,NA,NA,NA,NA,NA,NA,NA,NA,NA,NA,NA,NA,NA,Caffeine + Alcohol Combined Effects Questionnaire,CACEQ,Alcohol,9,No, , ,Exclude,Not found,1,NA,NA,NA,NA,NA,NA,NA,NA,NA,NA
36,CAGE-ADAPTED TO INCLUDE DRUGS,CAGE-Adapted to Include Drugs,CAGE-AID,Alcohol,NA,544,727,NA,NA,NA,NA,NA,NA,NA,NA,NA,NA,NA,NA,NA,NA,NA,NA,NA,NA,NA,NA,NA,NA,NA,NA,NA,NA,NA,NA,NA,NA,NA,NA,NA,NA,NA,NA,NA,NA,NA,NA,NA,NA,NA,NA,NA,NA,NA,NA,NA,NA,NA,NA,NA,NA,NA,NA,NA,NA,NA,NA,NA,CAGE-Adapted to Include Drugs,CAGE-AID,Alcohol,4,Yes,Print-ready,https://www.hiv.uw.edu/page/substance-use/cage-aid,Include,NA,1,"Brown & Rounds, 1995",CAGE-Adapted to Include Drugs,General,Use,Adequate,Good,Good,Good,"CONVERG, DIVERG",Not applicable
37,COLLEGE ALCOHOL PROBLEM SCALE - REVISED,College Alcohol Problem Scale - Revised,CAPS-R,Alcohol,NA,207,NA,NA,NA,NA,NA,NA,NA,NA,NA,NA,NA,NA,NA,NA,NA,NA,NA,NA,NA,NA,NA,NA,NA,NA,NA,NA,NA,NA,NA,NA,NA,NA,NA,NA,NA,NA,NA,NA,NA,NA,NA,NA,NA,NA,NA,NA,NA,NA,NA,NA,NA,NA,NA,NA,NA,NA,NA,NA,NA,NA,NA,NA,College Alcohol Problem Scale - Revised,CAPS-R,Alcohol,10,Yes,Print-ready,https://elcentro.sonhs.miami.edu/research/measures-library/caps-r/CAPS-R_Items_%20Eng.pdf,Exclude,No scoring/instructions/interpretation,1,NA,NA,NA,NA,NA,NA,NA,NA,NA,NA
38,COMPREHENSIVE EFFECTS OF ALCOHOL,Comprehensive Effects of Alcohol,CEOA,Alcohol,NA,118,488,589,33,NA,NA,NA,NA,NA,NA,NA,NA,NA,NA,NA,NA,NA,NA,NA,NA,NA,NA,NA,NA,NA,NA,NA,NA,NA,NA,NA,NA,NA,NA,NA,NA,NA,NA,NA,NA,NA,NA,NA,NA,NA,NA,NA,NA,NA,NA,NA,NA,NA,NA,NA,NA,NA,NA,NA,NA,NA,NA,NA,Comprehensive Effects of Alcohol,CEOA,Alcohol,38,Unknown,NA,NA,Exclude,Too many items,1,NA,NA,NA,NA,NA,NA,NA,NA,NA,NA
39,COPING BEHAVIORS INVENTORY,Coping Behaviors Inventory,CBI,Alcohol,NA,38,596,NA,NA,NA,NA,NA,NA,NA,NA,NA,NA,NA,NA,NA,NA,NA,NA,NA,NA,NA,NA,NA,NA,NA,NA,NA,NA,NA,NA,NA,NA,NA,NA,NA,NA,NA,NA,NA,NA,NA,NA,NA,NA,NA,NA,NA,NA,NA,NA,NA,NA,NA,NA,NA,NA,NA,NA,NA,NA,NA,NA,NA,Coping Behaviors Inventory,CBI,Alcohol,36,Unknown,NA,NA,Exclude,Too many items,1,NA,NA,NA,NA,NA,NA,NA,NA,NA,NA
40,COPING BEHAVIORS INVENTORY 20,Coping Behaviors Inventory 20,CBI-20,Alcohol,NA,137,NA,NA,NA,NA,NA,NA,NA,NA,NA,NA,NA,NA,NA,NA,NA,NA,NA,NA,NA,NA,NA,NA,NA,NA,NA,NA,NA,NA,NA,NA,NA,NA,NA,NA,NA,NA,NA,NA,NA,NA,NA,NA,NA,NA,NA,NA,NA,NA,NA,NA,NA,NA,NA,NA,NA,NA,NA,NA,NA,NA,NA,NA,Coping Behaviors Inventory 20,CBI-20,Alcohol,36,Unknown,NA,NA,Exclude,Too many items,1,NA,NA,NA,NA,NA,NA,NA,NA,NA,NA
41,CORE ALCOHOL AND DRUG SURVEY,Core Alcohol and Drug Survey,CADS,Alcohol,NA,143,588,NA,NA,NA,NA,NA,NA,NA,NA,NA,NA,NA,NA,NA,NA,NA,NA,NA,NA,NA,NA,NA,NA,NA,NA,NA,NA,NA,NA,NA,NA,NA,NA,NA,NA,NA,NA,NA,NA,NA,NA,NA,NA,NA,NA,NA,NA,NA,NA,NA,NA,NA,NA,NA,NA,NA,NA,NA,NA,NA,NA,NA,Core Alcohol and Drug Survey,CADS,Alcohol,80,No, , ,Exclude,Too many items,1,NA,NA,NA,NA,NA,NA,NA,NA,NA,NA
42,"CUT DOWN, ANNOYED, GUILT, EYE-OPENED SCREENING TOOL","Cut down, Annoyed, Guilt, Eye-opener Screening Tool",CAGE,Alcohol,NA,83,162,164,219,262,334,338,429,430,517,590,693,717,818,476,326,716,211,293,623,727,203,456,649,NA,NA,NA,NA,NA,NA,NA,NA,NA,NA,NA,NA,NA,NA,NA,NA,NA,NA,NA,NA,NA,NA,NA,NA,NA,NA,NA,NA,NA,NA,NA,NA,NA,NA,NA,NA,NA,NA,NA,"Cut down, Annoyed, Guilt, Eye-opener Screening Tool",CAGE,Alcohol,4,Yes,Print-ready,https://www.hopkinsmedicine.org/johns_hopkins_healthcare/downloads/all_plans/CAGE%20Substance%20Screening%20Tool.pdf,Include,NA,1,"Mayfield, 1974","Cut down, Annoyed, Guilt, Eye-opened Screening Tool",Alcohol,Use,Excellent,Excellent,Excellent,Good,"CONVERG, DIVERG",Not applicable
43,DAILY DRINKING QUESTIONNAIRE,Daily Drinking Questionnaire,DDQ,Alcohol,NA,7,NA,NA,NA,NA,NA,NA,NA,NA,NA,NA,NA,NA,NA,NA,NA,NA,NA,NA,NA,NA,NA,NA,NA,NA,NA,NA,NA,NA,NA,NA,NA,NA,NA,NA,NA,NA,NA,NA,NA,NA,NA,NA,NA,NA,NA,NA,NA,NA,NA,NA,NA,NA,NA,NA,NA,NA,NA,NA,NA,NA,NA,NA,Daily Drinking Questionnaire,DDQ,Alcohol,1,Yes,Needs formatting,https://thekeep.eiu.edu/cgi/viewcontent.cgi?article=4719&context=theses,Exclude,No scoring/instructions/interpretation,1,NA,NA,NA,NA,NA,NA,NA,NA,NA,NA
44,DAILY DRINKING QUESTIONNAIRE-REVISED,Daily Drinking Questionnaire-Revised,DDQ-R,Alcohol,NA,177,188,NA,NA,NA,NA,NA,NA,NA,NA,NA,NA,NA,NA,NA,NA,NA,NA,NA,NA,NA,NA,NA,NA,NA,NA,NA,NA,NA,NA,NA,NA,NA,NA,NA,NA,NA,NA,NA,NA,NA,NA,NA,NA,NA,NA,NA,NA,NA,NA,NA,NA,NA,NA,NA,NA,NA,NA,NA,NA,NA,NA,NA,Daily Drinking Questionnaire-Revised,DDQ-R,Alcohol,2,No, , ,Exclude,Not found,1,NA,NA,NA,NA,NA,NA,NA,NA,NA,NA
45,DESIRED EFFECTS OF DRINKING,Desired Effects of Drinking,DEOD,Alcohol,NA,781,NA,NA,NA,NA,NA,NA,NA,NA,NA,NA,NA,NA,NA,NA,NA,NA,NA,NA,NA,NA,NA,NA,NA,NA,NA,NA,NA,NA,NA,NA,NA,NA,NA,NA,NA,NA,NA,NA,NA,NA,NA,NA,NA,NA,NA,NA,NA,NA,NA,NA,NA,NA,NA,NA,NA,NA,NA,NA,NA,NA,NA,NA,Desired Effects of Drinking,DEOD,Alcohol,36,Unknown,NA,NA,Exclude,Too many items,1,NA,NA,NA,NA,NA,NA,NA,NA,NA,NA
46,DESIRES FOR ALCOHOL QUESTIONNAIRE,Desires for alcohol questionnaire,DAQ,Alcohol,NA,17,213,663,NA,NA,NA,NA,NA,NA,NA,NA,NA,NA,NA,NA,NA,NA,NA,NA,NA,NA,NA,NA,NA,NA,NA,NA,NA,NA,NA,NA,NA,NA,NA,NA,NA,NA,NA,NA,NA,NA,NA,NA,NA,NA,NA,NA,NA,NA,NA,NA,NA,NA,NA,NA,NA,NA,NA,NA,NA,NA,NA,NA,Desires for alcohol questionnaire,DAQ,Alcohol,14,No, , ,Exclude,Not found,1,NA,NA,NA,NA,NA,NA,NA,NA,NA,NA
47,DRINKING CONTEXT SCALE,Drinking Context Scale,DCS-9,Alcohol,NA,58,NA,NA,NA,NA,NA,NA,NA,NA,NA,NA,NA,NA,NA,NA,NA,NA,NA,NA,NA,NA,NA,NA,NA,NA,NA,NA,NA,NA,NA,NA,NA,NA,NA,NA,NA,NA,NA,NA,NA,NA,NA,NA,NA,NA,NA,NA,NA,NA,NA,NA,NA,NA,NA,NA,NA,NA,NA,NA,NA,NA,NA,NA,Drinking Context Scale,DCS-9,Alcohol,9,Yes,Print-ready,https://adai.uw.edu/instruments/pdf/Drinking_Context_Scale_99.pdf,Exclude,No scoring/instructions/interpretation,1,NA,NA,NA,NA,NA,NA,NA,NA,NA,NA
48,DRINKING EXPECTANCY PROFILE,Drinking Expectancy Profile,DEP,Alcohol,NA,99,NA,NA,NA,NA,NA,NA,NA,NA,NA,NA,NA,NA,NA,NA,NA,NA,NA,NA,NA,NA,NA,NA,NA,NA,NA,NA,NA,NA,NA,NA,NA,NA,NA,NA,NA,NA,NA,NA,NA,NA,NA,NA,NA,NA,NA,NA,NA,NA,NA,NA,NA,NA,NA,NA,NA,NA,NA,NA,NA,NA,NA,NA,Drinking Expectancy Profile,DEP,Alcohol,Unknown,No, , ,Exclude,Not found,1,NA,NA,NA,NA,NA,NA,NA,NA,NA,NA
49,DRINKING EXPECTANCY QUESTIONNAIRE,Drinking Expectancy Questionnaire,DEQ,Alcohol,NA,463,NA,NA,NA,NA,NA,NA,NA,NA,NA,NA,NA,NA,NA,NA,NA,NA,NA,NA,NA,NA,NA,NA,NA,NA,NA,NA,NA,NA,NA,NA,NA,NA,NA,NA,NA,NA,NA,NA,NA,NA,NA,NA,NA,NA,NA,NA,NA,NA,NA,NA,NA,NA,NA,NA,NA,NA,NA,NA,NA,NA,NA,NA,Drinking Expectancy Questionnaire,DEQ,Alcohol,43,Unknown,NA,NA,Exclude,Too many items,1,NA,NA,NA,NA,NA,NA,NA,NA,NA,NA
50,DRINKING EXPECTANCY QUESTIONNAIRE - ADOLESCENT VERSION,Drinking Expectancy Questionnaire - Adolescent Version,DEQ-A,Alcohol,NA,251,NA,NA,NA,NA,NA,NA,NA,NA,NA,NA,NA,NA,NA,NA,NA,NA,NA,NA,NA,NA,NA,NA,NA,NA,NA,NA,NA,NA,NA,NA,NA,NA,NA,NA,NA,NA,NA,NA,NA,NA,NA,NA,NA,NA,NA,NA,NA,NA,NA,NA,NA,NA,NA,NA,NA,NA,NA,NA,NA,NA,NA,NA,Drinking Expectancy Questionnaire - Adolescent Version,DEQ-A,Alcohol,24,Yes,Print-ready,https://www.researchgate.net/publication/317952740_Drinking_Expectancy_Questionnaire-Adolescent_version_DEQ-A/link/5952bbacaca272a343db4a74/download,Include,NA,1,"Oei et al., n.d.",Drinking Expectancy Questionnaire – Adolescent Version,Alcohol,Expectancies,Adequate,Adequate,Adequate,NA,"CONCUR, DIVERG",NA
51,DRINKING EXPECTANCY QUESTIONNAIRE - SHORTENED ADOLESCENT VERSION,Drinking Expectancy Questionnaire - Shortened Adolescent Version,DEQ-SA,Alcohol,NA,251,NA,NA,NA,NA,NA,NA,NA,NA,NA,NA,NA,NA,NA,NA,NA,NA,NA,NA,NA,NA,NA,NA,NA,NA,NA,NA,NA,NA,NA,NA,NA,NA,NA,NA,NA,NA,NA,NA,NA,NA,NA,NA,NA,NA,NA,NA,NA,NA,NA,NA,NA,NA,NA,NA,NA,NA,NA,NA,NA,NA,NA,NA,Drinking Expectancy Questionnaire - Shortened Adolescent Version,DEQ-SA,Alcohol,12,Yes,Print-ready,https://www.researchgate.net/publication/317952752_Drinking_Expectancy_Questionnaire-Shortened_Adolescent_version_DEQ-SA/link/5b0cbed90f7e9b1ed7fbc5ab/download,Include,NA,1,"Patton et al., 2018",Drinking Expectancy Questionnaire – Shortened Adolescent Version,Alcohol,Expectancies,Adequate,NA,Good,NA,"CONCUR, PREDICT",NA
52,DRINKING HISTORY QUESTIONNAIRE,Drinking History Questionnaire,DHQ,Alcohol,NA,235,241,305,NA,NA,NA,NA,NA,NA,NA,NA,NA,NA,NA,NA,NA,NA,NA,NA,NA,NA,NA,NA,NA,NA,NA,NA,NA,NA,NA,NA,NA,NA,NA,NA,NA,NA,NA,NA,NA,NA,NA,NA,NA,NA,NA,NA,NA,NA,NA,NA,NA,NA,NA,NA,NA,NA,NA,NA,NA,NA,NA,NA,Drinking History Questionnaire,DHQ,Alcohol,10,No, , ,Exclude,Not found,1,NA,NA,NA,NA,NA,NA,NA,NA,NA,NA
53,DRINKING INVENTORY OF CONSEQUENCES,Drinking Inventory of Consequences,DrInC-2R,Alcohol,NA,50,66,84,230,235,461 518,604,779,105,NA,NA,NA,NA,NA,NA,NA,NA,NA,NA,NA,NA,NA,NA,NA,NA,NA,NA,NA,NA,NA,NA,NA,NA,NA,NA,NA,NA,NA,NA,NA,NA,NA,NA,NA,NA,NA,NA,NA,NA,NA,NA,NA,NA,NA,NA,NA,NA,NA,NA,NA,NA,NA,NA,Drinking Inventory of Consequences,DrInC-2R,Alcohol,50,Yes,Print-ready,https://casaa.unm.edu/inst/DrInC-2R.pdf,Exclude,Too many items,1,NA,NA,NA,NA,NA,NA,NA,NA,NA,NA
54,DRINKING INVENTORY OF CONSEQUENCES,Drinking Inventory of Consequences,DrInC-2R,Alcohol,NA,50,66,84,230,235,461 518,604,779,105,NA,NA,NA,NA,NA,NA,NA,NA,NA,NA,NA,NA,NA,NA,NA,NA,NA,NA,NA,NA,NA,NA,NA,NA,NA,NA,NA,NA,NA,NA,NA,NA,NA,NA,NA,NA,NA,NA,NA,NA,NA,NA,NA,NA,NA,NA,NA,NA,NA,NA,NA,NA,NA,NA,Drinking Inventory of Consequences,DrINC,Alcohol,50,Yes,Print-ready,https://casaa.unm.edu/inst/DrInC-2R.pdf,Exclude,Too many items,1,NA,NA,NA,NA,NA,NA,NA,NA,NA,NA
55,DRINKING INVENTORY OF CONSEQUENCES,Drinking Inventory of Consequences,DrINC,Alcohol,NA,50,66,84,230,235,461 518,604,779,105,NA,NA,NA,NA,NA,NA,NA,NA,NA,NA,NA,NA,NA,NA,NA,NA,NA,NA,NA,NA,NA,NA,NA,NA,NA,NA,NA,NA,NA,NA,NA,NA,NA,NA,NA,NA,NA,NA,NA,NA,NA,NA,NA,NA,NA,NA,NA,NA,NA,NA,NA,NA,NA,NA,Drinking Inventory of Consequences,DrInC-2R,Alcohol,50,Yes,Print-ready,https://casaa.unm.edu/inst/DrInC-2R.pdf,Exclude,Too many items,1,NA,NA,NA,NA,NA,NA,NA,NA,NA,NA
56,DRINKING INVENTORY OF CONSEQUENCES,Drinking Inventory of Consequences,DrINC,Alcohol,NA,50,66,84,230,235,461 518,604,779,105,NA,NA,NA,NA,NA,NA,NA,NA,NA,NA,NA,NA,NA,NA,NA,NA,NA,NA,NA,NA,NA,NA,NA,NA,NA,NA,NA,NA,NA,NA,NA,NA,NA,NA,NA,NA,NA,NA,NA,NA,NA,NA,NA,NA,NA,NA,NA,NA,NA,NA,NA,NA,NA,NA,Drinking Inventory of Consequences,DrINC,Alcohol,50,Yes,Print-ready,https://casaa.unm.edu/inst/DrInC-2R.pdf,Exclude,Too many items,1,NA,NA,NA,NA,NA,NA,NA,NA,NA,NA
57,DRINKING MOTIVES QUESTIONNAIRE,Drinking Motives Questionnaire,DMQ,Alcohol,NA,478,NA,NA,NA,NA,NA,NA,NA,NA,NA,NA,NA,NA,NA,NA,NA,NA,NA,NA,NA,NA,NA,NA,NA,NA,NA,NA,NA,NA,NA,NA,NA,NA,NA,NA,NA,NA,NA,NA,NA,NA,NA,NA,NA,NA,NA,NA,NA,NA,NA,NA,NA,NA,NA,NA,NA,NA,NA,NA,NA,NA,NA,NA,Drinking Motives Questionnaire,DMQ,Alcohol,15,No,Print-ready,https://arc.psych.wisc.edu/self-report/drinking-motive-questionnaires-dmq/,Exclude,Measure was replaced with new version,1,NA,NA,NA,NA,NA,NA,NA,NA,NA,NA
58,DRINKING MOTIVES QUESTIONNAIRE-REVISED,Drinking Motives Questionnaire-Revised,DMQ-R,Alcohol,NA,85,97,NA,NA,NA,NA,NA,NA,NA,NA,NA,NA,NA,NA,NA,NA,NA,NA,NA,NA,NA,NA,NA,NA,NA,NA,NA,NA,NA,NA,NA,NA,NA,NA,NA,NA,NA,NA,NA,NA,NA,NA,NA,NA,NA,NA,NA,NA,NA,NA,NA,NA,NA,NA,NA,NA,NA,NA,NA,NA,NA,NA,NA,Drinking Motives Questionnaire-Revised,DMQ-R,Alcohol,20,No,Print-ready,https://arc.psych.wisc.edu/self-report/drinking-motive-questionnaires-dmq/,Include,NA,1,"Cooper, 1994",Drinking Motives Questionnaire-Revised,Alcohol,Motives,Adequate,Good,Excellent,Excellent,CONCUR,X
59,DRINKING MOTIVES QUESTIONNAIRE-REVISED SHORT FORM,Drinking Motives Questionnaire-Revised Short Form,DMQ-R SF,Alcohol,NA,97,NA,NA,NA,NA,NA,NA,NA,NA,NA,NA,NA,NA,NA,NA,NA,NA,NA,NA,NA,NA,NA,NA,NA,NA,NA,NA,NA,NA,NA,NA,NA,NA,NA,NA,NA,NA,NA,NA,NA,NA,NA,NA,NA,NA,NA,NA,NA,NA,NA,NA,NA,NA,NA,NA,NA,NA,NA,NA,NA,NA,NA,NA,Drinking Motives Questionnaire-Revised Short Form,DMQ-R SF,Alcohol,12,No, , ,Exclude,Not found,1,NA,NA,NA,NA,NA,NA,NA,NA,NA,NA
60,DRINKING PROBLEMS INDEX,Drinking Problems Index,DPI,Alcohol,NA,220,NA,NA,NA,NA,NA,NA,NA,NA,NA,NA,NA,NA,NA,NA,NA,NA,NA,NA,NA,NA,NA,NA,NA,NA,NA,NA,NA,NA,NA,NA,NA,NA,NA,NA,NA,NA,NA,NA,NA,NA,NA,NA,NA,NA,NA,NA,NA,NA,NA,NA,NA,NA,NA,NA,NA,NA,NA,NA,NA,NA,NA,NA,Drinking Problems Index,DPI,Alcohol,17,No, , ,Exclude,Not found,1,NA,NA,NA,NA,NA,NA,NA,NA,NA,NA
61,DRINKING REFUSAL SELF-EFFICACY QUESTIONNAIRE - SHORTENED ADOLESCENT VERSION,Drinking Refusal Self-Efficacy Questionnaire - Shortened Adolescent version,DRSEQ-SRA,Alcohol,NA,80,NA,NA,NA,NA,NA,NA,NA,NA,NA,NA,NA,NA,NA,NA,NA,NA,NA,NA,NA,NA,NA,NA,NA,NA,NA,NA,NA,NA,NA,NA,NA,NA,NA,NA,NA,NA,NA,NA,NA,NA,NA,NA,NA,NA,NA,NA,NA,NA,NA,NA,NA,NA,NA,NA,NA,NA,NA,NA,NA,NA,NA,NA,Drinking Refusal Self-Efficacy Questionnaire - Shortened Adolescent version,DRSEQ-SRA,Alcohol,9,Yes,Print-ready,https://www.researchgate.net/publication/325413939_Drinking_Refusal_Self-Efficacy_Questionnaire-Shortened_Revised_Adolescent_version_DRSEQ-SRA/link/5b0cc3a94585157f871cc5ce/download,Exclude,No scoring/instructions/interpretation,1,NA,NA,NA,NA,NA,NA,NA,NA,NA,NA
62,DRINKING REFUSAL SELF-EFFICACY QUESTIONNAIRE- REVISED,Drinking Refusal Self-efficacy Questionnaire- revised,DRSEQ-R,Alcohol,NA,194,174,NA,NA,NA,NA,NA,NA,NA,NA,NA,NA,NA,NA,NA,NA,NA,NA,NA,NA,NA,NA,NA,NA,NA,NA,NA,NA,NA,NA,NA,NA,NA,NA,NA,NA,NA,NA,NA,NA,NA,NA,NA,NA,NA,NA,NA,NA,NA,NA,NA,NA,NA,NA,NA,NA,NA,NA,NA,NA,NA,NA,NA,Drinking Refusal Self-efficacy Questionnaire- revised,DRSEQ-R,Alcohol,31,Unknown,NA,NA,Exclude,Too many items,1,NA,NA,NA,NA,NA,NA,NA,NA,NA,NA
63,DRINKING SELF-EFFICACY QUESTIONNAIRE,Drinking Self-Efficacy Questionnaire,DSEQ,Alcohol,NA,509,NA,NA,NA,NA,NA,NA,NA,NA,NA,NA,NA,NA,NA,NA,NA,NA,NA,NA,NA,NA,NA,NA,NA,NA,NA,NA,NA,NA,NA,NA,NA,NA,NA,NA,NA,NA,NA,NA,NA,NA,NA,NA,NA,NA,NA,NA,NA,NA,NA,NA,NA,NA,NA,NA,NA,NA,NA,NA,NA,NA,NA,NA,Drinking Self-Efficacy Questionnaire,DSEQ,Alcohol,35,Unknown,NA,NA,Exclude,Too many items,1,NA,NA,NA,NA,NA,NA,NA,NA,NA,NA
64,DRINKING STYLES QUESTIONNAIRE,Drinking Styles Questionnaire,DSQ,Alcohol,NA,186,NA,NA,NA,NA,NA,NA,NA,NA,NA,NA,NA,NA,NA,NA,NA,NA,NA,NA,NA,NA,NA,NA,NA,NA,NA,NA,NA,NA,NA,NA,NA,NA,NA,NA,NA,NA,NA,NA,NA,NA,NA,NA,NA,NA,NA,NA,NA,NA,NA,NA,NA,NA,NA,NA,NA,NA,NA,NA,NA,NA,NA,NA,Drinking Styles Questionnaire,DSQ,Alcohol,27,Unknown,NA,NA,Exclude,Too many items,1,NA,NA,NA,NA,NA,NA,NA,NA,NA,NA
65,DRINKING-RELATED LOCUS-OF-CONTROL SCALE,Drinking-Related Locus-of-Control Scale,DRIE,Alcohol,NA,31,214,350,NA,NA,NA,NA,NA,NA,NA,NA,NA,NA,NA,NA,NA,NA,NA,NA,NA,NA,NA,NA,NA,NA,NA,NA,NA,NA,NA,NA,NA,NA,NA,NA,NA,NA,NA,NA,NA,NA,NA,NA,NA,NA,NA,NA,NA,NA,NA,NA,NA,NA,NA,NA,NA,NA,NA,NA,NA,NA,NA,NA,Drinking-Related Locus-of-Control Scale,DRIE,Alcohol,25,Yes,Print-ready,https://www.drugsandalcohol.ie/26771/1/Drinking_Related_Internal_External_Locus_of_Control_Scale_103.pdf,Include,NA,1,"Keyson & Janda, n.d.",Drinking-Related Locus-of-Control Scale,Alcohol,"Expectancies, Self-Efficacy",Adequate,Excellent,Good,NA,"CONCUR, DIVERG, DISCRIM",NA
66,ETHANOL DEPENDENCE SYNDROME SCALE,Ethanol Dependence Syndrome Scale,EDS,Alcohol,NA,122,NA,NA,NA,NA,NA,NA,NA,NA,NA,NA,NA,NA,NA,NA,NA,NA,NA,NA,NA,NA,NA,NA,NA,NA,NA,NA,NA,NA,NA,NA,NA,NA,NA,NA,NA,NA,NA,NA,NA,NA,NA,NA,NA,NA,NA,NA,NA,NA,NA,NA,NA,NA,NA,NA,NA,NA,NA,NA,NA,NA,NA,NA,Ethanol Dependence Syndrome Scale,EDS,Alcohol,16,No, ,https://pubs.niaaa.nih.gov/publications/AssessingAlcohol/InstrumentPDFs/33_EDS.pdf,Exclude,Copyright,1,NA,NA,NA,NA,NA,NA,NA,NA,NA,NA
67,EXPECTANCY QUESTIONNAIRE SHORT FORM,Expectancy Questionnaire Short Form,EQ-SF,Alcohol,NA,253,NA,NA,NA,NA,NA,NA,NA,NA,NA,NA,NA,NA,NA,NA,NA,NA,NA,NA,NA,NA,NA,NA,NA,NA,NA,NA,NA,NA,NA,NA,NA,NA,NA,NA,NA,NA,NA,NA,NA,NA,NA,NA,NA,NA,NA,NA,NA,NA,NA,NA,NA,NA,NA,NA,NA,NA,NA,NA,NA,NA,NA,NA,Expectancy Questionnaire Short Form,EQ-SF,Alcohol,34,Unknown,NA,NA,Exclude,Too many items,1,NA,NA,NA,NA,NA,NA,NA,NA,NA,NA
68,FAST ALCOHOL SCREENING TEST,Fast Alcohol Screening Test,FAST,Alcohol,NA,93,517,NA,NA,NA,NA,NA,NA,NA,NA,NA,NA,NA,NA,NA,NA,NA,NA,NA,NA,NA,NA,NA,NA,NA,NA,NA,NA,NA,NA,NA,NA,NA,NA,NA,NA,NA,NA,NA,NA,NA,NA,NA,NA,NA,NA,NA,NA,NA,NA,NA,NA,NA,NA,NA,NA,NA,NA,NA,NA,NA,NA,NA,Fast Alcohol Screening Test,FAST,Alcohol,4,Yes,Print-ready,https://www.mandevillesurgery.co.uk/wp-content/uploads/2019/12/Fast-Alcohol-Screening-Test.pdf,Include,NA,1,"Hodgson et al., 2002",Fast Alcohol Screening Test,Alcohol,Use,Good,Good,Excellent,Good,"CONCUR, DIVERG, PREDICT",Not applicable
69,HAZARDOUS DRINKING INDEX,Hazardous Drinking Index, ,Alcohol,NA,262,NA,NA,NA,NA,NA,NA,NA,NA,NA,NA,NA,NA,NA,NA,NA,NA,NA,NA,NA,NA,NA,NA,NA,NA,NA,NA,NA,NA,NA,NA,NA,NA,NA,NA,NA,NA,NA,NA,NA,NA,NA,NA,NA,NA,NA,NA,NA,NA,NA,NA,NA,NA,NA,NA,NA,NA,NA,NA,NA,NA,NA,NA,Hazardous Drinking Index, ,Alcohol,13,No, , ,Exclude,Not found,1,NA,NA,NA,NA,NA,NA,NA,NA,NA,NA
70,IMPAIRED CONTROL SCALE,Impaired Control Scale,ICS,Alcohol,NA,467,NA,NA,NA,NA,NA,NA,NA,NA,NA,NA,NA,NA,NA,NA,NA,NA,NA,NA,NA,NA,NA,NA,NA,NA,NA,NA,NA,NA,NA,NA,NA,NA,NA,NA,NA,NA,NA,NA,NA,NA,NA,NA,NA,NA,NA,NA,NA,NA,NA,NA,NA,NA,NA,NA,NA,NA,NA,NA,NA,NA,NA,NA,Impaired Control Scale,ICS,Alcohol,25,Yes,Print-ready,https://adai.uw.edu/instruments/pdf/Impaired_Control_Scale_134.pdf,Exclude,Copyright,1,NA,NA,NA,NA,NA,NA,NA,NA,NA,NA
71,IMPAIRED RESPONSE INHIBITION SCALE FOR ALCOHOLISM,Impaired Response Inhibition Scale for Alcoholism,IRISA,Alcohol,NA,32,NA,NA,NA,NA,NA,NA,NA,NA,NA,NA,NA,NA,NA,NA,NA,NA,NA,NA,NA,NA,NA,NA,NA,NA,NA,NA,NA,NA,NA,NA,NA,NA,NA,NA,NA,NA,NA,NA,NA,NA,NA,NA,NA,NA,NA,NA,NA,NA,NA,NA,NA,NA,NA,NA,NA,NA,NA,NA,NA,NA,NA,NA,Impaired Response Inhibition Scale for Alcoholism,IRISA,Alcohol,28,Unknown,NA,NA,Exclude,Too many items,1,NA,NA,NA,NA,NA,NA,NA,NA,NA,NA
72,INVENTORY OF DRINKING SITUATIONS,Inventory of Drinking Situations,IDS,Alcohol,NA,124,217,471,478,33,619,NA,NA,NA,NA,NA,NA,NA,NA,NA,NA,NA,NA,NA,NA,NA,NA,NA,NA,NA,NA,NA,NA,NA,NA,NA,NA,NA,NA,NA,NA,NA,NA,NA,NA,NA,NA,NA,NA,NA,NA,NA,NA,NA,NA,NA,NA,NA,NA,NA,NA,NA,NA,NA,NA,NA,NA,NA,Inventory of Drinking Situations,IDS,Alcohol,42,Unknown,NA,NA,Exclude,Too many items,1,NA,NA,NA,NA,NA,NA,NA,NA,NA,NA
73,JELLINEK ALCOHOL CRAVING QUESTIONNAIRE,Jellinek Alcohol Craving Questionnaire,JACQ,Alcohol,NA,294,NA,NA,NA,NA,NA,NA,NA,NA,NA,NA,NA,NA,NA,NA,NA,NA,NA,NA,NA,NA,NA,NA,NA,NA,NA,NA,NA,NA,NA,NA,NA,NA,NA,NA,NA,NA,NA,NA,NA,NA,NA,NA,NA,NA,NA,NA,NA,NA,NA,NA,NA,NA,NA,NA,NA,NA,NA,NA,NA,NA,NA,NA,Jellinek Alcohol Craving Questionnaire,JACQ,Alcohol,24,No, , ,Exclude,Not found,1,NA,NA,NA,NA,NA,NA,NA,NA,NA,NA
74,KHAVARI ALCOHOL TEST,Khavari Alcohol Test,KAT,Alcohol,NA,194,202,NA,NA,NA,NA,NA,NA,NA,NA,NA,NA,NA,NA,NA,NA,NA,NA,NA,NA,NA,NA,NA,NA,NA,NA,NA,NA,NA,NA,NA,NA,NA,NA,NA,NA,NA,NA,NA,NA,NA,NA,NA,NA,NA,NA,NA,NA,NA,NA,NA,NA,NA,NA,NA,NA,NA,NA,NA,NA,NA,NA,NA,Khavari Alcohol Test,KAT,Alcohol,12,No, , ,Exclude,Not found,1,NA,NA,NA,NA,NA,NA,NA,NA,NA,NA
75,MACANDREW ALCOHOLISM SCALE,MacAndrew Alcoholism scale,MAC,Alcohol,NA,774,652,594,806,623,505,NA,NA,NA,NA,NA,NA,NA,NA,NA,NA,NA,NA,NA,NA,NA,NA,NA,NA,NA,NA,NA,NA,NA,NA,NA,NA,NA,NA,NA,NA,NA,NA,NA,NA,NA,NA,NA,NA,NA,NA,NA,NA,NA,NA,NA,NA,NA,NA,NA,NA,NA,NA,NA,NA,NA,NA,NA,MacAndrew Alcoholism scale,MAC,Alcohol,49,Unknown,NA,NA,Exclude,Too many items,1,NA,NA,NA,NA,NA,NA,NA,NA,NA,NA
76,MACANDREW ALCOHOLISM SCALE - REVISED,MacAndrew Alcoholism Scale - Revised,MAC-R,Alcohol,NA,638,NA,NA,NA,NA,NA,NA,NA,NA,NA,NA,NA,NA,NA,NA,NA,NA,NA,NA,NA,NA,NA,NA,NA,NA,NA,NA,NA,NA,NA,NA,NA,NA,NA,NA,NA,NA,NA,NA,NA,NA,NA,NA,NA,NA,NA,NA,NA,NA,NA,NA,NA,NA,NA,NA,NA,NA,NA,NA,NA,NA,NA,NA,MacAndrew Alcoholism Scale - Revised,MAC-R,Alcohol,49,Unknown,NA,NA,Exclude,Too many items,1,NA,NA,NA,NA,NA,NA,NA,NA,NA,NA
77,MICHIGAN ALCOHOL SCREENING TEST,Michigan Alcohol Screening Test,MAST,Alcohol,NA,79,146,429,628,776,33,211,594,665,806,623,203,456,NA,NA,NA,NA,NA,NA,NA,NA,NA,NA,NA,NA,NA,NA,NA,NA,NA,NA,NA,NA,NA,NA,NA,NA,NA,NA,NA,NA,NA,NA,NA,NA,NA,NA,NA,NA,NA,NA,NA,NA,NA,NA,NA,NA,NA,NA,NA,NA,NA,NA,Michigan Alcohol Screening Test,MAST,Alcohol,25,Yes,Print-ready,https://americanaddictioncenters.org/alcoholism-treatment/mast-alcohol-assessment-test,Include,NA,1,"Selzer, 1971",Michigan Alcohol Screening Test,Alcohol,Use,Excellent,Good,Excellent,Good,"CONVERG, DIVERG",Not applicable
78,MINI ALCOHOL CRAVING EXPERIENCE QUESTIONNAIRE,Mini Alcohol Craving Experience Questionnaire, ,Alcohol,NA,396,NA,NA,NA,NA,NA,NA,NA,NA,NA,NA,NA,NA,NA,NA,NA,NA,NA,NA,NA,NA,NA,NA,NA,NA,NA,NA,NA,NA,NA,NA,NA,NA,NA,NA,NA,NA,NA,NA,NA,NA,NA,NA,NA,NA,NA,NA,NA,NA,NA,NA,NA,NA,NA,NA,NA,NA,NA,NA,NA,NA,NA,NA,Mini Alcohol Craving Experience Questionnaire, ,Alcohol,22,No, , ,Exclude,Not found,1,NA,NA,NA,NA,NA,NA,NA,NA,NA,NA
79,MODIFIED DRINKING MOTIVES QUESTIONNAIRE- REVISED,Modified Drinking Motives Questionnaire- Revised,MDMQ-R,Alcohol,NA,310,NA,NA,NA,NA,NA,NA,NA,NA,NA,NA,NA,NA,NA,NA,NA,NA,NA,NA,NA,NA,NA,NA,NA,NA,NA,NA,NA,NA,NA,NA,NA,NA,NA,NA,NA,NA,NA,NA,NA,NA,NA,NA,NA,NA,NA,NA,NA,NA,NA,NA,NA,NA,NA,NA,NA,NA,NA,NA,NA,NA,NA,NA,Modified Drinking Motives Questionnaire- Revised,MDMQ-R,Alcohol,28,Unknown,NA,NA,Exclude,Too many items,1,NA,NA,NA,NA,NA,NA,NA,NA,NA,NA
80,NATIONAL INSTITUTE OF ALCOHOL ABUSE AND ALCOHOLISM 2-QUESTION SCREEN,National Institute of Alcohol Abuse and Alcoholism 2-question screen, ,Alcohol,NA,145,NA,NA,NA,NA,NA,NA,NA,NA,NA,NA,NA,NA,NA,NA,NA,NA,NA,NA,NA,NA,NA,NA,NA,NA,NA,NA,NA,NA,NA,NA,NA,NA,NA,NA,NA,NA,NA,NA,NA,NA,NA,NA,NA,NA,NA,NA,NA,NA,NA,NA,NA,NA,NA,NA,NA,NA,NA,NA,NA,NA,NA,NA,National Institute of Alcohol Abuse and Alcoholism 2-question screen, ,Alcohol,2,No, , ,Exclude,Not found,1,NA,NA,NA,NA,NA,NA,NA,NA,NA,NA
81,NEGATIVE ALCOHOL METACOGNITIONS SCALE,Negative Alcohol Metacognitions Scale,NAMS,Alcohol,NA,103,72,NA,NA,NA,NA,NA,NA,NA,NA,NA,NA,NA,NA,NA,NA,NA,NA,NA,NA,NA,NA,NA,NA,NA,NA,NA,NA,NA,NA,NA,NA,NA,NA,NA,NA,NA,NA,NA,NA,NA,NA,NA,NA,NA,NA,NA,NA,NA,NA,NA,NA,NA,NA,NA,NA,NA,NA,NA,NA,NA,NA,NA,Negative Alcohol Metacognitions Scale,NAMS,Alcohol,6,No, , ,Exclude,Not found,1,NA,NA,NA,NA,NA,NA,NA,NA,NA,NA
82,OBSESSIVE-COMPULSIVE DRINKING SCALE,Obsessive-Compulsive Drinking Scale,OCDS,Alcohol,NA,32,50,319,479,496,90,199,294,NA,NA,NA,NA,NA,NA,NA,NA,NA,NA,NA,NA,NA,NA,NA,NA,NA,NA,NA,NA,NA,NA,NA,NA,NA,NA,NA,NA,NA,NA,NA,NA,NA,NA,NA,NA,NA,NA,NA,NA,NA,NA,NA,NA,NA,NA,NA,NA,NA,NA,NA,NA,NA,NA,NA,Obsessive-Compulsive Drinking Scale,OCDS,Alcohol,14,Yes,Needs formatting,https://www.researchgate.net/publication/232421394_The_Obsessive_Compulsive_Drinking_Scale_Translation_into_Dutch_and_Possible_Modifications/link/5b30ca050f7e9b0df5c7507d/download,Exclude,Copyright,1,NA,NA,NA,NA,NA,NA,NA,NA,NA,NA
83,PENN ALCOHOL CRAVING SCALE,Penn Alcohol Craving Scale,PACS,Alcohol,NA,140,520,778,821,294,NA,NA,NA,NA,NA,NA,NA,NA,NA,NA,NA,NA,NA,NA,NA,NA,NA,NA,NA,NA,NA,NA,NA,NA,NA,NA,NA,NA,NA,NA,NA,NA,NA,NA,NA,NA,NA,NA,NA,NA,NA,NA,NA,NA,NA,NA,NA,NA,NA,NA,NA,NA,NA,NA,NA,NA,NA,NA,Penn Alcohol Craving Scale,PACS,Alcohol,5,Yes,Print-ready,https://adai.uw.edu/instruments/pdf/Penn_Alcohol_Craving_Scale_171.pdf,Exclude,Copyright,1,NA,NA,NA,NA,NA,NA,NA,NA,NA,NA
84,PERCEPTIONS OF DRINKING SCALE,Perceptions of Drinking Scale,PODS,Alcohol,NA,48,NA,NA,NA,NA,NA,NA,NA,NA,NA,NA,NA,NA,NA,NA,NA,NA,NA,NA,NA,NA,NA,NA,NA,NA,NA,NA,NA,NA,NA,NA,NA,NA,NA,NA,NA,NA,NA,NA,NA,NA,NA,NA,NA,NA,NA,NA,NA,NA,NA,NA,NA,NA,NA,NA,NA,NA,NA,NA,NA,NA,NA,NA,Perceptions of Drinking Scale,PODS,Alcohol,17,No, , ,Exclude,Not found,1,NA,NA,NA,NA,NA,NA,NA,NA,NA,NA
85,POSITIVE ALCOHOL METACOGNITIONS SCALE,Positive Alcohol Metacognitions Scale,PAMS,Alcohol,NA,103,72,NA,NA,NA,NA,NA,NA,NA,NA,NA,NA,NA,NA,NA,NA,NA,NA,NA,NA,NA,NA,NA,NA,NA,NA,NA,NA,NA,NA,NA,NA,NA,NA,NA,NA,NA,NA,NA,NA,NA,NA,NA,NA,NA,NA,NA,NA,NA,NA,NA,NA,NA,NA,NA,NA,NA,NA,NA,NA,NA,NA,NA,Positive Alcohol Metacognitions Scale,PAMS,Alcohol,15,No, , ,Exclude,Not found,1,NA,NA,NA,NA,NA,NA,NA,NA,NA,NA
86,PREOCCUPATION WITH ALCOHOL SCALE,Preoccupation with Alcohol Scale,PAS,Alcohol,NA,294,NA,NA,NA,NA,NA,NA,NA,NA,NA,NA,NA,NA,NA,NA,NA,NA,NA,NA,NA,NA,NA,NA,NA,NA,NA,NA,NA,NA,NA,NA,NA,NA,NA,NA,NA,NA,NA,NA,NA,NA,NA,NA,NA,NA,NA,NA,NA,NA,NA,NA,NA,NA,NA,NA,NA,NA,NA,NA,NA,NA,NA,NA,Preoccupation with Alcohol Scale,PAS,Alcohol,14,No, , ,Exclude,Not found,1,NA,NA,NA,NA,NA,NA,NA,NA,NA,NA
87,QUALITY INVENTORY OF ALCOHOL DISORDER,Quality Inventory of Alcohol Disorder,QIAD,Alcohol,NA,512,NA,NA,NA,NA,NA,NA,NA,NA,NA,NA,NA,NA,NA,NA,NA,NA,NA,NA,NA,NA,NA,NA,NA,NA,NA,NA,NA,NA,NA,NA,NA,NA,NA,NA,NA,NA,NA,NA,NA,NA,NA,NA,NA,NA,NA,NA,NA,NA,NA,NA,NA,NA,NA,NA,NA,NA,NA,NA,NA,NA,NA,NA,Quality Inventory of Alcohol Disorder,QIAD,Alcohol,Unknown,No, , ,Exclude,Not found,1,NA,NA,NA,NA,NA,NA,NA,NA,NA,NA
88,QUITTING TIME FOR ALCOHOL QUESTIONNAIRE,Quitting Time for Alcohol Questionnaire,QTAQ,Alcohol,NA,458,475,NA,NA,NA,NA,NA,NA,NA,NA,NA,NA,NA,NA,NA,NA,NA,NA,NA,NA,NA,NA,NA,NA,NA,NA,NA,NA,NA,NA,NA,NA,NA,NA,NA,NA,NA,NA,NA,NA,NA,NA,NA,NA,NA,NA,NA,NA,NA,NA,NA,NA,NA,NA,NA,NA,NA,NA,NA,NA,NA,NA,NA,Quitting Time for Alcohol Questionnaire,QTAQ,Alcohol,23,Yes,Print-ready,https://adai.uw.edu/instruments/pdf/Quitting_Time_for_Alcohol_Questionnaire_196.pdf,Exclude,Copyright,1,NA,NA,NA,NA,NA,NA,NA,NA,NA,NA
89,RAPID ALCOHOL PROBLEM SCREEN 4,Rapid Alcohol Problem Screen 4,RAPS4,Alcohol,NA,162,338,NA,NA,NA,NA,NA,NA,NA,NA,NA,NA,NA,NA,NA,NA,NA,NA,NA,NA,NA,NA,NA,NA,NA,NA,NA,NA,NA,NA,NA,NA,NA,NA,NA,NA,NA,NA,NA,NA,NA,NA,NA,NA,NA,NA,NA,NA,NA,NA,NA,NA,NA,NA,NA,NA,NA,NA,NA,NA,NA,NA,NA,Rapid Alcohol Problem Screen 4,RAPS4,Alcohol,4,Yes,Print-ready,https://adai.uw.edu/instruments/pdf/Rapid_Alcohol_Problems_Screen_201.pdf,Exclude,No scoring/instructions/interpretation,1,NA,NA,NA,NA,NA,NA,NA,NA,NA,NA
90,RAPID ALCOHOL PROBLEM SCREEN 4 QUANTITY-FREQUENCY,Rapid Alcohol Problem Screen 4 quantity-frequency,RAPS4-QF,Alcohol,NA,162,NA,NA,NA,NA,NA,NA,NA,NA,NA,NA,NA,NA,NA,NA,NA,NA,NA,NA,NA,NA,NA,NA,NA,NA,NA,NA,NA,NA,NA,NA,NA,NA,NA,NA,NA,NA,NA,NA,NA,NA,NA,NA,NA,NA,NA,NA,NA,NA,NA,NA,NA,NA,NA,NA,NA,NA,NA,NA,NA,NA,NA,NA,Rapid Alcohol Problem Screen 4 quantity-frequency,RAPS4-QF,Alcohol,6,Yes,Print-ready,"https://www.unodc.org/ddt-training/treatment/VOLUME%20A/Volume%20A%20-%20Module%201/5.Screening%20and%20Assessment%20Tools,%20Assist/8.RAPS-4.pdf",Exclude,No scoring/instructions/interpretation,1,NA,NA,NA,NA,NA,NA,NA,NA,NA,NA
91,RETROSPECTIVE ASSESSMENTS OF ALCOHOL AND SUBSTANCE USE,Retrospective Assessments of Alcohol and Substance Use,RETROSUB,Alcohol,NA,592,NA,NA,NA,NA,NA,NA,NA,NA,NA,NA,NA,NA,NA,NA,NA,NA,NA,NA,NA,NA,NA,NA,NA,NA,NA,NA,NA,NA,NA,NA,NA,NA,NA,NA,NA,NA,NA,NA,NA,NA,NA,NA,NA,NA,NA,NA,NA,NA,NA,NA,NA,NA,NA,NA,NA,NA,NA,NA,NA,NA,NA,NA,Retrospective Assessments of Alcohol and Substance Use,RETROSUB,Alcohol,44,Unknown,NA,NA,Exclude,Too many items,1,NA,NA,NA,NA,NA,NA,NA,NA,NA,NA
92,RUTGERS ALCOHOL PROBLEM INDEX,Rutgers Alcohol Problem Index,RAPI,Alcohol,NA,96,97,101,108,379,170,177,184,551,139,NA,NA,NA,NA,NA,NA,NA,NA,NA,NA,NA,NA,NA,NA,NA,NA,NA,NA,NA,NA,NA,NA,NA,NA,NA,NA,NA,NA,NA,NA,NA,NA,NA,NA,NA,NA,NA,NA,NA,NA,NA,NA,NA,NA,NA,NA,NA,NA,NA,NA,NA,NA,NA,Rutgers Alcohol Problem Index,RAPI,Alcohol,23,Yes,Print-ready,https://adai.uw.edu/instruments/pdf/Rutgers_Alcohol_Problem_Index_210.pdf,Exclude,No scoring/instructions/interpretation,1,NA,NA,NA,NA,NA,NA,NA,NA,NA,NA
93,SELF-RATING OF THE EFFECTS OF ALCOHOL FORM,Self-Rating of the Effects of Alcohol form,SRE,Alcohol,NA,177,NA,NA,NA,NA,NA,NA,NA,NA,NA,NA,NA,NA,NA,NA,NA,NA,NA,NA,NA,NA,NA,NA,NA,NA,NA,NA,NA,NA,NA,NA,NA,NA,NA,NA,NA,NA,NA,NA,NA,NA,NA,NA,NA,NA,NA,NA,NA,NA,NA,NA,NA,NA,NA,NA,NA,NA,NA,NA,NA,NA,NA,NA,Self-Rating of the Effects of Alcohol form,SRE,Alcohol,12,No,Needs formatting,https://citeseerx.ist.psu.edu/viewdoc/download?doi=10.1.1.375.8313&rep=rep1&type=pdf,Exclude,No scoring/instructions/interpretation,1,NA,NA,NA,NA,NA,NA,NA,NA,NA,NA
94,SEVERITY OF ALCOHOL DEPENDENCE QUESTIONNAIRE,Severity of Alcohol Dependence Questionnaire,SADQ-C,Alcohol,NA,756,NA,NA,NA,NA,NA,NA,NA,NA,NA,NA,NA,NA,NA,NA,NA,NA,NA,NA,NA,NA,NA,NA,NA,NA,NA,NA,NA,NA,NA,NA,NA,NA,NA,NA,NA,NA,NA,NA,NA,NA,NA,NA,NA,NA,NA,NA,NA,NA,NA,NA,NA,NA,NA,NA,NA,NA,NA,NA,NA,NA,NA,NA,Severity of Alcohol Dependence Questionnaire,SADQ,Alcohol,20,Yes,Print-ready,https://www.smartcjs.org.uk/wp-content/uploads/2015/07/SADQ.pdf,Include,NA,1,"Stockwell et al., 1983",Severity of Alcohol Dependence Questionnaire,Alcohol,Severity,Good,Excellent,Excellent,Adequate,"CONCUR, DIVERG",NA
95,SEVERITY OF ALCOHOL DEPENDENCE QUESTIONNAIRE - COMMUNITY SAMPLES,Severity of Alcohol Dependence Questionnaire – Community Samples,SADQ,Alcohol,NA,756,NA,NA,NA,NA,NA,NA,NA,NA,NA,NA,NA,NA,NA,NA,NA,NA,NA,NA,NA,NA,NA,NA,NA,NA,NA,NA,NA,NA,NA,NA,NA,NA,NA,NA,NA,NA,NA,NA,NA,NA,NA,NA,NA,NA,NA,NA,NA,NA,NA,NA,NA,NA,NA,NA,NA,NA,NA,NA,NA,NA,NA,NA,Severity of Alcohol Dependence Questionnaire - Community Samples,SADQ-C,Alcohol,20,Yes,Print-ready,https://www.smartcjs.org.uk/wp-content/uploads/2015/07/SADQ.pdf,Include,NA,1,"Stockwell et al., 1994",Severity of Alcohol Dependence Questionnaire – Community Samples,Alcohol,Severity,Adequate,Good,Good,NA,CONCUR,X
96,SEVERITY SCALE OF ALCOHOL DEPENDENCE,Severity Scale of Alcohol Dependence,SESA,Alcohol,NA,61,NA,NA,NA,NA,NA,NA,NA,NA,NA,NA,NA,NA,NA,NA,NA,NA,NA,NA,NA,NA,NA,NA,NA,NA,NA,NA,NA,NA,NA,NA,NA,NA,NA,NA,NA,NA,NA,NA,NA,NA,NA,NA,NA,NA,NA,NA,NA,NA,NA,NA,NA,NA,NA,NA,NA,NA,NA,NA,NA,NA,NA,NA,Severity Scale of Alcohol Dependence,SESA,Alcohol,28,Unknown,NA,NA,Exclude,Too many items,1,NA,NA,NA,NA,NA,NA,NA,NA,NA,NA
97,SHORT ALCOHOL DEPENDENCE DATA QUESTIONNAIRE,Short Alcohol Dependence Data Questionnaire,SADD,Alcohol,NA,512,467,275,331,520,NA,NA,NA,NA,NA,NA,NA,NA,NA,NA,NA,NA,NA,NA,NA,NA,NA,NA,NA,NA,NA,NA,NA,NA,NA,NA,NA,NA,NA,NA,NA,NA,NA,NA,NA,NA,NA,NA,NA,NA,NA,NA,NA,NA,NA,NA,NA,NA,NA,NA,NA,NA,NA,NA,NA,NA,NA,NA,Short Alcohol Dependence Data Questionnaire,SADD,Alcohol,15,Yes,Print-ready,https://hams.cc/app2/,Include,NA,1,"Raistrick et al., 1983",Short Alcohol Dependence Data Questionnaire,Alcohol,Severity,Good,Excellent,Good,Excellent,"CONCUR, DISCRIM",X
98,SHORT ALCOHOL DEPENDENCE QUESTIONNAIRE,Short Alcohol Dependence Questionnaire,SADQ,Alcohol,NA,38,NA,NA,NA,NA,NA,NA,NA,NA,NA,NA,NA,NA,NA,NA,NA,NA,NA,NA,NA,NA,NA,NA,NA,NA,NA,NA,NA,NA,NA,NA,NA,NA,NA,NA,NA,NA,NA,NA,NA,NA,NA,NA,NA,NA,NA,NA,NA,NA,NA,NA,NA,NA,NA,NA,NA,NA,NA,NA,NA,NA,NA,NA,Short Alcohol Dependence Questionnaire,SADQ,Alcohol,10,No, , ,Exclude,Not found,1,NA,NA,NA,NA,NA,NA,NA,NA,NA,NA
99,SHORT ALCOHOL WITHDRAWAL SCALE,Short Alcohol Withdrawal Scale,SAWS,Alcohol,NA,340,469,NA,NA,NA,NA,NA,NA,NA,NA,NA,NA,NA,NA,NA,NA,NA,NA,NA,NA,NA,NA,NA,NA,NA,NA,NA,NA,NA,NA,NA,NA,NA,NA,NA,NA,NA,NA,NA,NA,NA,NA,NA,NA,NA,NA,NA,NA,NA,NA,NA,NA,NA,NA,NA,NA,NA,NA,NA,NA,NA,NA,NA,Short Alcohol Withdrawal Scale,SAWS,Alcohol,10,Yes,Print-ready,https://doctorfrenz.com/wp-content/uploads/2017/09/short_alcohol_withdrawal_scale.pdf,Include,NA,1,"Gossop et al., 2002",Short Alcohol Withdrawal Scale,Alcohol,Withdrawal,Adequate,Good,Good,NA,CONCUR,NA
100,SHORT INDEX OF PROBLEMS,Short Index of Problems,SIP,Alcohol,NA,66,84,134,144,241,461,560,706,723,538,44,NA,NA,NA,NA,NA,NA,NA,NA,NA,NA,NA,NA,NA,NA,NA,NA,NA,NA,NA,NA,NA,NA,NA,NA,NA,NA,NA,NA,NA,NA,NA,NA,NA,NA,NA,NA,NA,NA,NA,NA,NA,NA,NA,NA,NA,NA,NA,NA,NA,NA,NA,NA,Short Index of Problems,SIP,Alcohol,15,No, , ,Exclude,Measure was replaced with new version,1,NA,NA,NA,NA,NA,NA,NA,NA,NA,NA
101,SHORT INVENTORY OF PROBLEMS-ALCOHOL AND DRUGS,Short Inventory of Problems-Alcohol and Drugs,SIP-AD,Alcohol,NA,348,NA,NA,NA,NA,NA,NA,NA,NA,NA,NA,NA,NA,NA,NA,NA,NA,NA,NA,NA,NA,NA,NA,NA,NA,NA,NA,NA,NA,NA,NA,NA,NA,NA,NA,NA,NA,NA,NA,NA,NA,NA,NA,NA,NA,NA,NA,NA,NA,NA,NA,NA,NA,NA,NA,NA,NA,NA,NA,NA,NA,NA,NA,Short Inventory of Problems-Alcohol and Drugs,SIP-AD,Alcohol,13,No, , ,Exclude,Not found,1,NA,NA,NA,NA,NA,NA,NA,NA,NA,NA
102,SHORT MICHIGAN ALCOHOL SCREENING TEST,Short Michigan Alcohol Screening Test,SMAST,Alcohol,NA,240,305,542,326,33,516,727,738,NA,NA,NA,NA,NA,NA,NA,NA,NA,NA,NA,NA,NA,NA,NA,NA,NA,NA,NA,NA,NA,NA,NA,NA,NA,NA,NA,NA,NA,NA,NA,NA,NA,NA,NA,NA,NA,NA,NA,NA,NA,NA,NA,NA,NA,NA,NA,NA,NA,NA,NA,NA,NA,NA,NA,Short Michigan Alcohol Screening Test,SMAST,Alcohol,10,Yes,Print-ready,https://hopequestgroup.org/wp-content/uploads/2011/09/SMAST-Short-Michigan-Alcohol-Screening-Test.pdf,Include,NA,1,"Selzer et al., 1975",Short Michigan Alcohol Screening Test,Alcohol,Use,Good,Good,Good,Good,"CONCUR, CONVERG, DIVERG, DISCRIM",Not applicable
103,SHORTENED DESIRES FOR ALCOHOL QUESTIONNAIRE,Shortened Desires for Alcohol Questionnaire,Shortened-DAQ,Alcohol,NA,259,NA,NA,NA,NA,NA,NA,NA,NA,NA,NA,NA,NA,NA,NA,NA,NA,NA,NA,NA,NA,NA,NA,NA,NA,NA,NA,NA,NA,NA,NA,NA,NA,NA,NA,NA,NA,NA,NA,NA,NA,NA,NA,NA,NA,NA,NA,NA,NA,NA,NA,NA,NA,NA,NA,NA,NA,NA,NA,NA,NA,NA,NA,Shortened Desires for Alcohol Questionnaire,Shortened-DAQ,Alcohol,15,No, , ,Exclude,Not found,1,NA,NA,NA,NA,NA,NA,NA,NA,NA,NA
104,STAGES OF CHANGE FOR DRINKING SCALES,Stages of Change for Drinking Scales,SCD,Alcohol,NA,214,NA,NA,NA,NA,NA,NA,NA,NA,NA,NA,NA,NA,NA,NA,NA,NA,NA,NA,NA,NA,NA,NA,NA,NA,NA,NA,NA,NA,NA,NA,NA,NA,NA,NA,NA,NA,NA,NA,NA,NA,NA,NA,NA,NA,NA,NA,NA,NA,NA,NA,NA,NA,NA,NA,NA,NA,NA,NA,NA,NA,NA,NA,Stages of Change for Drinking Scales,SCD,Alcohol,19,No, , ,Exclude,Measure was replaced with new version,1,NA,NA,NA,NA,NA,NA,NA,NA,NA,NA
105,"TOLERANCE, WORRY ABOUT DRINKING, EYE-OPENER, AMNESIA, CUT DOWN ON DRINKING","Tolerance, Worry about drinking, Eye-opener, Amnesia, Cut down on drinking",TWEAK,Alcohol,NA,338,517,590,211,NA,NA,NA,NA,NA,NA,NA,NA,NA,NA,NA,NA,NA,NA,NA,NA,NA,NA,NA,NA,NA,NA,NA,NA,NA,NA,NA,NA,NA,NA,NA,NA,NA,NA,NA,NA,NA,NA,NA,NA,NA,NA,NA,NA,NA,NA,NA,NA,NA,NA,NA,NA,NA,NA,NA,NA,NA,NA,NA,"Tolerance, Worry about drinking, Eye-opener, Amnesia, Cut down on drinking",TWEAK,Alcohol,5,Yes,Print-ready,http://www.mqic.org/pdf/TWEAK.pdf,Exclude,Insufficient psychometric data,1,NA,NA,NA,NA,NA,NA,NA,NA,NA,NA
106,UNDERSTANDING OF ALCOHOLISM SCALE,Understanding of Alcoholism Scale,UAS,Alcohol,NA,23,NA,NA,NA,NA,NA,NA,NA,NA,NA,NA,NA,NA,NA,NA,NA,NA,NA,NA,NA,NA,NA,NA,NA,NA,NA,NA,NA,NA,NA,NA,NA,NA,NA,NA,NA,NA,NA,NA,NA,NA,NA,NA,NA,NA,NA,NA,NA,NA,NA,NA,NA,NA,NA,NA,NA,NA,NA,NA,NA,NA,NA,NA,Understanding of Alcoholism Scale,UAS,Alcohol,32,Unknown,NA,NA,Exclude,Too many items,1,NA,NA,NA,NA,NA,NA,NA,NA,NA,NA
107,YOUNG ADULT ALCOHOL CONSEQUENCES QUESTIONNAIRE,Young Adult Alcohol Consequences Questionnaire,YAACQ,Alcohol,NA,48,149,562,148,NA,NA,NA,NA,NA,NA,NA,NA,NA,NA,NA,NA,NA,NA,NA,NA,NA,NA,NA,NA,NA,NA,NA,NA,NA,NA,NA,NA,NA,NA,NA,NA,NA,NA,NA,NA,NA,NA,NA,NA,NA,NA,NA,NA,NA,NA,NA,NA,NA,NA,NA,NA,NA,NA,NA,NA,NA,NA,NA,Young Adult Alcohol Consequences Questionnaire,YAACQ,Alcohol,67,Unknown,NA,NA,Exclude,Too many items,1,NA,NA,NA,NA,NA,NA,NA,NA,NA,NA
108,YOUNG ADULT ALCOHOL PROBLEMS SCREENING TEST,Young Adult Alcohol Problems Screening Test,YAAPST,Alcohol,NA,218,NA,NA,NA,NA,NA,NA,NA,NA,NA,NA,NA,NA,NA,NA,NA,NA,NA,NA,NA,NA,NA,NA,NA,NA,NA,NA,NA,NA,NA,NA,NA,NA,NA,NA,NA,NA,NA,NA,NA,NA,NA,NA,NA,NA,NA,NA,NA,NA,NA,NA,NA,NA,NA,NA,NA,NA,NA,NA,NA,NA,NA,NA,Young Adult Alcohol Problems Screening Test,YAAPST,Alcohol,75,Unknown,NA,NA,Exclude,Too many items,1,NA,NA,NA,NA,NA,NA,NA,NA,NA,NA
109,ACCEPTANCE OF AN ALCOHOLIC IDENTITY INSTRUMENT,Acceptance of an Alcoholic Identity Instrument,AAII,Alcohol,NA,36,NA,NA,NA,NA,NA,NA,NA,NA,NA,NA,NA,NA,NA,NA,NA,NA,NA,NA,NA,NA,NA,NA,NA,NA,NA,NA,NA,NA,NA,NA,NA,NA,NA,NA,NA,NA,NA,NA,NA,NA,NA,NA,NA,NA,NA,NA,NA,NA,NA,NA,NA,NA,NA,NA,NA,NA,NA,NA,NA,NA,NA,NA,Acceptance of an Alcoholic Identity Instrument,AAII,Alcohol,51,Unknown,NA,NA,Exclude,Too many items,1,NA,NA,NA,NA,NA,NA,NA,NA,NA,NA
110,ALCOHOL ABUSE COPING RESPONSE INVENTORY,Alcohol Abuse Coping Response Inventory,AACRI,Alcohol,NA,38,NA,NA,NA,NA,NA,NA,NA,NA,NA,NA,NA,NA,NA,NA,NA,NA,NA,NA,NA,NA,NA,NA,NA,NA,NA,NA,NA,NA,NA,NA,NA,NA,NA,NA,NA,NA,NA,NA,NA,NA,NA,NA,NA,NA,NA,NA,NA,NA,NA,NA,NA,NA,NA,NA,NA,NA,NA,NA,NA,NA,NA,NA,Alcohol Abuse Coping Response Inventory,AACRI,Alcohol,51,Unknown,NA,NA,Exclude,Too many items,1,NA,NA,NA,NA,NA,NA,NA,NA,NA,NA
111,ALCOHOL ABUSE COPING RESPONSE INVENTORY,Alcohol Abuse Coping Response Inventory,AACRI,Alcohol,NA,38,NA,NA,NA,NA,NA,NA,NA,NA,NA,NA,NA,NA,NA,NA,NA,NA,NA,NA,NA,NA,NA,NA,NA,NA,NA,NA,NA,NA,NA,NA,NA,NA,NA,NA,NA,NA,NA,NA,NA,NA,NA,NA,NA,NA,NA,NA,NA,NA,NA,NA,NA,NA,NA,NA,NA,NA,NA,NA,NA,NA,NA,NA,Alcohol Abuse Coping Response Inventory,AACRI,Alcohol,51,Unknown,NA,NA,Exclude,Too many items,1,NA,NA,NA,NA,NA,NA,NA,NA,NA,NA
112,ALCOHOL AND DRUG CONFRONTATION SCALE,Alcohol and Drug Confrontation Scale,ADCS,Alcohol,NA,27,NA,NA,NA,NA,NA,NA,NA,NA,NA,NA,NA,NA,NA,NA,NA,NA,NA,NA,NA,NA,NA,NA,NA,NA,NA,NA,NA,NA,NA,NA,NA,NA,NA,NA,NA,NA,NA,NA,NA,NA,NA,NA,NA,NA,NA,NA,NA,NA,NA,NA,NA,NA,NA,NA,NA,NA,NA,NA,NA,NA,NA,NA,Alcohol and Drug Confrontation Scale,ADCS,Alcohol,90,Unknown,NA,NA,Exclude,Too many items,1,NA,NA,NA,NA,NA,NA,NA,NA,NA,NA
113,ALCOHOL EXPECTANCY QUESTIONNAIRE,Alcohol Expectancy Questionnaire,AEQ,Alcohol,NA,70,118,186,217,462,125,124,NA,NA,NA,NA,NA,NA,NA,NA,NA,NA,NA,NA,NA,NA,NA,NA,NA,NA,NA,NA,NA,NA,NA,NA,NA,NA,NA,NA,NA,NA,NA,NA,NA,NA,NA,NA,NA,NA,NA,NA,NA,NA,NA,NA,NA,NA,NA,NA,NA,NA,NA,NA,NA,NA,NA,NA,Alcohol Expectancy Questionnaire,AEQ,Alcohol,100,Unknown,NA,NA,Exclude,Too many items,1,NA,NA,NA,NA,NA,NA,NA,NA,NA,NA
114,ALCOHOL EXPECTANCY QUESTIONNAIRE - ADOLESCENT VERSION,Alcohol Expectancy Questionnaire - Adolescent version,AEQ-A,Alcohol,NA,780,118,NA,NA,NA,NA,NA,NA,NA,NA,NA,NA,NA,NA,NA,NA,NA,NA,NA,NA,NA,NA,NA,NA,NA,NA,NA,NA,NA,NA,NA,NA,NA,NA,NA,NA,NA,NA,NA,NA,NA,NA,NA,NA,NA,NA,NA,NA,NA,NA,NA,NA,NA,NA,NA,NA,NA,NA,NA,NA,NA,NA,NA,Alcohol Expectancy Questionnaire - Adolescent version,AEQ-A,Alcohol,55,Unknown,NA,NA,Exclude,Too many items,1,NA,NA,NA,NA,NA,NA,NA,NA,NA,NA
115,AMSTERDAM MOTIVES FOR DRINKING SCALE,Amsterdam Motives for Drinking Scale,AMDS,Alcohol,NA,109,NA,NA,NA,NA,NA,NA,NA,NA,NA,NA,NA,NA,NA,NA,NA,NA,NA,NA,NA,NA,NA,NA,NA,NA,NA,NA,NA,NA,NA,NA,NA,NA,NA,NA,NA,NA,NA,NA,NA,NA,NA,NA,NA,NA,NA,NA,NA,NA,NA,NA,NA,NA,NA,NA,NA,NA,NA,NA,NA,NA,NA,NA,Amsterdam Motives for Drinking Scale,AMDS,Alcohol,53,Unknown,NA,NA,Exclude,Too many items,1,NA,NA,NA,NA,NA,NA,NA,NA,NA,NA
116,DRINKING PATTERNS QUESTIONNAIRE,Drinking Patterns Questionnaire,DPQ,Alcohol,NA,545,550,NA,NA,NA,NA,NA,NA,NA,NA,NA,NA,NA,NA,NA,NA,NA,NA,NA,NA,NA,NA,NA,NA,NA,NA,NA,NA,NA,NA,NA,NA,NA,NA,NA,NA,NA,NA,NA,NA,NA,NA,NA,NA,NA,NA,NA,NA,NA,NA,NA,NA,NA,NA,NA,NA,NA,NA,NA,NA,NA,NA,NA,Drinking Patterns Questionnaire,DPQ,Alcohol,149,Unknown,NA,NA,Exclude,Too many items,1,NA,NA,NA,NA,NA,NA,NA,NA,NA,NA
117,INVENTORY OF DRINKING SITUATIONS,Inventory of Drinking Situations,IDS,Alcohol,NA,124,217,471,478,33,619,NA,NA,NA,NA,NA,NA,NA,NA,NA,NA,NA,NA,NA,NA,NA,NA,NA,NA,NA,NA,NA,NA,NA,NA,NA,NA,NA,NA,NA,NA,NA,NA,NA,NA,NA,NA,NA,NA,NA,NA,NA,NA,NA,NA,NA,NA,NA,NA,NA,NA,NA,NA,NA,NA,NA,NA,NA,Inventory of Drinking Situations,IDS,Alcohol,42,Unknown,NA,NA,Exclude,Too many items,1,NA,NA,NA,NA,NA,NA,NA,NA,NA,NA
118,NOTEWORTHY ASPECTS OF DRINKING IMPORTANT TO RECOVERY,Noteworthy Aspects of Drinking Important to Recovery,NADIR,Alcohol,NA,7,NA,NA,NA,NA,NA,NA,NA,NA,NA,NA,NA,NA,NA,NA,NA,NA,NA,NA,NA,NA,NA,NA,NA,NA,NA,NA,NA,NA,NA,NA,NA,NA,NA,NA,NA,NA,NA,NA,NA,NA,NA,NA,NA,NA,NA,NA,NA,NA,NA,NA,NA,NA,NA,NA,NA,NA,NA,NA,NA,NA,NA,NA,Noteworthy Aspects of Drinking Important to Recovery,NADIR,Alcohol,230,Unknown,NA,NA,Exclude,Too many items,1,NA,NA,NA,NA,NA,NA,NA,NA,NA,NA
119,YOUNG ADULT ALCOHOL PROBLEMS SCREENING TEST,Young Adult Alcohol Problems Screening Test,YAAPST,Alcohol,NA,218,NA,NA,NA,NA,NA,NA,NA,NA,NA,NA,NA,NA,NA,NA,NA,NA,NA,NA,NA,NA,NA,NA,NA,NA,NA,NA,NA,NA,NA,NA,NA,NA,NA,NA,NA,NA,NA,NA,NA,NA,NA,NA,NA,NA,NA,NA,NA,NA,NA,NA,NA,NA,NA,NA,NA,NA,NA,NA,NA,NA,NA,NA,Young Adult Alcohol Problems Screening Test,YAAPST,Alcohol,75,Unknown,NA,NA,Exclude,Too many items,1,NA,NA,NA,NA,NA,NA,NA,NA,NA,NA
120,SIMULTANEOUS ALCOHOL & TOBACCO EXPECTANCY QUESTIONNAIRE,Simultaneous Alcohol & Tobacco Expectancy Questionnaire,SAT-EQ,Multi-substance,NA,85,NA,NA,NA,NA,NA,NA,NA,NA,NA,NA,NA,NA,NA,NA,NA,NA,NA,NA,NA,NA,NA,NA,NA,NA,NA,NA,NA,NA,NA,NA,NA,NA,NA,NA,NA,NA,NA,NA,NA,NA,NA,NA,NA,NA,NA,NA,NA,NA,NA,NA,NA,NA,NA,NA,NA,NA,NA,NA,NA,NA,NA,NA,Simultaneous Alcohol & Tobacco Expectancy Questionnaire,SAT-EQ,Multi-substance,1,No, , ,Exclude,Not found,1,NA,NA,NA,NA,NA,NA,NA,NA,NA,NA
121,BENZODIAZEPINE CRAVING QUESTIONNAIRE,Benzodiazepine Craving Questionnaire,BCQ,Benzodiazepine,NA,606,269,294,NA,NA,NA,NA,NA,NA,NA,NA,NA,NA,NA,NA,NA,NA,NA,NA,NA,NA,NA,NA,NA,NA,NA,NA,NA,NA,NA,NA,NA,NA,NA,NA,NA,NA,NA,NA,NA,NA,NA,NA,NA,NA,NA,NA,NA,NA,NA,NA,NA,NA,NA,NA,NA,NA,NA,NA,NA,NA,NA,NA,Benzodiazepine Craving Questionnaire,BCQ,Benzodiazepine,32,No, , ,Exclude,Too many items,1,NA,NA,NA,NA,NA,NA,NA,NA,NA,NA
122,BENZODIAZEPINE DEPENDENCE QUESTIONNAIRE,Benzodiazepine Dependence Questionnaire,BDEPQ,Benzodiazepine,NA,697,760,NA,NA,NA,NA,NA,NA,NA,NA,NA,NA,NA,NA,NA,NA,NA,NA,NA,NA,NA,NA,NA,NA,NA,NA,NA,NA,NA,NA,NA,NA,NA,NA,NA,NA,NA,NA,NA,NA,NA,NA,NA,NA,NA,NA,NA,NA,NA,NA,NA,NA,NA,NA,NA,NA,NA,NA,NA,NA,NA,NA,NA,Benzodiazepine Dependence Questionnaire,BDEPQ,Benzodiazepine,30,Unknown,NA,NA,Exclude,Too many items,1,NA,NA,NA,NA,NA,NA,NA,NA,NA,NA
123,BENZODIAZEPINE EXPECTANCY QUESTIONNAIRE,Benzodiazepine Expectancy Questionnaire,BEQ,Benzodiazepine,NA,789,NA,NA,NA,NA,NA,NA,NA,NA,NA,NA,NA,NA,NA,NA,NA,NA,NA,NA,NA,NA,NA,NA,NA,NA,NA,NA,NA,NA,NA,NA,NA,NA,NA,NA,NA,NA,NA,NA,NA,NA,NA,NA,NA,NA,NA,NA,NA,NA,NA,NA,NA,NA,NA,NA,NA,NA,NA,NA,NA,NA,NA,NA,Benzodiazepine Expectancy Questionnaire,BEQ,Benzodiazepine,12,No, , ,Exclude,Not found,1,NA,NA,NA,NA,NA,NA,NA,NA,NA,NA
124,BENZODIAZEPINE REFUSAL SELF EFFICACY QUESTIONNAIRE,Benzodiazepine Refusal Self Efficacy Questionnaire,BRSEQ,Benzodiazepine,NA,789,NA,NA,NA,NA,NA,NA,NA,NA,NA,NA,NA,NA,NA,NA,NA,NA,NA,NA,NA,NA,NA,NA,NA,NA,NA,NA,NA,NA,NA,NA,NA,NA,NA,NA,NA,NA,NA,NA,NA,NA,NA,NA,NA,NA,NA,NA,NA,NA,NA,NA,NA,NA,NA,NA,NA,NA,NA,NA,NA,NA,NA,NA,Benzodiazepine Refusal Self Efficacy Questionnaire,BRSEQ,Benzodiazepine,14,No, , ,Exclude,Not found,1,NA,NA,NA,NA,NA,NA,NA,NA,NA,NA
125,BENZODIAZEPINE WITHDRAWAL SYMPTOM QUESTIONNAIRE,Benzodiazepine Withdrawal Symptom Questionnaire,BWSQ2,Benzodiazepine,NA,606,807,609,NA,NA,NA,NA,NA,NA,NA,NA,NA,NA,NA,NA,NA,NA,NA,NA,NA,NA,NA,NA,NA,NA,NA,NA,NA,NA,NA,NA,NA,NA,NA,NA,NA,NA,NA,NA,NA,NA,NA,NA,NA,NA,NA,NA,NA,NA,NA,NA,NA,NA,NA,NA,NA,NA,NA,NA,NA,NA,NA,NA,Benzodiazepine Withdrawal Symptom Questionnaire,BWSQ2,Benzodiazepine,20,Yes,Needs formatting,https://pdf.sciencedirectassets.com/271035/1-s2.0-S0165032700X01279/1-s2.0-016503279090009W/main.pdf?X-Amz-Security-Token=IQoJb3JpZ2luX2VjEEYaCXVzLWVhc3QtMSJHMEUCIQDJZgzVDVx1CPll%2FumIEhoKJQfiOMCtspVb0LPkw6A%2BzwIgXsYzK5eDSmXd9Kq2gmPqBHuCbrqxlTrX0seBvXL%2BVhIqgwQIj%2F%2F%2F%2F%2F%2F%2F%2F%2F%2F%2FARAEGgwwNTkwMDM1NDY4NjUiDOCF6r1%2B%2BqAhNL6nSCrXAy5ZEyIfRzgi4DX183vDWX%2FvjWjVyy5yNjMWINaUbmkrGSJtvB7svlPNxPG92j1EyGU0PnJOTZdb%2BqU1ijwJAy%2FkFOfUN19yvTurXHXeaIaNd5tf%2BrnOiBFHBPmwxrlZ%2B4TG%2FaxLCDSaTJqpmAf6ZsvttZW0nW1qZ5v7mo2GTzWizzyQQ6%2FadZNR4x1%2FjsFCvYV9nWnaqU1Poc8w2fBo2S10uhA2QkupGEKnOo4nnVKHDWuKfJMzQDTsGyIhXKcuHqlzj%2BvWxbUgIAr4KiDUJM%2BWEjCxgx%2FXmfa9zjd1P9BDKlh3nhe5QeDo16T83ETceDpvfpiMq7%2BLAyG3JxERycpCwowe%2BiFEm8u0yYg7KmpEvIk6C5C0oOrbfFD6KBqcBoYfIsgCS74PJ%2BFGNu2DWQnoz7KjTwdudFpNTB5kZ3D0kdT3h3bW9VdHQBY%2FG6tX6EBE%2FwOJffzVstfQf4cyu786F8jEHmsoLQ2JF7QrzSbJM%2B2ai%2FStYLA0kejaDNHerXuBv3GV3D01vlihlmxa%2B0%2BZ3V%2F%2FcLBLw1hO%2Bs07LFg1%2Bg1mXvUPo8DonhGyfll6eDgkB6WTJCqsxE72PFyQMpFiwksgWR4QxMR7mKTgZJQxGt2b%2FDZ65DCf2t2JBjqlAavokqhimbu2mR84lilXS%2BIc7naNSADGgbDNJmEK3npiYe7XlVFQUkFHKuOWR7OpJUNWIOLgDOYPoEtDpCYh55p%2BaV5LkgRTXaSq8flY2rQtyCQO5txny0NaHFdzBzaQqIAWSDEeOl0D%2FYU7ZnamwEbvpN58XSGe5SNrq5KwHvnVHS8PV4hy8aeGtuSG7C55sSaI%2FQE2L9r%2BcoHoDKeaYXnBToEwmQ%3D%3D&X-Amz-Algorithm=AWS4-HMAC-SHA256&X-Amz-Date=20210907T144233Z&X-Amz-SignedHeaders=host&X-Amz-Expires=300&X-Amz-Credential=ASIAQ3PHCVTYRMUDRY44%2F20210907%2Fus-east-1%2Fs3%2Faws4_request&X-Amz-Signature=a9fcc1544c5996d6060882a9eaaf23bf139e33836dcc9bce390d1b00d8b268a4&hash=ca4f930f6b9eb4971937d1302d68fddbafa4b751a941738d4ada14b3b321327f&host=68042c943591013ac2b2430a89b270f6af2c76d8dfd086a07176afe7c76c2c61&pii=016503279090009W&tid=spdf-759469ea-372f-4565-a90e-c7892385bc96&sid=605784648e8131417e195c23e22f4ba1857fgxrqa&type=client,Include,NA,1,"Tyrer et al., 1990",Benzodiazepine Withdrawal Symptom Questionnaire,Benzodiazepine,Withdrawal,Adequate,Excellent,Adequate,Excellent,"DISCRIM, PREDICT",X
126,CLINICAL INSTITUTE WITHDRAWAL ASSESSMENT - BENZODIAZEPINES,Clinical Institute Withdrawal Assessment - Benzodiazepines,CIWA-B,Benzodiazepine,NA,800,269,538,NA,NA,NA,NA,NA,NA,NA,NA,NA,NA,NA,NA,NA,NA,NA,NA,NA,NA,NA,NA,NA,NA,NA,NA,NA,NA,NA,NA,NA,NA,NA,NA,NA,NA,NA,NA,NA,NA,NA,NA,NA,NA,NA,NA,NA,NA,NA,NA,NA,NA,NA,NA,NA,NA,NA,NA,NA,NA,NA,NA,Clinical Institute Withdrawal Assessment - Benzodiazepines,CIWA-B,Benzodiazepine,22,Yes,Print-ready,https://www.smartcjs.org.uk/wp-content/uploads/2015/07/CIWA-B.pdf,Exclude,Insufficient psychometric data,1,NA,NA,NA,NA,NA,NA,NA,NA,NA,NA
127,OPIOID AND BENZODIAZEPINE WITHDRAWAL SCALE,Opioid and Benzodiazepine Withdrawal Scale,OBWS,Benzodiazepine,NA,816,NA,NA,NA,NA,NA,NA,NA,NA,NA,NA,NA,NA,NA,NA,NA,NA,NA,NA,NA,NA,NA,NA,NA,NA,NA,NA,NA,NA,NA,NA,NA,NA,NA,NA,NA,NA,NA,NA,NA,NA,NA,NA,NA,NA,NA,NA,NA,NA,NA,NA,NA,NA,NA,NA,NA,NA,NA,NA,NA,NA,NA,NA,Opioid and Benzodiazepine Withdrawal Scale,OBWS,Benzodiazepine,19,No, , ,Exclude,Not found,1,NA,NA,NA,NA,NA,NA,NA,NA,NA,NA
128,ANTICIPATED EFFECTS OF CANNABIS SCALE,Anticipated Effects of Cannabis Scale,AECS,Cannabanoid,NA,312,NA,NA,NA,NA,NA,NA,NA,NA,NA,NA,NA,NA,NA,NA,NA,NA,NA,NA,NA,NA,NA,NA,NA,NA,NA,NA,NA,NA,NA,NA,NA,NA,NA,NA,NA,NA,NA,NA,NA,NA,NA,NA,NA,NA,NA,NA,NA,NA,NA,NA,NA,NA,NA,NA,NA,NA,NA,NA,NA,NA,NA,NA,Anticipated Effects of Cannabis Scale,AECS,Cannabanoid,17,Yes,Needs formatting,https://psycnet.apa.org/fulltext/2020-81604-001.pdf,Exclude,No scoring/instructions/interpretation,1,NA,NA,NA,NA,NA,NA,NA,NA,NA,NA
129,CANNABIS ABUSE SCREENING TEST,Cannabis Abuse Screening Test,CAST,Cannabanoid,NA,256,292,301,449,524,216,547,128,482,NA,NA,NA,NA,NA,NA,NA,NA,NA,NA,NA,NA,NA,NA,NA,NA,NA,NA,NA,NA,NA,NA,NA,NA,NA,NA,NA,NA,NA,NA,NA,NA,NA,NA,NA,NA,NA,NA,NA,NA,NA,NA,NA,NA,NA,NA,NA,NA,NA,NA,NA,NA,NA,NA,Cannabis Abuse Screening Test,CAST,Cannabanoid,6,No,Print-ready,https://www.google.com/url?sa=t&rct=j&q=&esrc=s&source=web&cd=&ved=2ahUKEwij2v7xlZz5AhX7lIkEHS8gDW0QFnoECAMQAQ&url=https%3A%2F%2Fkannabishanke.fi%2Fwp-content%2Fuploads%2F2020%2F11%2FKannabishanke_Cast_ENG_MV.pdf&usg=AOvVaw2ebc1HZKJIYJfPXq83Jj89,Exclude,Insufficient psychometric data,1,NA,NA,NA,NA,NA,NA,NA,NA,NA,NA
130,CANNABIS PROBLEMS QUESTIONNAIRE,Cannabis Problems Questionnaire,CPQ,Cannabanoid,NA,398,NA,NA,NA,NA,NA,NA,NA,NA,NA,NA,NA,NA,NA,NA,NA,NA,NA,NA,NA,NA,NA,NA,NA,NA,NA,NA,NA,NA,NA,NA,NA,NA,NA,NA,NA,NA,NA,NA,NA,NA,NA,NA,NA,NA,NA,NA,NA,NA,NA,NA,NA,NA,NA,NA,NA,NA,NA,NA,NA,NA,NA,NA,Cannabis Problems Questionnaire,CPQ,Cannabanoid,22,Yes,Print-ready,https://cannabissupport.com.au/wp-content/uploads/2021/02/cannabis-problems-questionnaire.pdf,Include,NA,1,"Copeland et al., 2005",Cannabis Problems Questionnaire,Cannabanoid,Consequences,Adequate,Good,Adequate,Adequate,"CONCUR, CONVERG, DIVERG",NA
131,CANNABIS PROBLEMS QUESTIONNAIRE FOR ADOLESCENTS - SHORT FORM,Cannabis Problems Questionnaire for Adolescents - Short Form,CPQ-A-S,Cannabanoid,NA,301,571,NA,NA,NA,NA,NA,NA,NA,NA,NA,NA,NA,NA,NA,NA,NA,NA,NA,NA,NA,NA,NA,NA,NA,NA,NA,NA,NA,NA,NA,NA,NA,NA,NA,NA,NA,NA,NA,NA,NA,NA,NA,NA,NA,NA,NA,NA,NA,NA,NA,NA,NA,NA,NA,NA,NA,NA,NA,NA,NA,NA,NA,Cannabis Problems Questionnaire for Adolescents - Short Form,CPQ-A-S,Cannabanoid,12,No,Needs formatting,https://www.sciencedirect.com/science/article/pii/S0306460310000912?via%3Dihub,Exclude,No scoring/instructions/interpretation,1,NA,NA,NA,NA,NA,NA,NA,NA,NA,NA
132,CANNABIS USE DISORDER IDENTIFICATION TEST,Cannabis Use Disorder Identification Test,CUDIT,Cannabanoid,NA,449,497,536,399,547,482,NA,NA,NA,NA,NA,NA,NA,NA,NA,NA,NA,NA,NA,NA,NA,NA,NA,NA,NA,NA,NA,NA,NA,NA,NA,NA,NA,NA,NA,NA,NA,NA,NA,NA,NA,NA,NA,NA,NA,NA,NA,NA,NA,NA,NA,NA,NA,NA,NA,NA,NA,NA,NA,NA,NA,NA,NA,Cannabis Use Disorder Identification Test,CUDIT,Cannabanoid,10,Yes,Print-ready,https://adai.uw.edu/instruments/pdf/Cannabis_Use_Disorders_Identification_Test_59.pdf,Exclude,Measure was replaced with new version,1,NA,NA,NA,NA,NA,NA,NA,NA,NA,NA
133,CANNABIS USE DISORDER IDENTIFICATION TEST - REVISED,Cannabis Use Disorders Identification Test - Revised,CUDIT-R,Cannabanoid,NA,324,530,360,128,NA,NA,NA,NA,NA,NA,NA,NA,NA,NA,NA,NA,NA,NA,NA,NA,NA,NA,NA,NA,NA,NA,NA,NA,NA,NA,NA,NA,NA,NA,NA,NA,NA,NA,NA,NA,NA,NA,NA,NA,NA,NA,NA,NA,NA,NA,NA,NA,NA,NA,NA,NA,NA,NA,NA,NA,NA,NA,NA,Cannabis Use Disorders Identification Test - Revised,CUDIT-R,Cannabanoid,8,Yes,Print-ready,https://bpac.org.nz/BPJ/2010/June/docs/addiction_CUDIT-R.pdf,Include,NA,1,"Adamson et al., 2010",Cannabis Use Disorder Identification Test – Revised,Cannabanoid,Use,Good,Good,Excellent,Good,"CONVERG, DIVERG, DISCRIM, PREDICT",Not applicable
134,CANNABIS USE MOTIVES LIST,Cannabis Use Motives List,CANUM,Cannabanoid,NA,239,NA,NA,NA,NA,NA,NA,NA,NA,NA,NA,NA,NA,NA,NA,NA,NA,NA,NA,NA,NA,NA,NA,NA,NA,NA,NA,NA,NA,NA,NA,NA,NA,NA,NA,NA,NA,NA,NA,NA,NA,NA,NA,NA,NA,NA,NA,NA,NA,NA,NA,NA,NA,NA,NA,NA,NA,NA,NA,NA,NA,NA,NA,Cannabis Use Motives List,CANUM,Cannabanoid,20,No, , ,Exclude,Not found,1,NA,NA,NA,NA,NA,NA,NA,NA,NA,NA
135,CANNABIS USE PROBLEMS IDENTIFICATION TEST,Cannabis Use Problems Identification Test,CUPIT,Cannabanoid,NA,344,398,482,NA,NA,NA,NA,NA,NA,NA,NA,NA,NA,NA,NA,NA,NA,NA,NA,NA,NA,NA,NA,NA,NA,NA,NA,NA,NA,NA,NA,NA,NA,NA,NA,NA,NA,NA,NA,NA,NA,NA,NA,NA,NA,NA,NA,NA,NA,NA,NA,NA,NA,NA,NA,NA,NA,NA,NA,NA,NA,NA,NA,Cannabis Use Problems Identification Test,CUPIT,Cannabanoid,16,Yes,Print-ready,https://www.massey.ac.nz/massey/fms/Colleges/College%20of%20Humanities%20and%20Social%20Sciences/Psychology/Research/cupit/CUPIT_print-version.pdf?34719A4A1189BE5451B67AB1B43B9B0C,Include,NA,1,"Bashford et al., 2010",Cannabis Use Problems Identification Test,Cannabanoid,Use,Good,Good,Good,Good,"CONVERG, DIVERG, DISCRIM, PREDICT",Not applicable
136,CANNABIS WITHDRAWAL SCALE,Cannabis Withdrawal Scale,CWS,Cannabanoid,NA,495,NA,NA,NA,NA,NA,NA,NA,NA,NA,NA,NA,NA,NA,NA,NA,NA,NA,NA,NA,NA,NA,NA,NA,NA,NA,NA,NA,NA,NA,NA,NA,NA,NA,NA,NA,NA,NA,NA,NA,NA,NA,NA,NA,NA,NA,NA,NA,NA,NA,NA,NA,NA,NA,NA,NA,NA,NA,NA,NA,NA,NA,NA,Cannabis Withdrawal Scale,CWS,Cannabanoid,19,Yes,Print-ready,https://insight.qld.edu.au/shop/cannabis-withdrawal-scale-cws-insight-2019,Include,NA,1,"Allsop et al., 2011",Cannabis Withdrawal Scale,Cannabanoid,Withdrawal,Good,Good,Good,Excellent,"CONCUR, PREDICT",X
137,"DAILY SESSIONS, FREQUENCY, AGE OF ONSET, AND QUANTITY OF CANNABIS USE INVENTORY","Daily Sessions, Frequency, Age of Onset, and Quantity of Cannabis Use Inventory",DFAQ-CU,Cannabanoid,NA,370,NA,NA,NA,NA,NA,NA,NA,NA,NA,NA,NA,NA,NA,NA,NA,NA,NA,NA,NA,NA,NA,NA,NA,NA,NA,NA,NA,NA,NA,NA,NA,NA,NA,NA,NA,NA,NA,NA,NA,NA,NA,NA,NA,NA,NA,NA,NA,NA,NA,NA,NA,NA,NA,NA,NA,NA,NA,NA,NA,NA,NA,NA,"Daily Sessions, Frequency, Age of Onset, and Quantity of Cannabis Use Inventory",DFAQ-CU,Cannabanoid,41,Yes,Print-ready,https://app.dimensions.ai/details/publication/pub.1085605764,Exclude,Too many items,1,NA,NA,NA,NA,NA,NA,NA,NA,NA,NA
138,MARIJUANA ADOLESCENT PROBLEM INVENTORY,Marijuana Adolescent Problem Inventory,MAPI,Cannabanoid,NA,357,NA,NA,NA,NA,NA,NA,NA,NA,NA,NA,NA,NA,NA,NA,NA,NA,NA,NA,NA,NA,NA,NA,NA,NA,NA,NA,NA,NA,NA,NA,NA,NA,NA,NA,NA,NA,NA,NA,NA,NA,NA,NA,NA,NA,NA,NA,NA,NA,NA,NA,NA,NA,NA,NA,NA,NA,NA,NA,NA,NA,NA,NA,Marijuana Adolescent Problem Inventory,MAPI,Cannabanoid,23,No, , ,Exclude,Not found,1,NA,NA,NA,NA,NA,NA,NA,NA,NA,NA
139,MARIJUANA CESSATION EXPECTANCIES QUESTIONNAIRE,Marijuana Cessation Expectancies Questionnaire,MCEQ,Cannabanoid,NA,368,NA,NA,NA,NA,NA,NA,NA,NA,NA,NA,NA,NA,NA,NA,NA,NA,NA,NA,NA,NA,NA,NA,NA,NA,NA,NA,NA,NA,NA,NA,NA,NA,NA,NA,NA,NA,NA,NA,NA,NA,NA,NA,NA,NA,NA,NA,NA,NA,NA,NA,NA,NA,NA,NA,NA,NA,NA,NA,NA,NA,NA,NA,Marijuana Cessation Expectancies Questionnaire,MCEQ,Cannabanoid,46,Unknown,NA,NA,Exclude,Too many items,1,NA,NA,NA,NA,NA,NA,NA,NA,NA,NA
140,MARIJUANA CONSEQUENCES QUESTIONNAIRE,Marijuana Consequences Questionnaire,MACQ,Cannabanoid,NA,312,NA,NA,NA,NA,NA,NA,NA,NA,NA,NA,NA,NA,NA,NA,NA,NA,NA,NA,NA,NA,NA,NA,NA,NA,NA,NA,NA,NA,NA,NA,NA,NA,NA,NA,NA,NA,NA,NA,NA,NA,NA,NA,NA,NA,NA,NA,NA,NA,NA,NA,NA,NA,NA,NA,NA,NA,NA,NA,NA,NA,NA,NA,Marijuana Consequences Questionnaire,MACQ,Cannabanoid,48,Unknown,NA,NA,Exclude,Too many items,1,NA,NA,NA,NA,NA,NA,NA,NA,NA,NA
141,MARIJUANA CRAVING QUESTIONNAIRE,Marijuana Craving Questionnaire,MCQ,Cannabanoid,NA,368,444,815,294,NA,NA,NA,NA,NA,NA,NA,NA,NA,NA,NA,NA,NA,NA,NA,NA,NA,NA,NA,NA,NA,NA,NA,NA,NA,NA,NA,NA,NA,NA,NA,NA,NA,NA,NA,NA,NA,NA,NA,NA,NA,NA,NA,NA,NA,NA,NA,NA,NA,NA,NA,NA,NA,NA,NA,NA,NA,NA,NA,Marijuana Craving Questionnaire,MCQ,Cannabanoid,10,Yes,Print-ready,https://osf.io/v8y34/,Exclude,No scoring/instructions/interpretation,1,NA,NA,NA,NA,NA,NA,NA,NA,NA,NA
142,MARIJUANA EFFECT EXPECTANCIES QUESTIONNAIRE,Marijuana Effect Expectancies Questionnaire,MEEQ,Cannabanoid,NA,488,498,408,780,NA,NA,NA,NA,NA,NA,NA,NA,NA,NA,NA,NA,NA,NA,NA,NA,NA,NA,NA,NA,NA,NA,NA,NA,NA,NA,NA,NA,NA,NA,NA,NA,NA,NA,NA,NA,NA,NA,NA,NA,NA,NA,NA,NA,NA,NA,NA,NA,NA,NA,NA,NA,NA,NA,NA,NA,NA,NA,NA,Marijuana Effect Expectancies Questionnaire,MEEQ,Cannabanoid,48,Unknown,NA,NA,Exclude,Too many items,1,NA,NA,NA,NA,NA,NA,NA,NA,NA,NA
143,MARIJUANA EFFECT EXPECTANCIES QUESTIONNAIRE - VALUATIONS SCALE,Marijuana Effect Expectancies Questionnaire - Valuations Scale,MEEQ-V,Cannabanoid,NA,488,NA,NA,NA,NA,NA,NA,NA,NA,NA,NA,NA,NA,NA,NA,NA,NA,NA,NA,NA,NA,NA,NA,NA,NA,NA,NA,NA,NA,NA,NA,NA,NA,NA,NA,NA,NA,NA,NA,NA,NA,NA,NA,NA,NA,NA,NA,NA,NA,NA,NA,NA,NA,NA,NA,NA,NA,NA,NA,NA,NA,NA,NA,Marijuana Effect Expectancies Questionnaire - Valuations Scale,MEEQ-V,Cannabanoid,48,Unknown,NA,NA,Exclude,Too many items,1,NA,NA,NA,NA,NA,NA,NA,NA,NA,NA
144,MARIJUANA MOTIVES MEASURE,Marijuana Motives Measure,MMM,Cannabanoid,NA,488,360,353,33,242,NA,NA,NA,NA,NA,NA,NA,NA,NA,NA,NA,NA,NA,NA,NA,NA,NA,NA,NA,NA,NA,NA,NA,NA,NA,NA,NA,NA,NA,NA,NA,NA,NA,NA,NA,NA,NA,NA,NA,NA,NA,NA,NA,NA,NA,NA,NA,NA,NA,NA,NA,NA,NA,NA,NA,NA,NA,NA,Marijuana Motives Measure,MMM,Cannabanoid,25,Yes,Print-ready,https://www.phenxtoolkit.org/toolkit_content/archive/520000/520503_Protocol.docx,Include,NA,1,"Simons et al., 1998",Marijuana Motives Measure,Cannabanoid,Motives,Good,Good,Excellent,NA,"CONCUR, CONVERG",X
145,MARIJUANA MOTIVES QUESTIONNAIRE,Marijuana Motives Questionnaire,MMQ,Cannabanoid,NA,305,NA,NA,NA,NA,NA,NA,NA,NA,NA,NA,NA,NA,NA,NA,NA,NA,NA,NA,NA,NA,NA,NA,NA,NA,NA,NA,NA,NA,NA,NA,NA,NA,NA,NA,NA,NA,NA,NA,NA,NA,NA,NA,NA,NA,NA,NA,NA,NA,NA,NA,NA,NA,NA,NA,NA,NA,NA,NA,NA,NA,NA,NA,Marijuana Motives Questionnaire,MMQ,Cannabanoid,25,No,Print-ready,https://arc.psych.wisc.edu/self-report/marijuana-motives-questionnaire-mmq/,Exclude,Measure was replaced with new version,1,NA,NA,NA,NA,NA,NA,NA,NA,NA,NA
146,MARIJUANA PROBLEMS SCALE,Marijuana Problems Scale,MPS,Cannabanoid,NA,488,315,549,NA,NA,NA,NA,NA,NA,NA,NA,NA,NA,NA,NA,NA,NA,NA,NA,NA,NA,NA,NA,NA,NA,NA,NA,NA,NA,NA,NA,NA,NA,NA,NA,NA,NA,NA,NA,NA,NA,NA,NA,NA,NA,NA,NA,NA,NA,NA,NA,NA,NA,NA,NA,NA,NA,NA,NA,NA,NA,NA,NA,Marijuana Problems Scale,MPS,Cannabanoid,19,Yes,Print-ready,https://adai.uw.edu/mcacp/docs/marijuanaproblemscale.pdf,Include,NA,1,"Stephens et al., 2000",Marijuana Problems Scale,Cannabanoid,Consequences,Good,Good,Good,NA,"CONVERG, DIVERG",X
147,MARIJUANA PROBLEMS SCALE - LIFETIME VERSION,Marijuana Problems Scale - Lifetime version,MPS-L,Cannabanoid,NA,353,436,NA,NA,NA,NA,NA,NA,NA,NA,NA,NA,NA,NA,NA,NA,NA,NA,NA,NA,NA,NA,NA,NA,NA,NA,NA,NA,NA,NA,NA,NA,NA,NA,NA,NA,NA,NA,NA,NA,NA,NA,NA,NA,NA,NA,NA,NA,NA,NA,NA,NA,NA,NA,NA,NA,NA,NA,NA,NA,NA,NA,NA,Marijuana Problems Scale - Lifetime version,MPS-L,Cannabanoid,19,No, , ,Exclude,Not found,1,NA,NA,NA,NA,NA,NA,NA,NA,NA,NA
148,MARIJUANA SCREENING INVENTORY,Marijuana Screening Inventory,MSI-X,Cannabanoid,NA,434,NA,NA,NA,NA,NA,NA,NA,NA,NA,NA,NA,NA,NA,NA,NA,NA,NA,NA,NA,NA,NA,NA,NA,NA,NA,NA,NA,NA,NA,NA,NA,NA,NA,NA,NA,NA,NA,NA,NA,NA,NA,NA,NA,NA,NA,NA,NA,NA,NA,NA,NA,NA,NA,NA,NA,NA,NA,NA,NA,NA,NA,NA,Marijuana Screening Inventory,MSI-X,Cannabanoid,31,Unknown,NA,NA,Exclude,Too many items,1,NA,NA,NA,NA,NA,NA,NA,NA,NA,NA
149,MARIJUANA-REDUCTION STRATEGIES-RECENT PAST USE,Marijuana-Reduction Strategies-Recent Past Use,MJ-RS-PAST,Cannabanoid,NA,280,NA,NA,NA,NA,NA,NA,NA,NA,NA,NA,NA,NA,NA,NA,NA,NA,NA,NA,NA,NA,NA,NA,NA,NA,NA,NA,NA,NA,NA,NA,NA,NA,NA,NA,NA,NA,NA,NA,NA,NA,NA,NA,NA,NA,NA,NA,NA,NA,NA,NA,NA,NA,NA,NA,NA,NA,NA,NA,NA,NA,NA,NA,Marijuana-Reduction Strategies-Recent Past Use,MJ-RS-PAST,Cannabanoid,21,No, , ,Exclude,Not found,1,NA,NA,NA,NA,NA,NA,NA,NA,NA,NA
150,MARIJUANA-REDUCTION STRATEGIES-SELF-EFFICACY SCALE,Marijuana-Reduction Strategies-Self-Efficacy Scale,MJ-RS-SES,Cannabanoid,NA,280,NA,NA,NA,NA,NA,NA,NA,NA,NA,NA,NA,NA,NA,NA,NA,NA,NA,NA,NA,NA,NA,NA,NA,NA,NA,NA,NA,NA,NA,NA,NA,NA,NA,NA,NA,NA,NA,NA,NA,NA,NA,NA,NA,NA,NA,NA,NA,NA,NA,NA,NA,NA,NA,NA,NA,NA,NA,NA,NA,NA,NA,NA,Marijuana-Reduction Strategies-Self-Efficacy Scale,MJ-RS-SES,Cannabanoid,21,No, , ,Exclude,Not found,1,NA,NA,NA,NA,NA,NA,NA,NA,NA,NA
151,OBSESSIVE COMPULSIVE DRUG USE SCALE FOR CANNABIS,Obsessive Compulsive Drug Use Scale for cannabis,OCDUS-CAN,Cannabanoid,NA,297,NA,NA,NA,NA,NA,NA,NA,NA,NA,NA,NA,NA,NA,NA,NA,NA,NA,NA,NA,NA,NA,NA,NA,NA,NA,NA,NA,NA,NA,NA,NA,NA,NA,NA,NA,NA,NA,NA,NA,NA,NA,NA,NA,NA,NA,NA,NA,NA,NA,NA,NA,NA,NA,NA,NA,NA,NA,NA,NA,NA,NA,NA,Obsessive Compulsive Drug Use Scale for cannabis,OCDUS-CAN,Cannabanoid,12,Yes,Needs formatting,https://onlinelibrary.wiley.com/doi/epdf/10.1002/mpr.1362,Exclude,No scoring/instructions/interpretation,1,NA,NA,NA,NA,NA,NA,NA,NA,NA,NA
152,PROBLEMATIC USE OF MARIJUANA,Problematic Use of Marijuana,PUM,Cannabanoid,NA,449,547,NA,NA,NA,NA,NA,NA,NA,NA,NA,NA,NA,NA,NA,NA,NA,NA,NA,NA,NA,NA,NA,NA,NA,NA,NA,NA,NA,NA,NA,NA,NA,NA,NA,NA,NA,NA,NA,NA,NA,NA,NA,NA,NA,NA,NA,NA,NA,NA,NA,NA,NA,NA,NA,NA,NA,NA,NA,NA,NA,NA,NA,Problematic Use of Marijuana,PUM,Cannabanoid,8,No, , ,Exclude,Not found,1,NA,NA,NA,NA,NA,NA,NA,NA,NA,NA
153,PROTECTIVE BEHAVIORAL STRATEGIES FOR MARIJUANA SCALE,Protective Behavioral Strategies for Marijuana scale,PBSM,Cannabanoid,NA,268,300,NA,NA,NA,NA,NA,NA,NA,NA,NA,NA,NA,NA,NA,NA,NA,NA,NA,NA,NA,NA,NA,NA,NA,NA,NA,NA,NA,NA,NA,NA,NA,NA,NA,NA,NA,NA,NA,NA,NA,NA,NA,NA,NA,NA,NA,NA,NA,NA,NA,NA,NA,NA,NA,NA,NA,NA,NA,NA,NA,NA,NA,Protective Behavioral Strategies for Marijuana scale,PBSM,Cannabanoid,50,Unknown,NA,NA,Exclude,Too many items,1,NA,NA,NA,NA,NA,NA,NA,NA,NA,NA
154,REASONS FOR QUITTING QUESTIONNAIRE,Reasons for Quitting Questionnaire,RQQ,Cannabanoid,NA,387,797,NA,NA,NA,NA,NA,NA,NA,NA,NA,NA,NA,NA,NA,NA,NA,NA,NA,NA,NA,NA,NA,NA,NA,NA,NA,NA,NA,NA,NA,NA,NA,NA,NA,NA,NA,NA,NA,NA,NA,NA,NA,NA,NA,NA,NA,NA,NA,NA,NA,NA,NA,NA,NA,NA,NA,NA,NA,NA,NA,NA,NA,Reasons for Quitting Questionnaire,RQQ,Cannabanoid,26,Yes,Print-ready,https://www.drugtimes.org/marijuana-dependence/reasons-for-quitting-questionnaire.html,Exclude,Too many items,1,NA,NA,NA,NA,NA,NA,NA,NA,NA,NA
155,RUTGERS MARIJUANA PROBLEM INDEX,Rutgers Marijuana Problem Index,RMPI,Cannabanoid,NA,280,NA,NA,NA,NA,NA,NA,NA,NA,NA,NA,NA,NA,NA,NA,NA,NA,NA,NA,NA,NA,NA,NA,NA,NA,NA,NA,NA,NA,NA,NA,NA,NA,NA,NA,NA,NA,NA,NA,NA,NA,NA,NA,NA,NA,NA,NA,NA,NA,NA,NA,NA,NA,NA,NA,NA,NA,NA,NA,NA,NA,NA,NA,Rutgers Marijuana Problem Index,RMPI,Cannabanoid,18,No, , ,Exclude,Not found,1,NA,NA,NA,NA,NA,NA,NA,NA,NA,NA
156,"CHEMICAL USE, ABUSE AND DEPENDENCE SCALE","Chemical Use, Abuse and Dependence Scale",CUAD,Diagnostic,NA,483,782,NA,NA,NA,NA,NA,NA,NA,NA,NA,NA,NA,NA,NA,NA,NA,NA,NA,NA,NA,NA,NA,NA,NA,NA,NA,NA,NA,NA,NA,NA,NA,NA,NA,NA,NA,NA,NA,NA,NA,NA,NA,NA,NA,NA,NA,NA,NA,NA,NA,NA,NA,NA,NA,NA,NA,NA,NA,NA,NA,NA,NA,NA,NA,NA,NA,NA,NA,NA,NA,NA,NA,NA,NA,NA,NA,NA,NA,NA,NA,NA,NA
157,DETOXIFICATION FEAR SURVEY SCHEDULE 27,Detoxification Fear Survey Schedule 27,DFSS-27,Diagnostic,NA,507,NA,NA,NA,NA,NA,NA,NA,NA,NA,NA,NA,NA,NA,NA,NA,NA,NA,NA,NA,NA,NA,NA,NA,NA,NA,NA,NA,NA,NA,NA,NA,NA,NA,NA,NA,NA,NA,NA,NA,NA,NA,NA,NA,NA,NA,NA,NA,NA,NA,NA,NA,NA,NA,NA,NA,NA,NA,NA,NA,NA,NA,NA,NA,NA,NA,NA,NA,NA,NA,NA,NA,NA,NA,NA,NA,NA,NA,NA,NA,NA,NA,NA
158,DRUG HISTORY QUESTIONNAIRE,Drug History Questionnaire,DHQ,Diagnostic,NA,775,NA,NA,NA,NA,NA,NA,NA,NA,NA,NA,NA,NA,NA,NA,NA,NA,NA,NA,NA,NA,NA,NA,NA,NA,NA,NA,NA,NA,NA,NA,NA,NA,NA,NA,NA,NA,NA,NA,NA,NA,NA,NA,NA,NA,NA,NA,NA,NA,NA,NA,NA,NA,NA,NA,NA,NA,NA,NA,NA,NA,NA,NA,NA,NA,NA,NA,NA,NA,NA,NA,NA,NA,NA,NA,NA,NA,NA,NA,NA,NA,NA,NA
159,EUROPEAN ADDICTION SEVERITY INDEX,European Addiction Severity Index,EurpASI,Diagnostic,NA,472,762,NA,NA,NA,NA,NA,NA,NA,NA,NA,NA,NA,NA,NA,NA,NA,NA,NA,NA,NA,NA,NA,NA,NA,NA,NA,NA,NA,NA,NA,NA,NA,NA,NA,NA,NA,NA,NA,NA,NA,NA,NA,NA,NA,NA,NA,NA,NA,NA,NA,NA,NA,NA,NA,NA,NA,NA,NA,NA,NA,NA,NA,NA,NA,NA,NA,NA,NA,NA,NA,NA,NA,NA,NA,NA,NA,NA,NA,NA,NA,NA,NA
160,MORTIMER-FILKINS TEST,Mortimer-Filkins test, ,Diagnostic,NA,510,NA,NA,NA,NA,NA,NA,NA,NA,NA,NA,NA,NA,NA,NA,NA,NA,NA,NA,NA,NA,NA,NA,NA,NA,NA,NA,NA,NA,NA,NA,NA,NA,NA,NA,NA,NA,NA,NA,NA,NA,NA,NA,NA,NA,NA,NA,NA,NA,NA,NA,NA,NA,NA,NA,NA,NA,NA,NA,NA,NA,NA,NA,NA,NA,NA,NA,NA,NA,NA,NA,NA,NA,NA,NA,NA,NA,NA,NA,NA,NA,NA,NA
161,MUNICH ALCOHOLISM TEST,Munich Alcoholism Test,MALT,Diagnostic,NA,NA,NA,NA,NA,NA,NA,NA,NA,NA,NA,NA,NA,NA,NA,NA,NA,NA,NA,NA,NA,NA,NA,NA,NA,NA,NA,NA,NA,NA,NA,NA,NA,NA,NA,NA,NA,NA,NA,NA,NA,NA,NA,NA,NA,NA,NA,NA,NA,NA,NA,NA,NA,NA,NA,NA,NA,NA,NA,NA,NA,NA,NA,NA,NA,NA,NA,NA,NA,NA,NA,NA,NA,NA,NA,NA,NA,NA,NA,NA,NA,NA,NA,NA
162,OPIATE TREATMENT INDEX,Opiate Treatment Index,OTI,Diagnostic,NA,645,508,NA,NA,NA,NA,NA,NA,NA,NA,NA,NA,NA,NA,NA,NA,NA,NA,NA,NA,NA,NA,NA,NA,NA,NA,NA,NA,NA,NA,NA,NA,NA,NA,NA,NA,NA,NA,NA,NA,NA,NA,NA,NA,NA,NA,NA,NA,NA,NA,NA,NA,NA,NA,NA,NA,NA,NA,NA,NA,NA,NA,NA,NA,NA,NA,NA,NA,NA,NA,NA,NA,NA,NA,NA,NA,NA,NA,NA,NA,NA,NA,NA
163,TEEN ADDICTION SEVERITY INDEX - TWO,Teen Addiction Severity Index - Two,T-ASI-2,Diagnostic,NA,556,NA,NA,NA,NA,NA,NA,NA,NA,NA,NA,NA,NA,NA,NA,NA,NA,NA,NA,NA,NA,NA,NA,NA,NA,NA,NA,NA,NA,NA,NA,NA,NA,NA,NA,NA,NA,NA,NA,NA,NA,NA,NA,NA,NA,NA,NA,NA,NA,NA,NA,NA,NA,NA,NA,NA,NA,NA,NA,NA,NA,NA,NA,Teen Addiction Severity Index - Two,T-ASI-2,General,35,Yes,Needs formatting,https://www.researchgate.net/publication/23555282_Psychometric_Characteristics_of_the_Teen_Addiction_Severity_Index-Two_T-ASI-2,Exclude,Copyright,1,NA,NA,NA,NA,NA,NA,NA,NA,NA,NA
164,3-ITEM CRAVING SCALE,3-item Craving Scale, ,General,NA,311,NA,NA,NA,NA,NA,NA,NA,NA,NA,NA,NA,NA,NA,NA,NA,NA,NA,NA,NA,NA,NA,NA,NA,NA,NA,NA,NA,NA,NA,NA,NA,NA,NA,NA,NA,NA,NA,NA,NA,NA,NA,NA,NA,NA,NA,NA,NA,NA,NA,NA,NA,NA,NA,NA,NA,NA,NA,NA,NA,NA,NA,NA,3-item Craving Scale, ,General,3,No, , ,Exclude,Not found,1,NA,NA,NA,NA,NA,NA,NA,NA,NA,NA
165,ACCEPTANCE AND ACTION QUESTIONNAIRE - SUBSTANCE ABUSE,Acceptance and Action Questionnaire Substance Abuse,AAQ-SA,General,NA,523,NA,NA,NA,NA,NA,NA,NA,NA,NA,NA,NA,NA,NA,NA,NA,NA,NA,NA,NA,NA,NA,NA,NA,NA,NA,NA,NA,NA,NA,NA,NA,NA,NA,NA,NA,NA,NA,NA,NA,NA,NA,NA,NA,NA,NA,NA,NA,NA,NA,NA,NA,NA,NA,NA,NA,NA,NA,NA,NA,NA,NA,NA,Acceptance and Action Questionnaire Substance Abuse,AAQ-SA,General,18,Yes,Print-ready,https://stevenchayes.com/wp-content/uploads/2019/08/Questionnaire-for-Substance-Abuse.pdf,Include,NA,1,"Luoma et al., 2011",Acceptance and Action Questionnaire – Substance Abuse,Treatment Related,"Recovery, Self-Efficacy, Urges",Good,Excellent,Good,NA,"CONCUR, CONVERG, DISCRIM",X
166,ADDICTION ADMISSION SCALE,Addiction Admission Scale,AAS,General,NA,638,NA,NA,NA,NA,NA,NA,NA,NA,NA,NA,NA,NA,NA,NA,NA,NA,NA,NA,NA,NA,NA,NA,NA,NA,NA,NA,NA,NA,NA,NA,NA,NA,NA,NA,NA,NA,NA,NA,NA,NA,NA,NA,NA,NA,NA,NA,NA,NA,NA,NA,NA,NA,NA,NA,NA,NA,NA,NA,NA,NA,NA,NA,Addiction Admission Scale,AAS,General,13,No, , https://www.google.com/url?sa=t&rct=j&q=&esrc=s&source=web&cd=&ved=2ahUKEwjOmYqYz7r5AhX0pIkEHTTTBJ4QFnoECAwQAQ&url=https%3A%2F%2Fpubs.niaaa.nih.gov%2Fpublications%2Fassessingalcohol%2FInstrumentPDFs%2F02_AAS.pdf&usg=AOvVaw1fVrSV_GkbsCz9pQir22YQ,Exclude,Not found,1,NA,NA,NA,NA,NA,NA,NA,NA,NA,NA
167,ADDICTION POTENTIAL SCALE,Addiction Potential Scale,APS,General,NA,638,NA,NA,NA,NA,NA,NA,NA,NA,NA,NA,NA,NA,NA,NA,NA,NA,NA,NA,NA,NA,NA,NA,NA,NA,NA,NA,NA,NA,NA,NA,NA,NA,NA,NA,NA,NA,NA,NA,NA,NA,NA,NA,NA,NA,NA,NA,NA,NA,NA,NA,NA,NA,NA,NA,NA,NA,NA,NA,NA,NA,NA,NA,Addiction Potential Scale,APS,General,39,Unknown,NA,NA,Exclude,Too many items,1,NA,NA,NA,NA,NA,NA,NA,NA,NA,NA
168,ADDICTION PROFILE INDEX,Addiction Profile Index,API,General,NA,689,NA,NA,NA,NA,NA,NA,NA,NA,NA,NA,NA,NA,NA,NA,NA,NA,NA,NA,NA,NA,NA,NA,NA,NA,NA,NA,NA,NA,NA,NA,NA,NA,NA,NA,NA,NA,NA,NA,NA,NA,NA,NA,NA,NA,NA,NA,NA,NA,NA,NA,NA,NA,NA,NA,NA,NA,NA,NA,NA,NA,NA,NA,Addiction Profile Index,API,General,34,Unknown,NA,NA,Exclude,Too many items,1,NA,NA,NA,NA,NA,NA,NA,NA,NA,NA
169,ADDICTION RESEARCH CENTER INVENTORY,Addiction Research Center Inventory,ARCI,General,NA,290,612,NA,NA,NA,NA,NA,NA,NA,NA,NA,NA,NA,NA,NA,NA,NA,NA,NA,NA,NA,NA,NA,NA,NA,NA,NA,NA,NA,NA,NA,NA,NA,NA,NA,NA,NA,NA,NA,NA,NA,NA,NA,NA,NA,NA,NA,NA,NA,NA,NA,NA,NA,NA,NA,NA,NA,NA,NA,NA,NA,NA,NA,Addiction Research Center Inventory,ARCI,General,49,Unknown,NA,NA,Exclude,Too many items,1,NA,NA,NA,NA,NA,NA,NA,NA,NA,NA
170,ADJECTIVE RATING SCALE FOR WITHDRAWAL,Adjective Rating Scale for Withdrawal,ARSW,General,NA,287,NA,NA,NA,NA,NA,NA,NA,NA,NA,NA,NA,NA,NA,NA,NA,NA,NA,NA,NA,NA,NA,NA,NA,NA,NA,NA,NA,NA,NA,NA,NA,NA,NA,NA,NA,NA,NA,NA,NA,NA,NA,NA,NA,NA,NA,NA,NA,NA,NA,NA,NA,NA,NA,NA,NA,NA,NA,NA,NA,NA,NA,NA,Adjective Rating Scale for Withdrawal,ARSW,General,11,No,Print-ready,https://www.google.com/url?sa=t&rct=j&q=&esrc=s&source=web&cd=&ved=2ahUKEwioprPGmpz5AhVKkokEHZn4BSsQFnoECAIQAQ&url=http%3A%2F%2Fadai.washington.edu%2Finstruments%2Fpdf%2FAdjective_Rating_Scale_for_Withdrawal_6.pdf&usg=AOvVaw3olLFqt9o_JvUSZCiImUsJ,Exclude,No scoring/instructions/interpretation,1,NA,NA,NA,NA,NA,NA,NA,NA,NA,NA
171,ADOLESCENT DOMAIN SCREENING INVENTORY,Adolescent Domain Screening Inventory,ADSI,General,NA,185,NA,NA,NA,NA,NA,NA,NA,NA,NA,NA,NA,NA,NA,NA,NA,NA,NA,NA,NA,NA,NA,NA,NA,NA,NA,NA,NA,NA,NA,NA,NA,NA,NA,NA,NA,NA,NA,NA,NA,NA,NA,NA,NA,NA,NA,NA,NA,NA,NA,NA,NA,NA,NA,NA,NA,NA,NA,NA,NA,NA,NA,NA,Adolescent Domain Screening Inventory,ADSI,General,40,Unknown,NA,NA,Exclude,Too many items,1,NA,NA,NA,NA,NA,NA,NA,NA,NA,NA
172,ADOLESCENT RELAPSE COPING INVENTORY,Adolescent Relapse Coping Inventory,ARCQ,General,NA,465,637,NA,NA,NA,NA,NA,NA,NA,NA,NA,NA,NA,NA,NA,NA,NA,NA,NA,NA,NA,NA,NA,NA,NA,NA,NA,NA,NA,NA,NA,NA,NA,NA,NA,NA,NA,NA,NA,NA,NA,NA,NA,NA,NA,NA,NA,NA,NA,NA,NA,NA,NA,NA,NA,NA,NA,NA,NA,NA,NA,NA,NA,Adolescent Relapse Coping Inventory,ARCQ,General,28,Unknown,NA,NA,Exclude,Too many items,1,NA,NA,NA,NA,NA,NA,NA,NA,NA,NA
173,ADOLESCENT SUBSTANCE ABUSE GOAL COMMITMENT,Adolescent Substance Abuse Goal Commitment,ASAGC,General,NA,12,317,NA,NA,NA,NA,NA,NA,NA,NA,NA,NA,NA,NA,NA,NA,NA,NA,NA,NA,NA,NA,NA,NA,NA,NA,NA,NA,NA,NA,NA,NA,NA,NA,NA,NA,NA,NA,NA,NA,NA,NA,NA,NA,NA,NA,NA,NA,NA,NA,NA,NA,NA,NA,NA,NA,NA,NA,NA,NA,NA,NA,NA,Adolescent Substance Abuse Goal Commitment,ASAGC,General,16,No, , ,Exclude,Not found,1,NA,NA,NA,NA,NA,NA,NA,NA,NA,NA
174,ADVERSE CONSEQUENCES OF SUBSTANCE USE SCALE,Adverse Consequences of Substance Use Scale,ACSUS,General,NA,575,NA,NA,NA,NA,NA,NA,NA,NA,NA,NA,NA,NA,NA,NA,NA,NA,NA,NA,NA,NA,NA,NA,NA,NA,NA,NA,NA,NA,NA,NA,NA,NA,NA,NA,NA,NA,NA,NA,NA,NA,NA,NA,NA,NA,NA,NA,NA,NA,NA,NA,NA,NA,NA,NA,NA,NA,NA,NA,NA,NA,NA,NA,Adverse Consequences of Substance Use Scale,ACSUS,General,8,No,Paywall,https://ncsacw.samhsa.gov/files/SAFERR_AppendixD.pdf,Exclude,Cost,1,NA,NA,NA,NA,NA,NA,NA,NA,NA,NA
175,"ALCOHOL, SMOKING AND SUBSTANCE INVOLVEMENT SCREENING TEST - FREQUENCY AND CONCERN","Alcohol, Smoking and Substance Involvement Screening Test – Frequency and Concern",ASSIST-FC,General,NA,138,NA,NA,NA,NA,NA,NA,NA,NA,NA,NA,NA,NA,NA,NA,NA,NA,NA,NA,NA,NA,NA,NA,NA,NA,NA,NA,NA,NA,NA,NA,NA,NA,NA,NA,NA,NA,NA,NA,NA,NA,NA,NA,NA,NA,NA,NA,NA,NA,NA,NA,NA,NA,NA,NA,NA,NA,NA,NA,NA,NA,NA,NA,"Alcohol, Smoking and Substance Involvement Screening Test – Frequency and Concern",ASSIST-FC,General,2,Yes,Print-ready,https://health.uconn.edu/sbirtacademy/wp-content/uploads/sites/101/2018/03/ASSIST-FC_Screening-Test_Scoring_Response-Card.pdf,Include,NA,1,"McRee et al., 2018","Alcohol, Smoking and Substance Involvement Screening Test – Frequency and Concern",General,"Severity, Use",Adequate,Good,Adequate,NA,"CONCUR, DIVERG",Not applicable
176,BRIEF ADDICTION MONITOR - CONTINUOUS,Brief Addiction Monitor - Continuous,BAM-C,General,NA,21,450,311,NA,NA,NA,NA,NA,NA,NA,NA,NA,NA,NA,NA,NA,NA,NA,NA,NA,NA,NA,NA,NA,NA,NA,NA,NA,NA,NA,NA,NA,NA,NA,NA,NA,NA,NA,NA,NA,NA,NA,NA,NA,NA,NA,NA,NA,NA,NA,NA,NA,NA,NA,NA,NA,NA,NA,NA,NA,NA,NA,NA,Brief Addiction Monitor - Continuous,BAM-C,General,17,Yes,Print-ready,https://www.mentalhealth.va.gov/providers/sud/docs/BAM_Scoring_Clinical_Guidelines_01-04-2011.pdf,Include,NA,1,"Cacciola et al., 2013",Brief Addiction Monitor – Continuous,General,Severity,Adequate,Good,Good,Excellent,PREDICT,X
177,"BRIEF SCREENER FOR TOBACCO, ALCOHOL, AND OTHER DRUGS","Brief Screener for Tobacco, Alcohol, and other Drugs",BSTAD,General,NA,688,NA,NA,NA,NA,NA,NA,NA,NA,NA,NA,NA,NA,NA,NA,NA,NA,NA,NA,NA,NA,NA,NA,NA,NA,NA,NA,NA,NA,NA,NA,NA,NA,NA,NA,NA,NA,NA,NA,NA,NA,NA,NA,NA,NA,NA,NA,NA,NA,NA,NA,NA,NA,NA,NA,NA,NA,NA,NA,NA,NA,NA,NA,"Brief Screener for Tobacco, Alcohol, and other Drugs",BSTAD,General,11,Yes,Print-ready,https://www.drugabuse.gov/ast/bstad/#/,Exclude,No scoring/instructions/interpretation,1,NA,NA,NA,NA,NA,NA,NA,NA,NA,NA
178,BRIEF SITUATIONAL CONFIDENCE QUESTIONNAIRE,Brief Situational Confidence Questionnaire,BSCQ,General,NA,208,NA,NA,NA,NA,NA,NA,NA,NA,NA,NA,NA,NA,NA,NA,NA,NA,NA,NA,NA,NA,NA,NA,NA,NA,NA,NA,NA,NA,NA,NA,NA,NA,NA,NA,NA,NA,NA,NA,NA,NA,NA,NA,NA,NA,NA,NA,NA,NA,NA,NA,NA,NA,NA,NA,NA,NA,NA,NA,NA,NA,NA,NA,Brief Situational Confidence Questionnaire,BSCQ,General,8,Yes,Needs formatting,https://store.samhsa.gov/sites/default/files/d7/priv/tip35_final_508_compliant_-_02252020_0.pdf,Include,NA,1,"Breslin et al., 2000",Brief Situational Confidence Questionnaire,Alcohol,Self-Efficacy,Good,Good,Excellent,Excellent,"CONCUR, CONVERG, PREDICT",X
179,BRIEF SUBSTANCE CRAVING SCALE,Brief Substance Craving Scale,BCSC,General,NA,496,NA,NA,NA,NA,NA,NA,NA,NA,NA,NA,NA,NA,NA,NA,NA,NA,NA,NA,NA,NA,NA,NA,NA,NA,NA,NA,NA,NA,NA,NA,NA,NA,NA,NA,NA,NA,NA,NA,NA,NA,NA,NA,NA,NA,NA,NA,NA,NA,NA,NA,NA,NA,NA,NA,NA,NA,NA,NA,NA,NA,NA,NA,Brief Substance Craving Scale,BCSC,General,16,Yes,Print-ready,https://adai.uw.edu/instruments/pdf/Brief_Substance_Craving_Scale_50.pdf,Exclude,No scoring/instructions/interpretation,1,NA,NA,NA,NA,NA,NA,NA,NA,NA,NA
180,CHANGE ASSESMENT FOR DRUG USE,Change Assesment for Drug Use,CAD,General,NA,632,NA,NA,NA,NA,NA,NA,NA,NA,NA,NA,NA,NA,NA,NA,NA,NA,NA,NA,NA,NA,NA,NA,NA,NA,NA,NA,NA,NA,NA,NA,NA,NA,NA,NA,NA,NA,NA,NA,NA,NA,NA,NA,NA,NA,NA,NA,NA,NA,NA,NA,NA,NA,NA,NA,NA,NA,NA,NA,NA,NA,NA,NA,Change Assesment for Drug Use,CAD,General,32,Unknown,NA,NA,Exclude,Too many items,1,NA,NA,NA,NA,NA,NA,NA,NA,NA,NA
181,CRAFFT SUBSTANCE ABUSE SCREENING INSTRUMENT,CRAFFT Substance Abuse Screening Instrument,CRAFFT,General,NA,243,6,474,517,279,563,672,684,705,724,745,757,745,683,456,NA,NA,NA,NA,NA,NA,NA,NA,NA,NA,NA,NA,NA,NA,NA,NA,NA,NA,NA,NA,NA,NA,NA,NA,NA,NA,NA,NA,NA,NA,NA,NA,NA,NA,NA,NA,NA,NA,NA,NA,NA,NA,NA,NA,NA,NA,NA,NA,CRAFFT Substance Abuse Screening Instrument,CRAFFT,General,9,Yes,Print-ready,https://www.sunshinehealth.com/content/dam/centene/Sunshine/pdfs/CRAFFT.pdf,Include,NA,1,"Knight et al., 1999",CRAFFT Substance Abuse Screening Instrument,General,Use,Excellent,Excellent,Excellent,Good,"CONCUR, CONVERG, DIVERG",Not applicable
182,CRAVING BELIEFS QUESTIONNAIRE,Craving Beliefs Questionnaire,CBQ,General,NA,402,NA,NA,NA,NA,NA,NA,NA,NA,NA,NA,NA,NA,NA,NA,NA,NA,NA,NA,NA,NA,NA,NA,NA,NA,NA,NA,NA,NA,NA,NA,NA,NA,NA,NA,NA,NA,NA,NA,NA,NA,NA,NA,NA,NA,NA,NA,NA,NA,NA,NA,NA,NA,NA,NA,NA,NA,NA,NA,NA,NA,NA,NA,Craving Beliefs Questionnaire,CBQ,General,20,Yes,Print-ready,https://www.co.fresno.ca.us/home/showpublisheddocument/40239/637133064140970000,Exclude,Copyright,1,NA,NA,NA,NA,NA,NA,NA,NA,NA,NA
183,CRAVING EXPERIENCE QUESTIONNAIRE,Craving Experience Questionnaire,CEQ,General,NA,312,NA,NA,NA,NA,NA,NA,NA,NA,NA,NA,NA,NA,NA,NA,NA,NA,NA,NA,NA,NA,NA,NA,NA,NA,NA,NA,NA,NA,NA,NA,NA,NA,NA,NA,NA,NA,NA,NA,NA,NA,NA,NA,NA,NA,NA,NA,NA,NA,NA,NA,NA,NA,NA,NA,NA,NA,NA,NA,NA,NA,NA,NA,Craving Experience Questionnaire,CEQ,General,45,Unknown,NA,NA,Exclude,Too many items,1,NA,NA,NA,NA,NA,NA,NA,NA,NA,NA
184,CRAVING TYPOLOGY QUESTIONNAIRE,Craving Typology Questionnaire,CTQ,General,NA,264,NA,NA,NA,NA,NA,NA,NA,NA,NA,NA,NA,NA,NA,NA,NA,NA,NA,NA,NA,NA,NA,NA,NA,NA,NA,NA,NA,NA,NA,NA,NA,NA,NA,NA,NA,NA,NA,NA,NA,NA,NA,NA,NA,NA,NA,NA,NA,NA,NA,NA,NA,NA,NA,NA,NA,NA,NA,NA,NA,NA,NA,NA,Craving Typology Questionnaire,CTQ,General,20,No, , ,Exclude,Not found,1,NA,NA,NA,NA,NA,NA,NA,NA,NA,NA
185,CRAVINGS METACOGNITION SCALE,Cravings Metacognition Scale, ,General,NA,74,NA,NA,NA,NA,NA,NA,NA,NA,NA,NA,NA,NA,NA,NA,NA,NA,NA,NA,NA,NA,NA,NA,NA,NA,NA,NA,NA,NA,NA,NA,NA,NA,NA,NA,NA,NA,NA,NA,NA,NA,NA,NA,NA,NA,NA,NA,NA,NA,NA,NA,NA,NA,NA,NA,NA,NA,NA,NA,NA,NA,NA,NA,Cravings Metacognition Scale, ,General,13,No, , ,Exclude,Not found,1,NA,NA,NA,NA,NA,NA,NA,NA,NA,NA
186,DEGREE OF DRUG USE INDEX,Degree of Drug Use Index,DDI,General,NA,346,NA,NA,NA,NA,NA,NA,NA,NA,NA,NA,NA,NA,NA,NA,NA,NA,NA,NA,NA,NA,NA,NA,NA,NA,NA,NA,NA,NA,NA,NA,NA,NA,NA,NA,NA,NA,NA,NA,NA,NA,NA,NA,NA,NA,NA,NA,NA,NA,NA,NA,NA,NA,NA,NA,NA,NA,NA,NA,NA,NA,NA,NA,Degree of Drug Use Index,DDI,General,9,No, , ,Exclude,Not found,1,NA,NA,NA,NA,NA,NA,NA,NA,NA,NA
187,DESIRES FOR DRUG QUESTIONNAIRE,Desires for Drug Questionnaire,DDQ-R,General,NA,414,666,NA,NA,NA,NA,NA,NA,NA,NA,NA,NA,NA,NA,NA,NA,NA,NA,NA,NA,NA,NA,NA,NA,NA,NA,NA,NA,NA,NA,NA,NA,NA,NA,NA,NA,NA,NA,NA,NA,NA,NA,NA,NA,NA,NA,NA,NA,NA,NA,NA,NA,NA,NA,NA,NA,NA,NA,NA,NA,NA,NA,NA,Desires for Drug Questionnaire,DDQ-R,General,20,No, , ,Exclude,Not found,1,NA,NA,NA,NA,NA,NA,NA,NA,NA,NA
188,DRUG ABUSE PROBLEM ASSESSMENT FOR PRIMARY CARE,Drug Abuse Problem Assessment for Primary Care,DAPA-PC,General,NA,750,NA,NA,NA,NA,NA,NA,NA,NA,NA,NA,NA,NA,NA,NA,NA,NA,NA,NA,NA,NA,NA,NA,NA,NA,NA,NA,NA,NA,NA,NA,NA,NA,NA,NA,NA,NA,NA,NA,NA,NA,NA,NA,NA,NA,NA,NA,NA,NA,NA,NA,NA,NA,NA,NA,NA,NA,NA,NA,NA,NA,NA,NA,Drug Abuse Problem Assessment for Primary Care,DAPA-PC,General,12,No, , ,Exclude,Not found,1,NA,NA,NA,NA,NA,NA,NA,NA,NA,NA
189,DRUG ABUSE SCREENING TEST,Drug Abuse Screening Test,DAST,General,NA,680,NA,NA,NA,NA,NA,NA,NA,NA,NA,NA,NA,NA,NA,NA,NA,NA,NA,NA,NA,NA,NA,NA,NA,NA,NA,NA,NA,NA,NA,NA,NA,NA,NA,NA,NA,NA,NA,NA,NA,NA,NA,NA,NA,NA,NA,NA,NA,NA,NA,NA,NA,NA,NA,NA,NA,NA,NA,NA,NA,NA,NA,NA,Drug Abuse Screening Test,DAST,General,28,Yes,Print-ready,https://www.uspreventiveservicestaskforce.org/home/getfilebytoken/Z3EFdR3PjZKxrRs783_XKH,Exclude,Too many items,1,NA,NA,NA,NA,NA,NA,NA,NA,NA,NA
190,DRUG ABUSE SCREENING TEST,Drug Abuse Screening Test,DAST,General,NA,680,NA,NA,NA,NA,NA,NA,NA,NA,NA,NA,NA,NA,NA,NA,NA,NA,NA,NA,NA,NA,NA,NA,NA,NA,NA,NA,NA,NA,NA,NA,NA,NA,NA,NA,NA,NA,NA,NA,NA,NA,NA,NA,NA,NA,NA,NA,NA,NA,NA,NA,NA,NA,NA,NA,NA,NA,NA,NA,NA,NA,NA,NA,Drug Abuse Screening Test,DAST-2,General,28,Yes,Print-ready,https://www.uspreventiveservicestaskforce.org/home/getfilebytoken/Z3EFdR3PjZKxrRs783_XKH,Exclude,Too many items,1,NA,NA,NA,NA,NA,NA,NA,NA,NA,NA
191,DRUG ABUSE SCREENING TEST,Drug Abuse Screening Test,DAST-2,General,NA,680,NA,NA,NA,NA,NA,NA,NA,NA,NA,NA,NA,NA,NA,NA,NA,NA,NA,NA,NA,NA,NA,NA,NA,NA,NA,NA,NA,NA,NA,NA,NA,NA,NA,NA,NA,NA,NA,NA,NA,NA,NA,NA,NA,NA,NA,NA,NA,NA,NA,NA,NA,NA,NA,NA,NA,NA,NA,NA,NA,NA,NA,NA,Drug Abuse Screening Test,DAST,General,28,Yes,Print-ready,https://www.uspreventiveservicestaskforce.org/home/getfilebytoken/Z3EFdR3PjZKxrRs783_XKH,Exclude,Too many items,1,NA,NA,NA,NA,NA,NA,NA,NA,NA,NA
192,DRUG ABUSE SCREENING TEST,Drug Abuse Screening Test,DAST-2,General,NA,680,NA,NA,NA,NA,NA,NA,NA,NA,NA,NA,NA,NA,NA,NA,NA,NA,NA,NA,NA,NA,NA,NA,NA,NA,NA,NA,NA,NA,NA,NA,NA,NA,NA,NA,NA,NA,NA,NA,NA,NA,NA,NA,NA,NA,NA,NA,NA,NA,NA,NA,NA,NA,NA,NA,NA,NA,NA,NA,NA,NA,NA,NA,Drug Abuse Screening Test,DAST-2,General,28,Yes,Print-ready,https://www.uspreventiveservicestaskforce.org/home/getfilebytoken/Z3EFdR3PjZKxrRs783_XKH,Exclude,Too many items,1,NA,NA,NA,NA,NA,NA,NA,NA,NA,NA
193,DRUG ABUSE SCREENING TEST FOR ADOLESCENTS,Drug Abuse Screening Test for Adolescents,DAST-A,General,NA,735,293,456,NA,NA,NA,NA,NA,NA,NA,NA,NA,NA,NA,NA,NA,NA,NA,NA,NA,NA,NA,NA,NA,NA,NA,NA,NA,NA,NA,NA,NA,NA,NA,NA,NA,NA,NA,NA,NA,NA,NA,NA,NA,NA,NA,NA,NA,NA,NA,NA,NA,NA,NA,NA,NA,NA,NA,NA,NA,NA,NA,NA,Drug Abuse Screening Test for Adolescents,DAST-A,General,27,Unknown,NA,NA,Exclude,Too many items,1,NA,NA,NA,NA,NA,NA,NA,NA,NA,NA
194,DRUG ABUSE SCREENING TEST-10,Drug Abuse Screening Test-10,DAST-10,General,NA,164,439,415,690,718,818,703,699,405,NA,NA,NA,NA,NA,NA,NA,NA,NA,NA,NA,NA,NA,NA,NA,NA,NA,NA,NA,NA,NA,NA,NA,NA,NA,NA,NA,NA,NA,NA,NA,NA,NA,NA,NA,NA,NA,NA,NA,NA,NA,NA,NA,NA,NA,NA,NA,NA,NA,NA,NA,NA,NA,NA,Drug Abuse Screening Test-10,DAST-10,General,10,Yes,Print-ready,https://gwep.usc.edu/wp-content/uploads/2019/11/DAST-10-drug-abuse-screening-test.pdf,Include,NA,1,"Bohn et al., 1991",Drug Abuse Screening Test-10,General,Use,Excellent,Good,Excellent,Good,"CONCUR, CONVERG",Not applicable
195,DRUG ABUSE SCREENING TEST-20,Drug Abuse Screening Test-20,DAST-20,General,NA,18,454,722,776,710,738,439,NA,NA,NA,NA,NA,NA,NA,NA,NA,NA,NA,NA,NA,NA,NA,NA,NA,NA,NA,NA,NA,NA,NA,NA,NA,NA,NA,NA,NA,NA,NA,NA,NA,NA,NA,NA,NA,NA,NA,NA,NA,NA,NA,NA,NA,NA,NA,NA,NA,NA,NA,NA,NA,NA,NA,NA,Drug Abuse Screening Test-20,DAST-20,General,20,Yes,Print-ready,https://odh.ohio.gov/wps/wcm/connect/gov/db243c91-5fcc-4b6e-b421-2ff8d64b30b7/Substance+Abuse+Screen+%28DAST-20%29.pdf?MOD=AJPERES&CONVERT_TO=url&CACHEID=ROOTWORKSPACE.Z18_M1HGGIK0N0JO00QO9DDDDM3000-db243c91-5fcc-4b6e-b421-2ff8d64b30b7-n5rNH7M,Include,NA,1,"Skinner & Goldberg, 1986",Drug Abuse Screening Test-20,General,Use,Excellent,Good,Excellent,Good,"CONCUR, CONVERG, DIVERG",Not applicable
196,DRUG EFFECTS QUESTIONNAIRE,Drug Effects Questionnaire,DEQ,General,NA,290,NA,NA,NA,NA,NA,NA,NA,NA,NA,NA,NA,NA,NA,NA,NA,NA,NA,NA,NA,NA,NA,NA,NA,NA,NA,NA,NA,NA,NA,NA,NA,NA,NA,NA,NA,NA,NA,NA,NA,NA,NA,NA,NA,NA,NA,NA,NA,NA,NA,NA,NA,NA,NA,NA,NA,NA,NA,NA,NA,NA,NA,NA,Drug Effects Questionnaire,DEQ,General,13,Yes,Needs formatting,http://europepmc.org/backend/ptpmcrender.fcgi?accid=PMC3624068&blobtype=pdf,Exclude,No scoring/instructions/interpretation,1,NA,NA,NA,NA,NA,NA,NA,NA,NA,NA
197,DRUG USE DISORDER  IDENTIFICATION TEST - EXTENDED,Drug Use Disorder  Identification Test - Extended,DUDIT-E,General,NA,721,447,NA,NA,NA,NA,NA,NA,NA,NA,NA,NA,NA,NA,NA,NA,NA,NA,NA,NA,NA,NA,NA,NA,NA,NA,NA,NA,NA,NA,NA,NA,NA,NA,NA,NA,NA,NA,NA,NA,NA,NA,NA,NA,NA,NA,NA,NA,NA,NA,NA,NA,NA,NA,NA,NA,NA,NA,NA,NA,NA,NA,NA,Drug Use Disorder  Identification Test - Extended,DUDIT-E,General,44,Unknown,NA,NA,Exclude,Too many items,1,NA,NA,NA,NA,NA,NA,NA,NA,NA,NA
198,DRUG USE DISORDER QUESTIONNAIRE,Drug Use Disorder Questionnaire,DUD,General,NA,692,NA,NA,NA,NA,NA,NA,NA,NA,NA,NA,NA,NA,NA,NA,NA,NA,NA,NA,NA,NA,NA,NA,NA,NA,NA,NA,NA,NA,NA,NA,NA,NA,NA,NA,NA,NA,NA,NA,NA,NA,NA,NA,NA,NA,NA,NA,NA,NA,NA,NA,NA,NA,NA,NA,NA,NA,NA,NA,NA,NA,NA,NA,Drug Use Disorder Questionnaire,DUD,General,12,No, , ,Exclude,Not accessible in print-ready format,1,NA,NA,NA,NA,NA,NA,NA,NA,NA,NA
199,DRUG USE DISORDERS IDENTIFICATION TEST,Drug Use Disorders Identification Test,DUDIT,General,NA,132,168,276,341,413,452,427,686,708,718,729,NA,NA,NA,NA,NA,NA,NA,NA,NA,NA,NA,NA,NA,NA,NA,NA,NA,NA,NA,NA,NA,NA,NA,NA,NA,NA,NA,NA,NA,NA,NA,NA,NA,NA,NA,NA,NA,NA,NA,NA,NA,NA,NA,NA,NA,NA,NA,NA,NA,NA,NA,NA,Drug Use Disorders Identification Test,DUDIT,General,11,Yes,Print-ready,https://paihdelinkki.fi/sites/default/files/duditmanual.pdf,Include,NA,1,"Berman et al., 2003",Drug Use Disorders Identification Test,General,Use,Excellent,Good,Excellent,Good,"CONCUR, DIVERG",Not applicable
200,DRUG USE FREQUENCY,Drug Use Frequency,DUF,General,NA,310,755,NA,NA,NA,NA,NA,NA,NA,NA,NA,NA,NA,NA,NA,NA,NA,NA,NA,NA,NA,NA,NA,NA,NA,NA,NA,NA,NA,NA,NA,NA,NA,NA,NA,NA,NA,NA,NA,NA,NA,NA,NA,NA,NA,NA,NA,NA,NA,NA,NA,NA,NA,NA,NA,NA,NA,NA,NA,NA,NA,NA,NA,Drug Use Frequency,DUF,General,12,No,Needs formatting, https://www.google.com/url?sa=t&rct=j&q=&esrc=s&source=web&cd=&ved=2ahUKEwi-_cLYm5z5AhXwhIkEHV3oD_8QFnoECCcQAQ&url=https%3A%2F%2Fprism.ucalgary.ca%2Fbitstream%2Fhandle%2F11023%2F3691%2Fucalgary_2017_farstad_sarah.pdf%3Fsequence%3D1%26isAllowed%3Dy&usg=AOvVaw0H7CPdLCweGFz7R_yXZ9fB,Exclude,No scoring/instructions/interpretation,1,NA,NA,NA,NA,NA,NA,NA,NA,NA,NA
201,DRUG USE MOTIVES QUESTIONNAIRE,Drug Use Motives Questionnaire,DUMQ,General,NA,24,NA,NA,NA,NA,NA,NA,NA,NA,NA,NA,NA,NA,NA,NA,NA,NA,NA,NA,NA,NA,NA,NA,NA,NA,NA,NA,NA,NA,NA,NA,NA,NA,NA,NA,NA,NA,NA,NA,NA,NA,NA,NA,NA,NA,NA,NA,NA,NA,NA,NA,NA,NA,NA,NA,NA,NA,NA,NA,NA,NA,NA,NA,Drug Use Motives Questionnaire,DUMQ,General,15,No, , ,Exclude,Not found,1,NA,NA,NA,NA,NA,NA,NA,NA,NA,NA
202,DRUG USE QUALITY OF LIFE SCALE,Drug Use Quality of Life Scale,DUQOL,General,NA,229,NA,NA,NA,NA,NA,NA,NA,NA,NA,NA,NA,NA,NA,NA,NA,NA,NA,NA,NA,NA,NA,NA,NA,NA,NA,NA,NA,NA,NA,NA,NA,NA,NA,NA,NA,NA,NA,NA,NA,NA,NA,NA,NA,NA,NA,NA,NA,NA,NA,NA,NA,NA,NA,NA,NA,NA,NA,NA,NA,NA,NA,NA,Drug Use Quality of Life Scale,DUQOL,General,22,No, , ,Exclude,Not found,1,NA,NA,NA,NA,NA,NA,NA,NA,NA,NA
203,DRUG-TAKING CONFIDENCE QUESTIONNAIRE 8,Drug-Taking Confidence Questionnaire 8,DTCQ-8,General,NA,386,520,NA,NA,NA,NA,NA,NA,NA,NA,NA,NA,NA,NA,NA,NA,NA,NA,NA,NA,NA,NA,NA,NA,NA,NA,NA,NA,NA,NA,NA,NA,NA,NA,NA,NA,NA,NA,NA,NA,NA,NA,NA,NA,NA,NA,NA,NA,NA,NA,NA,NA,NA,NA,NA,NA,NA,NA,NA,NA,NA,NA,NA,Drug-Taking Confidence Questionnaire,DTCQ-8,General,8,Yes,Print-ready,https://help.greenspacehealth.com/article/77-situational-confidence-drugs-dtcq-8d,Include,NA,1,"Sklar & Turner, 1997",Drug-Taking Confidence Questionnaire 8,General,Self-Efficacy,Adequate,Adequate,Good,NA,"CONVERG, DISCRIM",NA
204,INDEX OF DRUG INVOLEMENT,Index of Drug Involement,IDI,General,NA,203,NA,NA,NA,NA,NA,NA,NA,NA,NA,NA,NA,NA,NA,NA,NA,NA,NA,NA,NA,NA,NA,NA,NA,NA,NA,NA,NA,NA,NA,NA,NA,NA,NA,NA,NA,NA,NA,NA,NA,NA,NA,NA,NA,NA,NA,NA,NA,NA,NA,NA,NA,NA,NA,NA,NA,NA,NA,NA,NA,NA,NA,NA,Index of Drug Involement,IDI,General,25,No, , ,Exclude,Not found,1,NA,NA,NA,NA,NA,NA,NA,NA,NA,NA
205,INDIGENOUS RISK IMPACT SCREEN,Indigenous Risk Impact Screen,IRIS,General,NA,392,NA,NA,NA,NA,NA,NA,NA,NA,NA,NA,NA,NA,NA,NA,NA,NA,NA,NA,NA,NA,NA,NA,NA,NA,NA,NA,NA,NA,NA,NA,NA,NA,NA,NA,NA,NA,NA,NA,NA,NA,NA,NA,NA,NA,NA,NA,NA,NA,NA,NA,NA,NA,NA,NA,NA,NA,NA,NA,NA,NA,NA,NA,Indigenous Risk Impact Screen,IRIS,General,13,Yes,Print-ready,https://insight.qld.edu.au/file/153/download,Include,NA,1,"Schlesinger et al., 2007",Indigenous Risk Impact Screen,General,Use,Good,Good,Good,Excellent,"CONCUR, CONVERG",X
206,INVENTORY OF DRUG USE CONSEQUENCES,Inventory of Drug Use Consequences,InDUC,General,NA,104,114,543,604,187,643,NA,NA,NA,NA,NA,NA,NA,NA,NA,NA,NA,NA,NA,NA,NA,NA,NA,NA,NA,NA,NA,NA,NA,NA,NA,NA,NA,NA,NA,NA,NA,NA,NA,NA,NA,NA,NA,NA,NA,NA,NA,NA,NA,NA,NA,NA,NA,NA,NA,NA,NA,NA,NA,NA,NA,NA,NA,Inventory of Drug Use Consequences,InDUC,General,50,Unknown,NA,NA,Exclude,Too many items,1,NA,NA,NA,NA,NA,NA,NA,NA,NA,NA
207,INVENTORY OF DRUG-TAKING SITUATIONS,Inventory of Drug-Taking Situations,IDTS,General,NA,629,33,NA,NA,NA,NA,NA,NA,NA,NA,NA,NA,NA,NA,NA,NA,NA,NA,NA,NA,NA,NA,NA,NA,NA,NA,NA,NA,NA,NA,NA,NA,NA,NA,NA,NA,NA,NA,NA,NA,NA,NA,NA,NA,NA,NA,NA,NA,NA,NA,NA,NA,NA,NA,NA,NA,NA,NA,NA,NA,NA,NA,NA,Inventory of Drug-Taking Situations,IDTS,General,50,Unknown,NA,NA,Exclude,Too many items,1,NA,NA,NA,NA,NA,NA,NA,NA,NA,NA
208,JUVENILE OFFENDER SUBSTANCE ABUSE SCREEN,Juvenile Offender Substance Abuse Screen,JJ-SAS,General,NA,567,NA,NA,NA,NA,NA,NA,NA,NA,NA,NA,NA,NA,NA,NA,NA,NA,NA,NA,NA,NA,NA,NA,NA,NA,NA,NA,NA,NA,NA,NA,NA,NA,NA,NA,NA,NA,NA,NA,NA,NA,NA,NA,NA,NA,NA,NA,NA,NA,NA,NA,NA,NA,NA,NA,NA,NA,NA,NA,NA,NA,NA,NA,Juvenile Offender Substance Abuse Screen,JJ-SAS,General,Unknown,No, , ,Exclude,Not found,1,NA,NA,NA,NA,NA,NA,NA,NA,NA,NA
209,LEEDS DEPENDENCE QUESTIONNAIRE,Leeds Dependence Questionnaire,LDQ,General,NA,16,265,535,551,742,538,489,NA,NA,NA,NA,NA,NA,NA,NA,NA,NA,NA,NA,NA,NA,NA,NA,NA,NA,NA,NA,NA,NA,NA,NA,NA,NA,NA,NA,NA,NA,NA,NA,NA,NA,NA,NA,NA,NA,NA,NA,NA,NA,NA,NA,NA,NA,NA,NA,NA,NA,NA,NA,NA,NA,NA,NA,Leeds Dependence Questionnaire,LDQ,General,10,Yes,Print-ready,https://onlinelibrary.wiley.com/doi/pdf/10.1002/9780470693742.app7,Include,NA,1,"Raistrick et al., 1994",Leeds Dependence Questionnaire,General,Severity,Excellent,Excellent,Excellent,Excellent,"CONCUR, CONVERG, DIVERG, DISCRIM",X
210,LIFESTYLE HISTORY QUESTIONNAIRE,Lifestyle History Questionnaire,LHQ,General,NA,437,NA,NA,NA,NA,NA,NA,NA,NA,NA,NA,NA,NA,NA,NA,NA,NA,NA,NA,NA,NA,NA,NA,NA,NA,NA,NA,NA,NA,NA,NA,NA,NA,NA,NA,NA,NA,NA,NA,NA,NA,NA,NA,NA,NA,NA,NA,NA,NA,NA,NA,NA,NA,NA,NA,NA,NA,NA,NA,NA,NA,NA,NA,Lifestyle History Questionnaire,LHQ,General,70,Unknown,NA,NA,Exclude,Too many items,1,NA,NA,NA,NA,NA,NA,NA,NA,NA,NA
211,LIFETIME VERSION OF THE INDUC,Lifetime Version of the InDUC,InDUC-2L,General,NA,104,NA,NA,NA,NA,NA,NA,NA,NA,NA,NA,NA,NA,NA,NA,NA,NA,NA,NA,NA,NA,NA,NA,NA,NA,NA,NA,NA,NA,NA,NA,NA,NA,NA,NA,NA,NA,NA,NA,NA,NA,NA,NA,NA,NA,NA,NA,NA,NA,NA,NA,NA,NA,NA,NA,NA,NA,NA,NA,NA,NA,NA,NA,Lifetime Version of the InDUC,InDUC-2L,General,50,Unknown,NA,NA,Exclude,Too many items,1,NA,NA,NA,NA,NA,NA,NA,NA,NA,NA
212,MAUDSLEY ADDICTION PROFILE,Maudsley Addiction Profile,MAP,General,NA,794,NA,NA,NA,NA,NA,NA,NA,NA,NA,NA,NA,NA,NA,NA,NA,NA,NA,NA,NA,NA,NA,NA,NA,NA,NA,NA,NA,NA,NA,NA,NA,NA,NA,NA,NA,NA,NA,NA,NA,NA,NA,NA,NA,NA,NA,NA,NA,NA,NA,NA,NA,NA,NA,NA,NA,NA,NA,NA,NA,NA,NA,NA,Maudsley Addiction Profile,MAP,General,60,Unknown,NA,NA,Exclude,Too many items,1,NA,NA,NA,NA,NA,NA,NA,NA,NA,NA
213,MINNESOTA SUBSTANCE ABUSE PROBLEM SCALE,Minnesota Substance Abuse Problem Scale,M-SAPS,General,NA,626,NA,NA,NA,NA,NA,NA,NA,NA,NA,NA,NA,NA,NA,NA,NA,NA,NA,NA,NA,NA,NA,NA,NA,NA,NA,NA,NA,NA,NA,NA,NA,NA,NA,NA,NA,NA,NA,NA,NA,NA,NA,NA,NA,NA,NA,NA,NA,NA,NA,NA,NA,NA,NA,NA,NA,NA,NA,NA,NA,NA,NA,NA,Minnesota Substance Abuse Problem Scale,M-SAPS,General,37,Unknown,NA,NA,Exclude,Too many items,1,NA,NA,NA,NA,NA,NA,NA,NA,NA,NA
214,NEGATIVE EXPECTANCIES SCALE,Negative Expectancies Scale,NES,General,NA,186,NA,NA,NA,NA,NA,NA,NA,NA,NA,NA,NA,NA,NA,NA,NA,NA,NA,NA,NA,NA,NA,NA,NA,NA,NA,NA,NA,NA,NA,NA,NA,NA,NA,NA,NA,NA,NA,NA,NA,NA,NA,NA,NA,NA,NA,NA,NA,NA,NA,NA,NA,NA,NA,NA,NA,NA,NA,NA,NA,NA,NA,NA,Negative Expectancies Scale,NES,General,15,No, , ,Exclude,Not found,1,NA,NA,NA,NA,NA,NA,NA,NA,NA,NA
215,OBSESSIVE COMPULSIVE DRUG USE SCALE,Obsessive Compulsive Drug Use Scale,OCDUS,General,NA,88,414,294,666,NA,NA,NA,NA,NA,NA,NA,NA,NA,NA,NA,NA,NA,NA,NA,NA,NA,NA,NA,NA,NA,NA,NA,NA,NA,NA,NA,NA,NA,NA,NA,NA,NA,NA,NA,NA,NA,NA,NA,NA,NA,NA,NA,NA,NA,NA,NA,NA,NA,NA,NA,NA,NA,NA,NA,NA,NA,NA,NA,Obsessive Compulsive Drug Use Scale,OCDUS,General,13,No, , ,Exclude,Not found,1,NA,NA,NA,NA,NA,NA,NA,NA,NA,NA
216,PERSONAL EXPERIENCE SCREENING QUESTIONNAIRE,Personal Experience Screening Questionnaire,PESQ,General,NA,757,766,NA,NA,NA,NA,NA,NA,NA,NA,NA,NA,NA,NA,NA,NA,NA,NA,NA,NA,NA,NA,NA,NA,NA,NA,NA,NA,NA,NA,NA,NA,NA,NA,NA,NA,NA,NA,NA,NA,NA,NA,NA,NA,NA,NA,NA,NA,NA,NA,NA,NA,NA,NA,NA,NA,NA,NA,NA,NA,NA,NA,NA,Personal Experience Screening Questionnaire,PESQ,General,18,No,Paywall, ,Exclude,Cost,1,NA,NA,NA,NA,NA,NA,NA,NA,NA,NA
217,PERSONAL EXPERIENCE SCREENING QUESTIONNAIRE PROBLEM SEVERITY SCALE,Personal Experience Screening Questionnaire Problem Severity Scale,PESQ-PS,General,NA,724,NA,NA,NA,NA,NA,NA,NA,NA,NA,NA,NA,NA,NA,NA,NA,NA,NA,NA,NA,NA,NA,NA,NA,NA,NA,NA,NA,NA,NA,NA,NA,NA,NA,NA,NA,NA,NA,NA,NA,NA,NA,NA,NA,NA,NA,NA,NA,NA,NA,NA,NA,NA,NA,NA,NA,NA,NA,NA,NA,NA,NA,NA,Personal Experience Screening Questionnaire Problem Severity Scale,PESQ-PS,General,18,No, ,https://www.google.com/url?sa=t&rct=j&q=&esrc=s&source=web&cd=&ved=2ahUKEwiMyrGi0br5AhVKj4kEHfXfCdEQFnoECAYQAQ&url=https%3A%2F%2Fpubs.niaaa.nih.gov%2Fpublications%2Fassessingalcohol%2FInstrumentPDFs%2F50_PESQ.pdf&usg=AOvVaw3zU8ceknZvg1fJMizAHAnT,Exclude,Copyright,1,NA,NA,NA,NA,NA,NA,NA,NA,NA,NA
218,PERSONAL EXPERIENCES INVENTORY,Personal Experiences Inventory,PEI,General,NA,56,521,124,603,758,594,805,743,619,121,NA,NA,NA,NA,NA,NA,NA,NA,NA,NA,NA,NA,NA,NA,NA,NA,NA,NA,NA,NA,NA,NA,NA,NA,NA,NA,NA,NA,NA,NA,NA,NA,NA,NA,NA,NA,NA,NA,NA,NA,NA,NA,NA,NA,NA,NA,NA,NA,NA,NA,NA,NA,NA,Personal Experiences Inventory,PEI,General,11,No,Paywall, ,Exclude,Cost,1,NA,NA,NA,NA,NA,NA,NA,NA,NA,NA
219,PRESCRIPTION DRUG ASSESSMENT QUESTIONNAIRE,Prescription Drug Assessment Questionnaire,PDAQ,General,NA,355,NA,NA,NA,NA,NA,NA,NA,NA,NA,NA,NA,NA,NA,NA,NA,NA,NA,NA,NA,NA,NA,NA,NA,NA,NA,NA,NA,NA,NA,NA,NA,NA,NA,NA,NA,NA,NA,NA,NA,NA,NA,NA,NA,NA,NA,NA,NA,NA,NA,NA,NA,NA,NA,NA,NA,NA,NA,NA,NA,NA,NA,NA,Prescription Drug Assessment Questionnaire,PDAQ,General,22,No, , ,Exclude,Not found,1,NA,NA,NA,NA,NA,NA,NA,NA,NA,NA
220,PROBLEM RECOGNITION QUESTIONNAIRE,Problem Recognition Questionnaire,PRQ,General,NA,12,NA,NA,NA,NA,NA,NA,NA,NA,NA,NA,NA,NA,NA,NA,NA,NA,NA,NA,NA,NA,NA,NA,NA,NA,NA,NA,NA,NA,NA,NA,NA,NA,NA,NA,NA,NA,NA,NA,NA,NA,NA,NA,NA,NA,NA,NA,NA,NA,NA,NA,NA,NA,NA,NA,NA,NA,NA,NA,NA,NA,NA,NA,Problem Recognition Questionnaire,PRQ,General,25,Yes,Print-ready,https://www.midss.org/content/problem-recognition-questionnaire-prq-0,Include,NA,1,"Winters et al., 1987",Problem Recognition Questionnaire,Treatment Related,Recovery,Adequate,Adequate,Good,NA,PREDICT,NA
221,REASONS FOR DRUG USE,Reasons for Drug Use,RDU,General,NA,801,NA,NA,NA,NA,NA,NA,NA,NA,NA,NA,NA,NA,NA,NA,NA,NA,NA,NA,NA,NA,NA,NA,NA,NA,NA,NA,NA,NA,NA,NA,NA,NA,NA,NA,NA,NA,NA,NA,NA,NA,NA,NA,NA,NA,NA,NA,NA,NA,NA,NA,NA,NA,NA,NA,NA,NA,NA,NA,NA,NA,NA,NA,Reasons for Drug Use,RDU,General,31,Unknown,NA,NA,Exclude,Too many items,1,NA,NA,NA,NA,NA,NA,NA,NA,NA,NA
222,RELAPSE SITUATION APPRAISAL QUESTIONNAIRE,Relapse Situation Appraisal Questionnaire,RSAQ,General,NA,518,633,NA,NA,NA,NA,NA,NA,NA,NA,NA,NA,NA,NA,NA,NA,NA,NA,NA,NA,NA,NA,NA,NA,NA,NA,NA,NA,NA,NA,NA,NA,NA,NA,NA,NA,NA,NA,NA,NA,NA,NA,NA,NA,NA,NA,NA,NA,NA,NA,NA,NA,NA,NA,NA,NA,NA,NA,NA,NA,NA,NA,NA,Relapse Situation Appraisal Questionnaire,RSAQ,General,26,Unknown,NA,NA,Exclude,Too many items,1,NA,NA,NA,NA,NA,NA,NA,NA,NA,NA
223,SCREENING INSTRUMENT FOR SUBSTANCE ABUSE POTENTIAL,Screening Instrument for Substance Abuse Potential,SISAP,General,NA,405,NA,NA,NA,NA,NA,NA,NA,NA,NA,NA,NA,NA,NA,NA,NA,NA,NA,NA,NA,NA,NA,NA,NA,NA,NA,NA,NA,NA,NA,NA,NA,NA,NA,NA,NA,NA,NA,NA,NA,NA,NA,NA,NA,NA,NA,NA,NA,NA,NA,NA,NA,NA,NA,NA,NA,NA,NA,NA,NA,NA,NA,NA,Screening Instrument for Substance Abuse Potential,SISAP,General,5,Yes,Needs formatting,https://www.researchgate.net/publication/298432609_The_SISAP_A_New_Screening_Instrument_for_Identifying_Potential_Opioid_Abusers_in_the_Management_of_Chronic_Nonmalignant_Pain_Within_General_Medical_Practice/link/56e9c9e708ae25ede830c7e1/download,Exclude,No scoring/instructions/interpretation,1,NA,NA,NA,NA,NA,NA,NA,NA,NA,NA
224,SELF-EFFICACY LIST FOR DRUG USERS,Self-Efficacy List for Drug users,SELD,General,NA,473,NA,NA,NA,NA,NA,NA,NA,NA,NA,NA,NA,NA,NA,NA,NA,NA,NA,NA,NA,NA,NA,NA,NA,NA,NA,NA,NA,NA,NA,NA,NA,NA,NA,NA,NA,NA,NA,NA,NA,NA,NA,NA,NA,NA,NA,NA,NA,NA,NA,NA,NA,NA,NA,NA,NA,NA,NA,NA,NA,NA,NA,NA,Self-Efficacy List for Drug users,SELD,General,22,No, , ,Exclude,Not found,1,NA,NA,NA,NA,NA,NA,NA,NA,NA,NA
225,SEVERITY OF DEPENDENCE SCALE,Severity of Dependence Scale,SDS,General,NA,53,292,312,331,449,520,547,551,8,578,712,744,747,764,669,456,489,NA,NA,NA,NA,NA,NA,NA,NA,NA,NA,NA,NA,NA,NA,NA,NA,NA,NA,NA,NA,NA,NA,NA,NA,NA,NA,NA,NA,NA,NA,NA,NA,NA,NA,NA,NA,NA,NA,NA,NA,NA,NA,NA,NA,NA,NA,Severity of Dependence Scale,SDS,General,5,Yes,Print-ready,https://www.promptdoc.com/wp-content/uploads/2019/02/Severity-of-Dependence-Scale.pdf,Include,NA,1,"Gossop et al., 1995",Severity of Dependence Scale,General,Severity,Excellent,Excellent,Excellent,Excellent,"CONCUR, DIVERG",X
226,SHORT INDEX OF PROBLEMS - DRUG USE,Short Index of Problems - Drug Use,SIP-D,General,NA,723,763,NA,NA,NA,NA,NA,NA,NA,NA,NA,NA,NA,NA,NA,NA,NA,NA,NA,NA,NA,NA,NA,NA,NA,NA,NA,NA,NA,NA,NA,NA,NA,NA,NA,NA,NA,NA,NA,NA,NA,NA,NA,NA,NA,NA,NA,NA,NA,NA,NA,NA,NA,NA,NA,NA,NA,NA,NA,NA,NA,NA,NA,Short Index of Problems - Drug Use,SIP-D,General,15,No, , ,Exclude,Not found,1,NA,NA,NA,NA,NA,NA,NA,NA,NA,NA
227,SHORT INVENTORY OF PROBLEMS,Short Inventory of Problems,SIP,General,NA,NA,NA,NA,NA,NA,NA,NA,NA,NA,NA,NA,NA,NA,NA,NA,NA,NA,NA,NA,NA,NA,NA,NA,NA,NA,NA,NA,NA,NA,NA,NA,NA,NA,NA,NA,NA,NA,NA,NA,NA,NA,NA,NA,NA,NA,NA,NA,NA,NA,NA,NA,NA,NA,NA,NA,NA,NA,NA,NA,NA,NA,NA,NA,Short Inventory of Problems,SIP,General,15,Yes,Print-ready,https://casaa.unm.edu/inst/Short%20Inventory%20of%20Problems.pdf,Include,NA,1,"Tonigan et al., 1995",Short Inventory of Problems,Alcohol,Consequences,Good,Good,Excellent,Excellent,"CONVERG, PREDICT",X
228,SHORT INVENTORY OF PROBLEMS - REVISED,Short Inventory of Problems - revised,SIP-R,General,NA,737,NA,NA,NA,NA,NA,NA,NA,NA,NA,NA,NA,NA,NA,NA,NA,NA,NA,NA,NA,NA,NA,NA,NA,NA,NA,NA,NA,NA,NA,NA,NA,NA,NA,NA,NA,NA,NA,NA,NA,NA,NA,NA,NA,NA,NA,NA,NA,NA,NA,NA,NA,NA,NA,NA,NA,NA,NA,NA,NA,NA,NA,NA,Short Inventory of Problems - revised,SIP-R,General,15,Yes,Print-ready,https://www.treatmentworksforvets.org/wp-content/uploads/2018/04/SIP005.pdf,Include,NA,1,"Kiluk et al., 2013",Short Inventory of Problems – Revised,Alcohol,Consequences,Good,Good,Excellent,NA,"CONCUR, CONVERG, DISCRIM, PREDICT",X
229,SHORT INVENTORY OF PROBLEMS LIFETIME CONSEQUENCES,Short Inventory of Problems Lifetime Consequences,SIPL,General,NA,520,NA,NA,NA,NA,NA,NA,NA,NA,NA,NA,NA,NA,NA,NA,NA,NA,NA,NA,NA,NA,NA,NA,NA,NA,NA,NA,NA,NA,NA,NA,NA,NA,NA,NA,NA,NA,NA,NA,NA,NA,NA,NA,NA,NA,NA,NA,NA,NA,NA,NA,NA,NA,NA,NA,NA,NA,NA,NA,NA,NA,NA,NA,Short Inventory of Problems Lifetime Consequences,SIPL,General,10,No, , ,Exclude,Not found,1,NA,NA,NA,NA,NA,NA,NA,NA,NA,NA
230,SIMPLE SCREENING INSTRUMENT - SUBSTANCE ABUSE,Simple Screening Instrument Substance Abuse,SSI-SA,General,NA,409,NA,NA,NA,NA,NA,NA,NA,NA,NA,NA,NA,NA,NA,NA,NA,NA,NA,NA,NA,NA,NA,NA,NA,NA,NA,NA,NA,NA,NA,NA,NA,NA,NA,NA,NA,NA,NA,NA,NA,NA,NA,NA,NA,NA,NA,NA,NA,NA,NA,NA,NA,NA,NA,NA,NA,NA,NA,NA,NA,NA,NA,NA,Simple Screening Instrument Substance Abuse,SSI-SA,General,18,Yes,Print-ready,https://www.smchealth.org/sites/main/files/file-attachments/1309587949simplescreeninginstrumentforaodabuseform.pdf,Include,NA,1,"Center for Substance Abuse Treatment, 1994",Simple Screening Instrument – Substance Abuse,General,Use,Adequate,Adequate,Adequate,NA,"CONVERG, DIVERG",Not applicable
231,SINGLE SCREENING QUESTION,Single Screening Question,SSQ,General,NA,329,NA,NA,NA,NA,NA,NA,NA,NA,NA,NA,NA,NA,NA,NA,NA,NA,NA,NA,NA,NA,NA,NA,NA,NA,NA,NA,NA,NA,NA,NA,NA,NA,NA,NA,NA,NA,NA,NA,NA,NA,NA,NA,NA,NA,NA,NA,NA,NA,NA,NA,NA,NA,NA,NA,NA,NA,NA,NA,NA,NA,NA,NA,Single Screening Question,SSQ,General,39,Unknown,NA,NA,Exclude,Too many items,1,NA,NA,NA,NA,NA,NA,NA,NA,NA,NA
232,SITUATIONAL CONFIDENCE QUESTIONNAIRE,Situational Confidence Questionnaire,SCQ,General,NA,12,38,206,127,192,208,217,428,33,595,NA,NA,NA,NA,NA,NA,NA,NA,NA,NA,NA,NA,NA,NA,NA,NA,NA,NA,NA,NA,NA,NA,NA,NA,NA,NA,NA,NA,NA,NA,NA,NA,NA,NA,NA,NA,NA,NA,NA,NA,NA,NA,NA,NA,NA,NA,NA,NA,NA,NA,NA,NA,NA,Situational Confidence Questionnaire,SCQ,General,20,Yes,Print-ready,https://endinghomelessnesstoledo.org/wp-content/uploads/2015/09/Situational-Confidence-Questionnaire.doc,Exclude,No scoring/instructions/interpretation,1,NA,NA,NA,NA,NA,NA,NA,NA,NA,NA
233,SUBSTANCE ABUSE SUBTLE SCREENING INVENTORY-4,Substance Abuse Subtle Screening Inventory-4,SASSI-4,General,NA,4,293,NA,NA,NA,NA,NA,NA,NA,NA,NA,NA,NA,NA,NA,NA,NA,NA,NA,NA,NA,NA,NA,NA,NA,NA,NA,NA,NA,NA,NA,NA,NA,NA,NA,NA,NA,NA,NA,NA,NA,NA,NA,NA,NA,NA,NA,NA,NA,NA,NA,NA,NA,NA,NA,NA,NA,NA,NA,NA,NA,NA,NA,Substance Abuse Subtle Screening Inventory-4,SASSI-4,General,93,Unknown,NA,NA,Exclude,Too many items,1,NA,NA,NA,NA,NA,NA,NA,NA,NA,NA
234,SUBSTANCE ABUSE SUBTLE SCREENING INVENTORY 2,Substance Abuse Subtle Screening Inventory 2,SASSI-2,General,NA,623,628,776,293,NA,NA,NA,NA,NA,NA,NA,NA,NA,NA,NA,NA,NA,NA,NA,NA,NA,NA,NA,NA,NA,NA,NA,NA,NA,NA,NA,NA,NA,NA,NA,NA,NA,NA,NA,NA,NA,NA,NA,NA,NA,NA,NA,NA,NA,NA,NA,NA,NA,NA,NA,NA,NA,NA,NA,NA,NA,NA,NA,Substance Abuse Subtle Screening Inventory 2,SASSI-2,General,21,No,Paywall, ,Exclude,Cost,1,NA,NA,NA,NA,NA,NA,NA,NA,NA,NA
235,SUBSTANCE ADDICTION CONSEQUENCES,Substance Addiction Consequences,SAC,General,NA,78,NA,NA,NA,NA,NA,NA,NA,NA,NA,NA,NA,NA,NA,NA,NA,NA,NA,NA,NA,NA,NA,NA,NA,NA,NA,NA,NA,NA,NA,NA,NA,NA,NA,NA,NA,NA,NA,NA,NA,NA,NA,NA,NA,NA,NA,NA,NA,NA,NA,NA,NA,NA,NA,NA,NA,NA,NA,NA,NA,NA,NA,NA,Substance Addiction Consequences,SAC,General,45,Unknown,NA,NA,Exclude,Too many items,1,NA,NA,NA,NA,NA,NA,NA,NA,NA,NA
236,SUBSTANCE CRAVING QUESTIONNAIRE-NOW,Substance Craving Questionnaire-NOW,SCQ-NOW,General,NA,325,NA,NA,NA,NA,NA,NA,NA,NA,NA,NA,NA,NA,NA,NA,NA,NA,NA,NA,NA,NA,NA,NA,NA,NA,NA,NA,NA,NA,NA,NA,NA,NA,NA,NA,NA,NA,NA,NA,NA,NA,NA,NA,NA,NA,NA,NA,NA,NA,NA,NA,NA,NA,NA,NA,NA,NA,NA,NA,NA,NA,NA,NA,Substance Craving Questionnaire-NOW,SCQ-NOW,General,45,Unknown,NA,NA,Exclude,Too many items,1,NA,NA,NA,NA,NA,NA,NA,NA,NA,NA
237,SUBSTANCE CRAVING SCALE,Substance Craving Scale,NA,General,NA,153,NA,NA,NA,NA,NA,NA,NA,NA,NA,NA,NA,NA,NA,NA,NA,NA,NA,NA,NA,NA,NA,NA,NA,NA,NA,NA,NA,NA,NA,NA,NA,NA,NA,NA,NA,NA,NA,NA,NA,NA,NA,NA,NA,NA,NA,NA,NA,NA,NA,NA,NA,NA,NA,NA,NA,NA,NA,NA,NA,NA,NA,NA,Substance Craving Scale,SCS,General,16,Yes,Print-ready,https://adai.uw.edu/instruments/pdf/Brief_Substance_Craving_Scale_50.pdf,Exclude,No scoring/instructions/interpretation,1,NA,NA,NA,NA,NA,NA,NA,NA,NA,NA
238,SUBSTANCE PROBLEM SCALE,Substance Problem Scale,SPS,General,NA,288,455,NA,NA,NA,NA,NA,NA,NA,NA,NA,NA,NA,NA,NA,NA,NA,NA,NA,NA,NA,NA,NA,NA,NA,NA,NA,NA,NA,NA,NA,NA,NA,NA,NA,NA,NA,NA,NA,NA,NA,NA,NA,NA,NA,NA,NA,NA,NA,NA,NA,NA,NA,NA,NA,NA,NA,NA,NA,NA,NA,NA,NA,Substance Problem Scale,SPS,General,10,No, , ,Exclude,Not found,1,NA,NA,NA,NA,NA,NA,NA,NA,NA,NA
239,SUBSTANCE USE RISK PROFILE SCALE,Substance Use Risk Profile Scale,SURPS,General,NA,702,NA,NA,NA,NA,NA,NA,NA,NA,NA,NA,NA,NA,NA,NA,NA,NA,NA,NA,NA,NA,NA,NA,NA,NA,NA,NA,NA,NA,NA,NA,NA,NA,NA,NA,NA,NA,NA,NA,NA,NA,NA,NA,NA,NA,NA,NA,NA,NA,NA,NA,NA,NA,NA,NA,NA,NA,NA,NA,NA,NA,NA,NA,Substance Use Risk Profile Scale,SURPS,General,24,No, , ,Exclude,Not found,1,NA,NA,NA,NA,NA,NA,NA,NA,NA,NA
240,SUBSTANCES AND CHOICES SCALE,Substances and Choices Scale,SACS,General,NA,563,NA,NA,NA,NA,NA,NA,NA,NA,NA,NA,NA,NA,NA,NA,NA,NA,NA,NA,NA,NA,NA,NA,NA,NA,NA,NA,NA,NA,NA,NA,NA,NA,NA,NA,NA,NA,NA,NA,NA,NA,NA,NA,NA,NA,NA,NA,NA,NA,NA,NA,NA,NA,NA,NA,NA,NA,NA,NA,NA,NA,NA,NA,Substances and Choices Scale,SACS,General,29,Unknown,NA,NA,Exclude,Too many items,1,NA,NA,NA,NA,NA,NA,NA,NA,NA,NA
241,TEMPTATION AND RESTRAINT INVENTORY,Temptation and Restraint Inventory,TRI,General,NA,188,294,NA,NA,NA,NA,NA,NA,NA,NA,NA,NA,NA,NA,NA,NA,NA,NA,NA,NA,NA,NA,NA,NA,NA,NA,NA,NA,NA,NA,NA,NA,NA,NA,NA,NA,NA,NA,NA,NA,NA,NA,NA,NA,NA,NA,NA,NA,NA,NA,NA,NA,NA,NA,NA,NA,NA,NA,NA,NA,NA,NA,NA,Temptation and Restraint Inventory,TRI,Alcohol,15,No,Print-ready,https://arc.psych.wisc.edu/self-report/temptation-and-restraint-inventory-tri/,Include,NA,1,"Collins & Lapp, 1992",Temptation and Restraint Inventory,Alcohol,Urges,Adequate,Good,Good,NA,"CONCUR, PREDICT",NA
242,TEMPTATION COPING QUESTIONNAIRE,Temptation Coping Questionnaire,TCQ,General,NA,212,NA,NA,NA,NA,NA,NA,NA,NA,NA,NA,NA,NA,NA,NA,NA,NA,NA,NA,NA,NA,NA,NA,NA,NA,NA,NA,NA,NA,NA,NA,NA,NA,NA,NA,NA,NA,NA,NA,NA,NA,NA,NA,NA,NA,NA,NA,NA,NA,NA,NA,NA,NA,NA,NA,NA,NA,NA,NA,NA,NA,NA,NA,Temptation Coping Questionnaire,TCQ,General,12,Yes,Needs formatting,https://reader.elsevier.com/reader/sd/pii/0899328995900160?token=9C9BFF5B27FFF56BA275BDD74514388B42B431DF81A9E96F5B7F2E1B3D32F68CE70F9D5F3783D009FF1EC10AEBD6B9B5&originRegion=us-east-1&originCreation=20210913014137,Exclude,No scoring/instructions/interpretation,1,NA,NA,NA,NA,NA,NA,NA,NA,NA,NA
243,TEMPTATION TO USE DRUGS SCALE,Temptation to Use Drugs Scale,TU,General,NA,771,NA,NA,NA,NA,NA,NA,NA,NA,NA,NA,NA,NA,NA,NA,NA,NA,NA,NA,NA,NA,NA,NA,NA,NA,NA,NA,NA,NA,NA,NA,NA,NA,NA,NA,NA,NA,NA,NA,NA,NA,NA,NA,NA,NA,NA,NA,NA,NA,NA,NA,NA,NA,NA,NA,NA,NA,NA,NA,NA,NA,NA,NA,Temptation to Use Drugs Scale,TU,General,20,No,Print-ready,https://habitslab.umbc.edu/situation-temptation-scales/,Exclude,Insufficient psychometric data,1,NA,NA,NA,NA,NA,NA,NA,NA,NA,NA
244,TEXAS CHRISTIAN UNIVERSITY DRUG SCREEN,Texas Christian University Drug Screen,TCUDS,General,NA,776,NA,NA,NA,NA,NA,NA,NA,NA,NA,NA,NA,NA,NA,NA,NA,NA,NA,NA,NA,NA,NA,NA,NA,NA,NA,NA,NA,NA,NA,NA,NA,NA,NA,NA,NA,NA,NA,NA,NA,NA,NA,NA,NA,NA,NA,NA,NA,NA,NA,NA,NA,NA,NA,NA,NA,NA,NA,NA,NA,NA,NA,NA,Texas Christian University Drug Screen,TCUDS,General,4,Yes,Print-ready,http://ibr.tcu.edu/wp-content/uploads/2020/09/TCU-Drug-Screen-5-Sept20.pdf,Exclude,Too many items,1,NA,NA,NA,NA,NA,NA,NA,NA,NA,NA
245,TIME TO RELAPSE QUESTIONNAIRE,Time to relapse questionnaire,TRQ,General,NA,533,400,NA,NA,NA,NA,NA,NA,NA,NA,NA,NA,NA,NA,NA,NA,NA,NA,NA,NA,NA,NA,NA,NA,NA,NA,NA,NA,NA,NA,NA,NA,NA,NA,NA,NA,NA,NA,NA,NA,NA,NA,NA,NA,NA,NA,NA,NA,NA,NA,NA,NA,NA,NA,NA,NA,NA,NA,NA,NA,NA,NA,NA,Time to Relapse Questionnaire,TRQ,General,17,Yes,Print-ready,https://www.ncbi.nlm.nih.gov/pmc/articles/PMC3600377/bin/NIHMS429487-supplement-Supplement_1.pdf,Exclude,No scoring/instructions/interpretation,1,NA,NA,NA,NA,NA,NA,NA,NA,NA,NA
246,TRANSADDICTION CRAVING TRIGGERS QUESTIONNAIRE,Transaddiction Craving Triggers Questionnaire,TCTQ,General,NA,234,NA,NA,NA,NA,NA,NA,NA,NA,NA,NA,NA,NA,NA,NA,NA,NA,NA,NA,NA,NA,NA,NA,NA,NA,NA,NA,NA,NA,NA,NA,NA,NA,NA,NA,NA,NA,NA,NA,NA,NA,NA,NA,NA,NA,NA,NA,NA,NA,NA,NA,NA,NA,NA,NA,NA,NA,NA,NA,NA,NA,NA,NA,Transaddiction Craving Triggers Questionnaire,TCTQ,General,43,Unknown,NA,NA,Exclude,Too many items,1,NA,NA,NA,NA,NA,NA,NA,NA,NA,NA
247,YALE CRAVING SCALE,Yale Craving Scale,YCS,General,NA,412,NA,NA,NA,NA,NA,NA,NA,NA,NA,NA,NA,NA,NA,NA,NA,NA,NA,NA,NA,NA,NA,NA,NA,NA,NA,NA,NA,NA,NA,NA,NA,NA,NA,NA,NA,NA,NA,NA,NA,NA,NA,NA,NA,NA,NA,NA,NA,NA,NA,NA,NA,NA,NA,NA,NA,NA,NA,NA,NA,NA,NA,NA,Yale Craving Scale,YCS,General,5,No, , ,Exclude,Not found,1,NA,NA,NA,NA,NA,NA,NA,NA,NA,NA
248,AMERICAN DRUG AND ALCOHOL SURVEY,American Drug and Alcohol Survey,ADAS,General,NA,76,NA,NA,NA,NA,NA,NA,NA,NA,NA,NA,NA,NA,NA,NA,NA,NA,NA,NA,NA,NA,NA,NA,NA,NA,NA,NA,NA,NA,NA,NA,NA,NA,NA,NA,NA,NA,NA,NA,NA,NA,NA,NA,NA,NA,NA,NA,NA,NA,NA,NA,NA,NA,NA,NA,NA,NA,NA,NA,NA,NA,NA,NA,American Drug and Alcohol Survey,ADAS,General,103,Unknown,NA,NA,Exclude,Too many items,1,NA,NA,NA,NA,NA,NA,NA,NA,NA,NA
249,DRUG USE SCREENING INVENTORY,Drug Use Screening Inventory,DUSI,General,NA,204,630,726,594,NA,NA,NA,NA,NA,NA,NA,NA,NA,NA,NA,NA,NA,NA,NA,NA,NA,NA,NA,NA,NA,NA,NA,NA,NA,NA,NA,NA,NA,NA,NA,NA,NA,NA,NA,NA,NA,NA,NA,NA,NA,NA,NA,NA,NA,NA,NA,NA,NA,NA,NA,NA,NA,NA,NA,NA,NA,NA,NA,Drug Use Screening Inventory,DUSI,General,192,Unknown,NA,NA,Exclude,Too many items,1,NA,NA,NA,NA,NA,NA,NA,NA,NA,NA
250,DRUG USE SCREENING INVENTORY - REVISED,Drug Use Screening Inventory - Revised,DUSI-R,General,NA,740,639,710,203,500,NA,NA,NA,NA,NA,NA,NA,NA,NA,NA,NA,NA,NA,NA,NA,NA,NA,NA,NA,NA,NA,NA,NA,NA,NA,NA,NA,NA,NA,NA,NA,NA,NA,NA,NA,NA,NA,NA,NA,NA,NA,NA,NA,NA,NA,NA,NA,NA,NA,NA,NA,NA,NA,NA,NA,NA,NA,NA,Drug Use Screening Inventory - Revised,DUSI-R,General,56,Unknown,NA,NA,Exclude,Too many items,1,NA,NA,NA,NA,NA,NA,NA,NA,NA,NA
251,ECOLOGICAL ASSESSMENT OF SUBSTANCE-ABUSE EXPERIENCES,Ecological Assessment of Substance-abuse experiences,EASE,General,NA,661,NA,NA,NA,NA,NA,NA,NA,NA,NA,NA,NA,NA,NA,NA,NA,NA,NA,NA,NA,NA,NA,NA,NA,NA,NA,NA,NA,NA,NA,NA,NA,NA,NA,NA,NA,NA,NA,NA,NA,NA,NA,NA,NA,NA,NA,NA,NA,NA,NA,NA,NA,NA,NA,NA,NA,NA,NA,NA,NA,NA,NA,NA,Ecological Assessment of Substance-abuse experiences,EASE,General,90,Unknown,NA,NA,Exclude,Too many items,1,NA,NA,NA,NA,NA,NA,NA,NA,NA,NA
252,GENERAL MODEL OF CRAVING,General Model of Craving,GCS,General,NA,40,NA,NA,NA,NA,NA,NA,NA,NA,NA,NA,NA,NA,NA,NA,NA,NA,NA,NA,NA,NA,NA,NA,NA,NA,NA,NA,NA,NA,NA,NA,NA,NA,NA,NA,NA,NA,NA,NA,NA,NA,NA,NA,NA,NA,NA,NA,NA,NA,NA,NA,NA,NA,NA,NA,NA,NA,NA,NA,NA,NA,NA,NA,General Model of Craving,GCS,General,200,Unknown,NA,NA,Exclude,Too many items,1,NA,NA,NA,NA,NA,NA,NA,NA,NA,NA
253,PERSONAL EXPERIENCE INVENTORY - PARENT VERSION,Personal Experience Inventory - Parent Version,PEI-PV,General,NA,707,617,NA,NA,NA,NA,NA,NA,NA,NA,NA,NA,NA,NA,NA,NA,NA,NA,NA,NA,NA,NA,NA,NA,NA,NA,NA,NA,NA,NA,NA,NA,NA,NA,NA,NA,NA,NA,NA,NA,NA,NA,NA,NA,NA,NA,NA,NA,NA,NA,NA,NA,NA,NA,NA,NA,NA,NA,NA,NA,NA,NA,NA,Personal Experience Inventory - Parent Version,PEI-PV,General,270,Unknown,NA,NA,Exclude,Too many items,1,NA,NA,NA,NA,NA,NA,NA,NA,NA,NA
254,PERSONAL EXPERIENCE INVENTORY FOR ADULTS,Personal Experience Inventory for Adults,PEI-A,General,NA,795,NA,NA,NA,NA,NA,NA,NA,NA,NA,NA,NA,NA,NA,NA,NA,NA,NA,NA,NA,NA,NA,NA,NA,NA,NA,NA,NA,NA,NA,NA,NA,NA,NA,NA,NA,NA,NA,NA,NA,NA,NA,NA,NA,NA,NA,NA,NA,NA,NA,NA,NA,NA,NA,NA,NA,NA,NA,NA,NA,NA,NA,NA,Personal Experience Inventory for Adults,PEI-A,General,139,Unknown,NA,NA,Exclude,Too many items,1,NA,NA,NA,NA,NA,NA,NA,NA,NA,NA
255,PROBLEM ORIENTED SCREENING INSTRUMENT FOR TEENAGERS,Problem Oriented Screening Instrument for Teenagers,POSIT,General,NA,252,291,563,701,700,732,768,203,NA,NA,NA,NA,NA,NA,NA,NA,NA,NA,NA,NA,NA,NA,NA,NA,NA,NA,NA,NA,NA,NA,NA,NA,NA,NA,NA,NA,NA,NA,NA,NA,NA,NA,NA,NA,NA,NA,NA,NA,NA,NA,NA,NA,NA,NA,NA,NA,NA,NA,NA,NA,NA,NA,NA,Problem Oriented Screening Instrument for Teenagers,POSIT,General,94,Unknown,NA,NA,Exclude,Too many items,1,NA,NA,NA,NA,NA,NA,NA,NA,NA,NA
256,SUBSTANCE ABUSE OUTCOMES MODULE,Substance Abuse Outcomes Module,SAOM,General,NA,483,NA,NA,NA,NA,NA,NA,NA,NA,NA,NA,NA,NA,NA,NA,NA,NA,NA,NA,NA,NA,NA,NA,NA,NA,NA,NA,NA,NA,NA,NA,NA,NA,NA,NA,NA,NA,NA,NA,NA,NA,NA,NA,NA,NA,NA,NA,NA,NA,NA,NA,NA,NA,NA,NA,NA,NA,NA,NA,NA,NA,NA,NA,Substance Abuse Outcomes Module,SAOM,General,93,Unknown,NA,NA,Exclude,Too many items,1,NA,NA,NA,NA,NA,NA,NA,NA,NA,NA
257,TEEN ADDICTION SEVERITY INDEX,Teen Addiction Severity Index,T-ASI,General,NA,382,504,56,796,293,NA,NA,NA,NA,NA,NA,NA,NA,NA,NA,NA,NA,NA,NA,NA,NA,NA,NA,NA,NA,NA,NA,NA,NA,NA,NA,NA,NA,NA,NA,NA,NA,NA,NA,NA,NA,NA,NA,NA,NA,NA,NA,NA,NA,NA,NA,NA,NA,NA,NA,NA,NA,NA,NA,NA,NA,NA,NA,NA,NA,NA,NA,NA,NA,NA,NA,NA,NA,NA,NA,NA,NA,NA,NA,NA,NA,NA,NA
258,AMPHETAMINE WITHDRAWAL QUESTIONNAIRE,Amphetamine Withdrawal Questionnaire,AWQ,Language,NA,761,NA,NA,NA,NA,NA,NA,NA,NA,NA,NA,NA,NA,NA,NA,NA,NA,NA,NA,NA,NA,NA,NA,NA,NA,NA,NA,NA,NA,NA,NA,NA,NA,NA,NA,NA,NA,NA,NA,NA,NA,NA,NA,NA,NA,NA,NA,NA,NA,NA,NA,NA,NA,NA,NA,NA,NA,NA,NA,NA,NA,NA,NA,NA,NA,NA,NA,NA,NA,NA,NA,NA,NA,NA,NA,NA,NA,NA,NA,NA,NA,NA,NA
259,"BENZODIAZEPINE DEPENDENCE SELF-REPORT QUESTIONNAIRE, PORTUGUESE VERSION","Benzodiazepine Dependence Self-Report Questionnaire, Portuguese Version",BENDEP-SRQ-PV,Language,NA,228,NA,NA,NA,NA,NA,NA,NA,NA,NA,NA,NA,NA,NA,NA,NA,NA,NA,NA,NA,NA,NA,NA,NA,NA,NA,NA,NA,NA,NA,NA,NA,NA,NA,NA,NA,NA,NA,NA,NA,NA,NA,NA,NA,NA,NA,NA,NA,NA,NA,NA,NA,NA,NA,NA,NA,NA,NA,NA,NA,NA,NA,NA,NA,NA,NA,NA,NA,NA,NA,NA,NA,NA,NA,NA,NA,NA,NA,NA,NA,NA,NA,NA
260,CHINESE CRAVING BELIEFS QUESTIONNAIRE,Chinese Craving Beliefs Questionnaire,CCBQ,Language,NA,522,NA,NA,NA,NA,NA,NA,NA,NA,NA,NA,NA,NA,NA,NA,NA,NA,NA,NA,NA,NA,NA,NA,NA,NA,NA,NA,NA,NA,NA,NA,NA,NA,NA,NA,NA,NA,NA,NA,NA,NA,NA,NA,NA,NA,NA,NA,NA,NA,NA,NA,NA,NA,NA,NA,NA,NA,NA,NA,NA,NA,NA,NA,NA,NA,NA,NA,NA,NA,NA,NA,NA,NA,NA,NA,NA,NA,NA,NA,NA,NA,NA,NA
261,CHINESE SELF-REPORT FAMILY INVENTORY,Chinese Self-Report Family Inventory,C-SFI,Language,NA,106,NA,NA,NA,NA,NA,NA,NA,NA,NA,NA,NA,NA,NA,NA,NA,NA,NA,NA,NA,NA,NA,NA,NA,NA,NA,NA,NA,NA,NA,NA,NA,NA,NA,NA,NA,NA,NA,NA,NA,NA,NA,NA,NA,NA,NA,NA,NA,NA,NA,NA,NA,NA,NA,NA,NA,NA,NA,NA,NA,NA,NA,NA,NA,NA,NA,NA,NA,NA,NA,NA,NA,NA,NA,NA,NA,NA,NA,NA,NA,NA,NA,NA
262,CHINESE SEVERITY OF DEPENDENCE SCALE FOR KETAMINE,Chinese Severity of Dependence Scale for ketamine,C-SDS-K,Language,NA,53,NA,NA,NA,NA,NA,NA,NA,NA,NA,NA,NA,NA,NA,NA,NA,NA,NA,NA,NA,NA,NA,NA,NA,NA,NA,NA,NA,NA,NA,NA,NA,NA,NA,NA,NA,NA,NA,NA,NA,NA,NA,NA,NA,NA,NA,NA,NA,NA,NA,NA,NA,NA,NA,NA,NA,NA,NA,NA,NA,NA,NA,NA,NA,NA,NA,NA,NA,NA,NA,NA,NA,NA,NA,NA,NA,NA,NA,NA,NA,NA,NA,NA
263,CHINESE VERSION OF THE DRIE,Chinese version of the DRIE,DRIE2,Language,NA,31,NA,NA,NA,NA,NA,NA,NA,NA,NA,NA,NA,NA,NA,NA,NA,NA,NA,NA,NA,NA,NA,NA,NA,NA,NA,NA,NA,NA,NA,NA,NA,NA,NA,NA,NA,NA,NA,NA,NA,NA,NA,NA,NA,NA,NA,NA,NA,NA,NA,NA,NA,NA,NA,NA,NA,NA,NA,NA,NA,NA,NA,NA,NA,NA,NA,NA,NA,NA,NA,NA,NA,NA,NA,NA,NA,NA,NA,NA,NA,NA,NA,NA
264,CHINESE VERSION OF THE SMOKING SELF-EFFICACY QUESTIONNAIRE,Chinese version of the Smoking Self-Efficacy Questionnaire,CSEQ-12,Language,NA,304,NA,NA,NA,NA,NA,NA,NA,NA,NA,NA,NA,NA,NA,NA,NA,NA,NA,NA,NA,NA,NA,NA,NA,NA,NA,NA,NA,NA,NA,NA,NA,NA,NA,NA,NA,NA,NA,NA,NA,NA,NA,NA,NA,NA,NA,NA,NA,NA,NA,NA,NA,NA,NA,NA,NA,NA,NA,NA,NA,NA,NA,NA,NA,NA,NA,NA,NA,NA,NA,NA,NA,NA,NA,NA,NA,NA,NA,NA,NA,NA,NA,NA
265,DRUG USER QUALITY OF LIFE SCALE IN SPANISH,Drug User Quality of Life Scale in Spanish,DUQOL-Spanish,Language,NA,389,NA,NA,NA,NA,NA,NA,NA,NA,NA,NA,NA,NA,NA,NA,NA,NA,NA,NA,NA,NA,NA,NA,NA,NA,NA,NA,NA,NA,NA,NA,NA,NA,NA,NA,NA,NA,NA,NA,NA,NA,NA,NA,NA,NA,NA,NA,NA,NA,NA,NA,NA,NA,NA,NA,NA,NA,NA,NA,NA,NA,NA,NA,NA,NA,NA,NA,NA,NA,NA,NA,NA,NA,NA,NA,NA,NA,NA,NA,NA,NA,NA,NA
266,DUTCH VERSION OF THE DESIRE THINKING QUESTIONNAIRE,Dutch version of the Desire Thinking Questionnaire,DTQ-D,Language,NA,246,NA,NA,NA,NA,NA,NA,NA,NA,NA,NA,NA,NA,NA,NA,NA,NA,NA,NA,NA,NA,NA,NA,NA,NA,NA,NA,NA,NA,NA,NA,NA,NA,NA,NA,NA,NA,NA,NA,NA,NA,NA,NA,NA,NA,NA,NA,NA,NA,NA,NA,NA,NA,NA,NA,NA,NA,NA,NA,NA,NA,NA,NA,NA,NA,NA,NA,NA,NA,NA,NA,NA,NA,NA,NA,NA,NA,NA,NA,NA,NA,NA,NA
267,DUTCH VERSION OF THE READINESS TO CHANGE QUESTIONNAIRE,Dutch version of the Readiness to Change Questionnaire,RCQ-D,Language,NA,116,528,NA,NA,NA,NA,NA,NA,NA,NA,NA,NA,NA,NA,NA,NA,NA,NA,NA,NA,NA,NA,NA,NA,NA,NA,NA,NA,NA,NA,NA,NA,NA,NA,NA,NA,NA,NA,NA,NA,NA,NA,NA,NA,NA,NA,NA,NA,NA,NA,NA,NA,NA,NA,NA,NA,NA,NA,NA,NA,NA,NA,NA,NA,NA,NA,NA,NA,NA,NA,NA,NA,NA,NA,NA,NA,NA,NA,NA,NA,NA,NA,NA
268,INDIAN HEALTH SERVICE - PERSONAL EXPERIENCE SCREENING QUESTIONNAIRE,Indian Health Service - Personal Experience Screening Questionnaire,IHS-PESQ,Language,NA,584,NA,NA,NA,NA,NA,NA,NA,NA,NA,NA,NA,NA,NA,NA,NA,NA,NA,NA,NA,NA,NA,NA,NA,NA,NA,NA,NA,NA,NA,NA,NA,NA,NA,NA,NA,NA,NA,NA,NA,NA,NA,NA,NA,NA,NA,NA,NA,NA,NA,NA,NA,NA,NA,NA,NA,NA,NA,NA,NA,NA,NA,NA,NA,NA,NA,NA,NA,NA,NA,NA,NA,NA,NA,NA,NA,NA,NA,NA,NA,NA,NA,NA
269,JAPANESE VERSION OF ALCOHOL QUALITY OF LIFE SCALE,Japanese version of Alcohol Quality of Life Scale,AQoLS-Japan,Language,NA,49,NA,NA,NA,NA,NA,NA,NA,NA,NA,NA,NA,NA,NA,NA,NA,NA,NA,NA,NA,NA,NA,NA,NA,NA,NA,NA,NA,NA,NA,NA,NA,NA,NA,NA,NA,NA,NA,NA,NA,NA,NA,NA,NA,NA,NA,NA,NA,NA,NA,NA,NA,NA,NA,NA,NA,NA,NA,NA,NA,NA,NA,NA,NA,NA,NA,NA,NA,NA,NA,NA,NA,NA,NA,NA,NA,NA,NA,NA,NA,NA,NA,NA
270,LEBANESE WATERPIPE TOBACCO DEPENDENCE SCALE,Lebanese Waterpipe Tobacco Dependence Scale,LWDS-11,Language,NA,284,285,NA,NA,NA,NA,NA,NA,NA,NA,NA,NA,NA,NA,NA,NA,NA,NA,NA,NA,NA,NA,NA,NA,NA,NA,NA,NA,NA,NA,NA,NA,NA,NA,NA,NA,NA,NA,NA,NA,NA,NA,NA,NA,NA,NA,NA,NA,NA,NA,NA,NA,NA,NA,NA,NA,NA,NA,NA,NA,NA,NA,NA,NA,NA,NA,NA,NA,NA,NA,NA,NA,NA,NA,NA,NA,NA,NA,NA,NA,NA,NA,NA
271,MANNHEIMER CRAVING SCALE,Mannheimer Craving Scale,MaCS,Language,NA,358,NA,NA,NA,NA,NA,NA,NA,NA,NA,NA,NA,NA,NA,NA,NA,NA,NA,NA,NA,NA,NA,NA,NA,NA,NA,NA,NA,NA,NA,NA,NA,NA,NA,NA,NA,NA,NA,NA,NA,NA,NA,NA,NA,NA,NA,NA,NA,NA,NA,NA,NA,NA,NA,NA,NA,NA,NA,NA,NA,NA,NA,NA,NA,NA,NA,NA,NA,NA,NA,NA,NA,NA,NA,NA,NA,NA,NA,NA,NA,NA,NA,NA
272,MOTIVATION TO CHANGE INVENTORY FOR ADOLESCENTS (REVISED) - ICELANDIC VERSION,Motivation to Change Inventory for Adolescents (Revised) - Icelandic Version,MCIA-Revised,Language,NA,107,NA,NA,NA,NA,NA,NA,NA,NA,NA,NA,NA,NA,NA,NA,NA,NA,NA,NA,NA,NA,NA,NA,NA,NA,NA,NA,NA,NA,NA,NA,NA,NA,NA,NA,NA,NA,NA,NA,NA,NA,NA,NA,NA,NA,NA,NA,NA,NA,NA,NA,NA,NA,NA,NA,NA,NA,NA,NA,NA,NA,NA,NA,NA,NA,NA,NA,NA,NA,NA,NA,NA,NA,NA,NA,NA,NA,NA,NA,NA,NA,NA,NA
273,MULTIDIMENSIONAL ALCOHOL CRAVING SCALE,Multidimensional Alcohol Craving Scale,MACS,Language,NA,32,222,NA,NA,NA,NA,NA,NA,NA,NA,NA,NA,NA,NA,NA,NA,NA,NA,NA,NA,NA,NA,NA,NA,NA,NA,NA,NA,NA,NA,NA,NA,NA,NA,NA,NA,NA,NA,NA,NA,NA,NA,NA,NA,NA,NA,NA,NA,NA,NA,NA,NA,NA,NA,NA,NA,NA,NA,NA,NA,NA,NA,NA,NA,NA,NA,NA,NA,NA,NA,NA,NA,NA,NA,NA,NA,NA,NA,NA,NA,NA,NA,NA
274,PERSIAN VERSION OF THE NEGATIVE ALCOHOL METACOGNITIONS,Persian version of the Negative Alcohol Metacognitions,Persian-NAMS,Language,NA,319,NA,NA,NA,NA,NA,NA,NA,NA,NA,NA,NA,NA,NA,NA,NA,NA,NA,NA,NA,NA,NA,NA,NA,NA,NA,NA,NA,NA,NA,NA,NA,NA,NA,NA,NA,NA,NA,NA,NA,NA,NA,NA,NA,NA,NA,NA,NA,NA,NA,NA,NA,NA,NA,NA,NA,NA,NA,NA,NA,NA,NA,NA,NA,NA,NA,NA,NA,NA,NA,NA,NA,NA,NA,NA,NA,NA,NA,NA,NA,NA,NA,NA
275,PERSIAN VERSION OF THE POSITIVE ALCOHOL METACOGNITIONS,Persian version of the Positive Alcohol Metacognitions,Persian-PAMS,Language,NA,319,NA,NA,NA,NA,NA,NA,NA,NA,NA,NA,NA,NA,NA,NA,NA,NA,NA,NA,NA,NA,NA,NA,NA,NA,NA,NA,NA,NA,NA,NA,NA,NA,NA,NA,NA,NA,NA,NA,NA,NA,NA,NA,NA,NA,NA,NA,NA,NA,NA,NA,NA,NA,NA,NA,NA,NA,NA,NA,NA,NA,NA,NA,NA,NA,NA,NA,NA,NA,NA,NA,NA,NA,NA,NA,NA,NA,NA,NA,NA,NA,NA,NA
276,"SCREENING, WOMEN, AND ALCOHOL IN GOTEBORG","Screening, Women, and Alcohol in Goteborg",SWAG,Language,NA,635,NA,NA,NA,NA,NA,NA,NA,NA,NA,NA,NA,NA,NA,NA,NA,NA,NA,NA,NA,NA,NA,NA,NA,NA,NA,NA,NA,NA,NA,NA,NA,NA,NA,NA,NA,NA,NA,NA,NA,NA,NA,NA,NA,NA,NA,NA,NA,NA,NA,NA,NA,NA,NA,NA,NA,NA,NA,NA,NA,NA,NA,NA,NA,NA,NA,NA,NA,NA,NA,NA,NA,NA,NA,NA,NA,NA,NA,NA,NA,NA,NA,NA
277,"SMOKING ABSTINENCE QUESTIONNAIRE, ITALIAN VERSION","Smoking Abstinence Questionnaire, Italian Version", ,Language,NA,397,NA,NA,NA,NA,NA,NA,NA,NA,NA,NA,NA,NA,NA,NA,NA,NA,NA,NA,NA,NA,NA,NA,NA,NA,NA,NA,NA,NA,NA,NA,NA,NA,NA,NA,NA,NA,NA,NA,NA,NA,NA,NA,NA,NA,NA,NA,NA,NA,NA,NA,NA,NA,NA,NA,NA,NA,NA,NA,NA,NA,NA,NA,NA,NA,NA,NA,NA,NA,NA,NA,NA,NA,NA,NA,NA,NA,NA,NA,NA,NA,NA,NA
278,SPANISH ALCOHOL USE DISORDERS IDENTIFICATION TEST,Spanish Alcohol Use Disorders Identification Test,S-AUDIT,Language,NA,270,NA,NA,NA,NA,NA,NA,NA,NA,NA,NA,NA,NA,NA,NA,NA,NA,NA,NA,NA,NA,NA,NA,NA,NA,NA,NA,NA,NA,NA,NA,NA,NA,NA,NA,NA,NA,NA,NA,NA,NA,NA,NA,NA,NA,NA,NA,NA,NA,NA,NA,NA,NA,NA,NA,NA,NA,NA,NA,NA,NA,NA,NA,NA,NA,NA,NA,NA,NA,NA,NA,NA,NA,NA,NA,NA,NA,NA,NA,NA,NA,NA,NA
279,SPANISH VERSION OF THE RUTGERS ALCOHOL PROBLEM INDEX,Spanish version of the Rutgers Alcohol Problem Index,S-RAPI,Language,NA,270,NA,NA,NA,NA,NA,NA,NA,NA,NA,NA,NA,NA,NA,NA,NA,NA,NA,NA,NA,NA,NA,NA,NA,NA,NA,NA,NA,NA,NA,NA,NA,NA,NA,NA,NA,NA,NA,NA,NA,NA,NA,NA,NA,NA,NA,NA,NA,NA,NA,NA,NA,NA,NA,NA,NA,NA,NA,NA,NA,NA,NA,NA,NA,NA,NA,NA,NA,NA,NA,NA,NA,NA,NA,NA,NA,NA,NA,NA,NA,NA,NA,NA
280,SUBSTANCE ABUSE SCREENER IN AMERICAN SIGN LANGUAGE,Substance Abuse Screener in American Sign Language,SAS-ASL,Language,NA,730,NA,NA,NA,NA,NA,NA,NA,NA,NA,NA,NA,NA,NA,NA,NA,NA,NA,NA,NA,NA,NA,NA,NA,NA,NA,NA,NA,NA,NA,NA,NA,NA,NA,NA,NA,NA,NA,NA,NA,NA,NA,NA,NA,NA,NA,NA,NA,NA,NA,NA,NA,NA,NA,NA,NA,NA,NA,NA,NA,NA,NA,NA,NA,NA,NA,NA,NA,NA,NA,NA,NA,NA,NA,NA,NA,NA,NA,NA,NA,NA,NA,NA
281,SYRIAN CENTER FOR TOBACCO STUDIES-13,Syrian Center for Tobacco Studies-13,SCTS-13,Language,NA,314,320,NA,NA,NA,NA,NA,NA,NA,NA,NA,NA,NA,NA,NA,NA,NA,NA,NA,NA,NA,NA,NA,NA,NA,NA,NA,NA,NA,NA,NA,NA,NA,NA,NA,NA,NA,NA,NA,NA,NA,NA,NA,NA,NA,NA,NA,NA,NA,NA,NA,NA,NA,NA,NA,NA,NA,NA,NA,NA,NA,NA,NA,NA,NA,NA,NA,NA,NA,NA,NA,NA,NA,NA,NA,NA,NA,NA,NA,NA,NA,NA,NA
282,TURKISH VERSION OF THE CHALLENGES TO STOPPING SMOKING SCALE-21,Turkish version of the Challenges to Stopping Smoking Scale-21,CSS-21,Language,NA,227,NA,NA,NA,NA,NA,NA,NA,NA,NA,NA,NA,NA,NA,NA,NA,NA,NA,NA,NA,NA,NA,NA,NA,NA,NA,NA,NA,NA,NA,NA,NA,NA,NA,NA,NA,NA,NA,NA,NA,NA,NA,NA,NA,NA,NA,NA,NA,NA,NA,NA,NA,NA,NA,NA,NA,NA,NA,NA,NA,NA,NA,NA,NA,NA,NA,NA,NA,NA,NA,NA,NA,NA,NA,NA,NA,NA,NA,NA,NA,NA,NA,NA
283,CHINESE VERSION OF TREATMENT OUTCOME PROFILE,Chinese version of Treatment Outcome Profile,TOP,Language,"exclude, not self report",86,548,NA,NA,NA,NA,NA,NA,NA,NA,NA,NA,NA,NA,NA,NA,NA,NA,NA,NA,NA,NA,NA,NA,NA,NA,NA,NA,NA,NA,NA,NA,NA,NA,NA,NA,NA,NA,NA,NA,NA,NA,NA,NA,NA,NA,NA,NA,NA,NA,NA,NA,NA,NA,NA,NA,NA,NA,NA,NA,NA,NA,NA,NA,NA,NA,NA,NA,NA,NA,NA,NA,NA,NA,NA,NA,NA,NA,NA,NA,NA,NA,NA
284,SPANISH VERSION OF THE MARIJUANA CONSEQUENCES QUESTIONNAIRE,Spanish version of the Marijuana Consequences Questionnaire,S-MACQ,Language,NA,226,NA,NA,NA,NA,NA,NA,NA,NA,NA,NA,NA,NA,NA,NA,NA,NA,NA,NA,NA,NA,NA,NA,NA,NA,NA,NA,NA,NA,NA,NA,NA,NA,NA,NA,NA,NA,NA,NA,NA,NA,NA,NA,NA,NA,NA,NA,NA,NA,NA,NA,NA,NA,NA,NA,NA,NA,NA,NA,NA,NA,NA,NA,NA,NA,NA,NA,NA,NA,NA,NA,NA,NA,NA,NA,NA,NA,NA,NA,NA,NA,NA,NA
285,TAHEREH-HABIL-IRAN-MALAYSIA SCALE,Tahereh-Habil-Iran-Malaysia Scale,THIMS,Language,"exclude, calendar",247,NA,NA,NA,NA,NA,NA,NA,NA,NA,NA,NA,NA,NA,NA,NA,NA,NA,NA,NA,NA,NA,NA,NA,NA,NA,NA,NA,NA,NA,NA,NA,NA,NA,NA,NA,NA,NA,NA,NA,NA,NA,NA,NA,NA,NA,NA,NA,NA,NA,NA,NA,NA,NA,NA,NA,NA,NA,NA,NA,NA,NA,NA,NA,NA,NA,NA,NA,NA,NA,NA,NA,NA,NA,NA,NA,NA,NA,NA,NA,NA,NA,NA
286,TURKISH VERSION OF DRUG USER DISORDERS IDENTIFICATION TEST - EXTENDED,Turkish version of Drug User Disorders Identification Test - Extended,Turkish DUDIT-E,Language,NA,372,NA,NA,NA,NA,NA,NA,NA,NA,NA,NA,NA,NA,NA,NA,NA,NA,NA,NA,NA,NA,NA,NA,NA,NA,NA,NA,NA,NA,NA,NA,NA,NA,NA,NA,NA,NA,NA,NA,NA,NA,NA,NA,NA,NA,NA,NA,NA,NA,NA,NA,NA,NA,NA,NA,NA,NA,NA,NA,NA,NA,NA,NA,NA,NA,NA,NA,NA,NA,NA,NA,NA,NA,NA,NA,NA,NA,NA,NA,NA,NA,NA,NA
287,TURKISH VERSION OF THE CHALLENGES TO STOPPING SMOKING SCALE-21,Turkish version of the Challenges to Stopping Smoking Scale-21,CSS-21,Language,NA,227,NA,NA,NA,NA,NA,NA,NA,NA,NA,NA,NA,NA,NA,NA,NA,NA,NA,NA,NA,NA,NA,NA,NA,NA,NA,NA,NA,NA,NA,NA,NA,NA,NA,NA,NA,NA,NA,NA,NA,NA,NA,NA,NA,NA,NA,NA,NA,NA,NA,NA,NA,NA,NA,NA,NA,NA,NA,NA,NA,NA,NA,NA,NA,NA,NA,NA,NA,NA,NA,NA,NA,NA,NA,NA,NA,NA,NA,NA,NA,NA,NA,NA
288,5 STAGE MODEL OF SMOKING UPTAKE,5 Stage Model of Smoking Uptake, ,Nicotine,NA,197,NA,NA,NA,NA,NA,NA,NA,NA,NA,NA,NA,NA,NA,NA,NA,NA,NA,NA,NA,NA,NA,NA,NA,NA,NA,NA,NA,NA,NA,NA,NA,NA,NA,NA,NA,NA,NA,NA,NA,NA,NA,NA,NA,NA,NA,NA,NA,NA,NA,NA,NA,NA,NA,NA,NA,NA,NA,NA,NA,NA,NA,NA,5 Stage Model of Smoking Uptake, ,Nicotine,5,No, , ,Exclude,Not found,1,NA,NA,NA,NA,NA,NA,NA,NA,NA,NA
289,ADOLESCENT REASONS FOR QUITTING SCALE,Adolescent Reasons for Quitting scale,ARFQ,Nicotine,NA,180,NA,NA,NA,NA,NA,NA,NA,NA,NA,NA,NA,NA,NA,NA,NA,NA,NA,NA,NA,NA,NA,NA,NA,NA,NA,NA,NA,NA,NA,NA,NA,NA,NA,NA,NA,NA,NA,NA,NA,NA,NA,NA,NA,NA,NA,NA,NA,NA,NA,NA,NA,NA,NA,NA,NA,NA,NA,NA,NA,NA,NA,NA,Adolescent Reasons for Quitting scale,ARFQ,Nicotine,27,Unknown,NA,NA,Exclude,Too many items,1,NA,NA,NA,NA,NA,NA,NA,NA,NA,NA
290,AUTONOMY OVER TOBACCO SCALE,Autonomy over Tobacco Scale,AUTOS,Nicotine,NA,277,NA,NA,NA,NA,NA,NA,NA,NA,NA,NA,NA,NA,NA,NA,NA,NA,NA,NA,NA,NA,NA,NA,NA,NA,NA,NA,NA,NA,NA,NA,NA,NA,NA,NA,NA,NA,NA,NA,NA,NA,NA,NA,NA,NA,NA,NA,NA,NA,NA,NA,NA,NA,NA,NA,NA,NA,NA,NA,NA,NA,NA,NA,Autonomy over Tobacco Scale,AUTOS,Nicotine,12,Yes,Print-ready,https://healthcareproviders.albertaquits.ca/files/file/5cc8db061f4cc/Autonomy_Over_Tobacco_Scale.pdf,Include,NA,1,"DiFranza et al., 2009",Autonomy over Tobacco Scale,Nicotine,"Severity, Urges, Withdrawal",Good,Good,Excellent,Adequate,"CONCUR, DISCRIM",NA
291,AVOIDANCE AND INFLEXIBILITY SCALE,Avoidance and Inflexibility Scale,AIS,Nicotine,NA,436,NA,NA,NA,NA,NA,NA,NA,NA,NA,NA,NA,NA,NA,NA,NA,NA,NA,NA,NA,NA,NA,NA,NA,NA,NA,NA,NA,NA,NA,NA,NA,NA,NA,NA,NA,NA,NA,NA,NA,NA,NA,NA,NA,NA,NA,NA,NA,NA,NA,NA,NA,NA,NA,NA,NA,NA,NA,NA,NA,NA,NA,NA,Avoidance and Inflexibility Scale,AIS,Nicotine,13,No, , ,Exclude,Not found,1,NA,NA,NA,NA,NA,NA,NA,NA,NA,NA
292,BARRIERS TO CESSATION SCALE,Barriers to Cessation Scale,BCS,Nicotine,NA,260,NA,NA,NA,NA,NA,NA,NA,NA,NA,NA,NA,NA,NA,NA,NA,NA,NA,NA,NA,NA,NA,NA,NA,NA,NA,NA,NA,NA,NA,NA,NA,NA,NA,NA,NA,NA,NA,NA,NA,NA,NA,NA,NA,NA,NA,NA,NA,NA,NA,NA,NA,NA,NA,NA,NA,NA,NA,NA,NA,NA,NA,NA,Barriers to Cessation Scale,BCS,Nicotine,19,No, , ,Exclude,Not found,1,NA,NA,NA,NA,NA,NA,NA,NA,NA,NA
293,BRIEF QUESTIONNAIRE ON SMOKING URGES,Brief Questionnaire on Smoking Urges,QSU-Brief,Nicotine,NA,290,294,NA,NA,NA,NA,NA,NA,NA,NA,NA,NA,NA,NA,NA,NA,NA,NA,NA,NA,NA,NA,NA,NA,NA,NA,NA,NA,NA,NA,NA,NA,NA,NA,NA,NA,NA,NA,NA,NA,NA,NA,NA,NA,NA,NA,NA,NA,NA,NA,NA,NA,NA,NA,NA,NA,NA,NA,NA,NA,NA,NA,NA,Brief Questionnaire on Smoking Urges,QSU-Brief,Nicotine,10,No, , ,Exclude,Not found,1,NA,NA,NA,NA,NA,NA,NA,NA,NA,NA
294,BRIEF SMOKING CONSEQUENCES QUESTIONNAIRE,Brief Smoking Consequences Questionnaire,BSCQ-A,Nicotine,NA,244,NA,NA,NA,NA,NA,NA,NA,NA,NA,NA,NA,NA,NA,NA,NA,NA,NA,NA,NA,NA,NA,NA,NA,NA,NA,NA,NA,NA,NA,NA,NA,NA,NA,NA,NA,NA,NA,NA,NA,NA,NA,NA,NA,NA,NA,NA,NA,NA,NA,NA,NA,NA,NA,NA,NA,NA,NA,NA,NA,NA,NA,NA,Brief Smoking Consequences Questionnaire,BSCQ-A,Nicotine,25,No,Print-ready,https://faculty.lsu.edu/copelanlab/scq_information.php,Include,NA,1,"Rash & Copeland, 2008",Brief Smoking Consequences Questionnaire,Nicotine,Consequences,Adequate,Good,Adequate,NA,"CONVERG, DIVERG",NA
295,BRIEF WISCONSION INVENTORY OF SMOKING DEPENDENCE MOTIVES,Brief Wisconsion Inventory of Smoking Dependence Motives,B-WISDM,Nicotine,NA,271,45,NA,NA,NA,NA,NA,NA,NA,NA,NA,NA,NA,NA,NA,NA,NA,NA,NA,NA,NA,NA,NA,NA,NA,NA,NA,NA,NA,NA,NA,NA,NA,NA,NA,NA,NA,NA,NA,NA,NA,NA,NA,NA,NA,NA,NA,NA,NA,NA,NA,NA,NA,NA,NA,NA,NA,NA,NA,NA,NA,NA,NA,Brief Wisconsion Inventory of Smoking Dependence Motives,B-WISDM,Nicotine,37,Unknown,NA,NA,Exclude,Too many items,1,NA,NA,NA,NA,NA,NA,NA,NA,NA,NA
296,CIGARETTE DEPENDENCE QUESTIONNAIRE,Cigarette Dependence Questionnaire,CDQ,Nicotine,NA,337,NA,NA,NA,NA,NA,NA,NA,NA,NA,NA,NA,NA,NA,NA,NA,NA,NA,NA,NA,NA,NA,NA,NA,NA,NA,NA,NA,NA,NA,NA,NA,NA,NA,NA,NA,NA,NA,NA,NA,NA,NA,NA,NA,NA,NA,NA,NA,NA,NA,NA,NA,NA,NA,NA,NA,NA,NA,NA,NA,NA,NA,NA,Cigarette Dependence Questionnaire,CDQ,Nicotine,30,Unknown,NA,NA,Exclude,Too many items,1,NA,NA,NA,NA,NA,NA,NA,NA,NA,NA
297,CIGARETTE DEPENDENCE SCALE,Cigarette Dependence Scale,CDS,Nicotine,NA,333,580,NA,NA,NA,NA,NA,NA,NA,NA,NA,NA,NA,NA,NA,NA,NA,NA,NA,NA,NA,NA,NA,NA,NA,NA,NA,NA,NA,NA,NA,NA,NA,NA,NA,NA,NA,NA,NA,NA,NA,NA,NA,NA,NA,NA,NA,NA,NA,NA,NA,NA,NA,NA,NA,NA,NA,NA,NA,NA,NA,NA,NA,Cigarette Dependence Scale,CDS,Nicotine,12,Yes,Print-ready,https://cancercontrol.cancer.gov/brp/tcrb/measures-guide/cigarette-dependence-scale-12,Exclude,No scoring/instructions/interpretation,1,NA,NA,NA,NA,NA,NA,NA,NA,NA,NA
298,COMMITMENT TO QUITTING SMOKING SCALE,Commitment to Quitting Smoking Scale,CQSS,Nicotine,NA,Fsi,NA,NA,NA,NA,NA,NA,NA,NA,NA,NA,NA,NA,NA,NA,NA,NA,NA,NA,NA,NA,NA,NA,NA,NA,NA,NA,NA,NA,NA,NA,NA,NA,NA,NA,NA,NA,NA,NA,NA,NA,NA,NA,NA,NA,NA,NA,NA,NA,NA,NA,NA,NA,NA,NA,NA,NA,NA,NA,NA,NA,NA,NA,Commitment to Quitting Smoking Scale,CQSS,Nicotine,8,No, , ,Exclude,Not found,1,NA,NA,NA,NA,NA,NA,NA,NA,NA,NA
299,COPING WITH TEMPTATION INVENTORY,Coping with Temptation Inventory,CWTI,Nicotine,NA,38,NA,NA,NA,NA,NA,NA,NA,NA,NA,NA,NA,NA,NA,NA,NA,NA,NA,NA,NA,NA,NA,NA,NA,NA,NA,NA,NA,NA,NA,NA,NA,NA,NA,NA,NA,NA,NA,NA,NA,NA,NA,NA,NA,NA,NA,NA,NA,NA,NA,NA,NA,NA,NA,NA,NA,NA,NA,NA,NA,NA,NA,NA,Coping with Temptation Inventory,CWTI,Nicotine,48,Unknown,NA,NA,Exclude,Too many items,1,NA,NA,NA,NA,NA,NA,NA,NA,NA,NA
300,DIMENSIONS OF TOBACCO DEPENDENCE SCALE,Dimensions of Tobacco Dependence Scale,DTDS,Nicotine,NA,541,NA,NA,NA,NA,NA,NA,NA,NA,NA,NA,NA,NA,NA,NA,NA,NA,NA,NA,NA,NA,NA,NA,NA,NA,NA,NA,NA,NA,NA,NA,NA,NA,NA,NA,NA,NA,NA,NA,NA,NA,NA,NA,NA,NA,NA,NA,NA,NA,NA,NA,NA,NA,NA,NA,NA,NA,NA,NA,NA,NA,NA,NA,Dimensions of Tobacco Dependence Scale,DTDS,Nicotine,49,Unknown,NA,NA,Exclude,Too many items,1,NA,NA,NA,NA,NA,NA,NA,NA,NA,NA
301,DYADIC EFFICACY FOR SMOKING CESSATION,Dyadic efficacy for smoking cessation, ,Nicotine,NA,167,NA,NA,NA,NA,NA,NA,NA,NA,NA,NA,NA,NA,NA,NA,NA,NA,NA,NA,NA,NA,NA,NA,NA,NA,NA,NA,NA,NA,NA,NA,NA,NA,NA,NA,NA,NA,NA,NA,NA,NA,NA,NA,NA,NA,NA,NA,NA,NA,NA,NA,NA,NA,NA,NA,NA,NA,NA,NA,NA,NA,NA,NA,Dyadic efficacy for smoking cessation, ,Nicotine,10,No, , ,Exclude,Not found,1,NA,NA,NA,NA,NA,NA,NA,NA,NA,NA
302,E-CIGARETTE DEPENDENCE SCALE,E-cigarette Dependence Scale,EDS-4,Nicotine,NA,321,NA,NA,NA,NA,NA,NA,NA,NA,NA,NA,NA,NA,NA,NA,NA,NA,NA,NA,NA,NA,NA,NA,NA,NA,NA,NA,NA,NA,NA,NA,NA,NA,NA,NA,NA,NA,NA,NA,NA,NA,NA,NA,NA,NA,NA,NA,NA,NA,NA,NA,NA,NA,NA,NA,NA,NA,NA,NA,NA,NA,NA,NA,E-cigarette Dependence Scale,EDS-4,Nicotine,22,Yes,Print-ready,https://downloads.aap.org/RCE/EDS_Adolescent_Version_4_items.pdf,Include,NA,1,"Morean et al., 2019",E-cigarette Dependence Scale,Nicotine,Severity,Adequate,NA,Good,NA,"CONCUR, CONVERG",NA
303,FAGERSTROM TEST FOR NICOTINE DEPENDENCE,Fagerstrom Test for Nicotine Dependence,FTND,Nicotine,NA,91,93,180,183,186,227,260,284,299,322,333,349,356,381,383,436. 453,486,487,296,425,477,480,540,541,459,576,580,591,605,647,711,784,785,640,33,258,595,135,NA,NA,NA,NA,NA,NA,NA,NA,NA,NA,NA,NA,NA,NA,NA,NA,NA,NA,NA,NA,NA,NA,NA,NA,NA,Fagerstrom Test for Nicotine Dependence,FTND,Nicotine,6,Yes,Print-ready,https://www.aarc.org/wp-content/uploads/2014/08/Fagerstrom_test.pdf,Include,NA,1,"Heatherton et al., 1991",Fagerstrom Test for Nicotine Dependence,Nicotine,Severity,Excellent,Excellent,Excellent,Excellent,CONVERG,X
304,FAGERSTROM TEST FOR NICOTINE DEPENDENCE FOR SMOKELESS TOBACCO USERS,Fagerstrom Test for Nicotine Dependence for Smokeless Tobacco Users,FTND-ST,Nicotine,NA,366,404,453,365,NA,NA,NA,NA,NA,NA,NA,NA,NA,NA,NA,NA,NA,NA,NA,NA,NA,NA,NA,NA,NA,NA,NA,NA,NA,NA,NA,NA,NA,NA,NA,NA,NA,NA,NA,NA,NA,NA,NA,NA,NA,NA,NA,NA,NA,NA,NA,NA,NA,NA,NA,NA,NA,NA,NA,NA,NA,NA,NA,Fagerstrom Test for Nicotine Dependence for Smokeless Tobacco Users,FTND-ST,Nicotine,6,Yes,Print-ready,https://ctimaine.org/wp-content/uploads/2019/11/Fagerstrom-Scale-for-Nicotine-Dependence-Smokeless-Tobacco.pdf,Include,NA,1,"Ebbert et al., 2006",Fagerstrom Test for Nicotine Dependence for Smokeless Tobacco Users,Nicotine,Severity,Adequate,Good,Good,NA,"CONCUR, CONVERG",NA
305,FAGERSTROM TOLERANCE QUESTIONNAIRE,Fagerstrom Tolerance Questionnaire,FTQ,Nicotine,NA,453,454,506,459,574,580,582,605,624,711,302,640,651,33,258,595,NA,NA,NA,NA,NA,NA,NA,NA,NA,NA,NA,NA,NA,NA,NA,NA,NA,NA,NA,NA,NA,NA,NA,NA,NA,NA,NA,NA,NA,NA,NA,NA,NA,NA,NA,NA,NA,NA,NA,NA,NA,NA,NA,NA,NA,NA,NA,Fagerstrom Tolerance Questionnaire,FTQ,Nicotine,8,Yes,Print-ready,https://cancercontrol.cancer.gov/sites/default/files/2020-06/mftq_questionnaire.pdf,Exclude,Measure was replaced with new version,1,NA,NA,NA,NA,NA,NA,NA,NA,NA,NA
306,GLOVER-NILSSON SMOKING BEHAVIORAL QUESTIONNAIRE,Glover-Nilsson Smoking Behavioral Questionnaire,GNSBQ,Nicotine,NA,281,371,NA,NA,NA,NA,NA,NA,NA,NA,NA,NA,NA,NA,NA,NA,NA,NA,NA,NA,NA,NA,NA,NA,NA,NA,NA,NA,NA,NA,NA,NA,NA,NA,NA,NA,NA,NA,NA,NA,NA,NA,NA,NA,NA,NA,NA,NA,NA,NA,NA,NA,NA,NA,NA,NA,NA,NA,NA,NA,NA,NA,NA,Glover-Nilsson Smoking Behavioral Questionnaire,GNSBQ,Nicotine,11,Yes,Print-ready,http://pneumoncy.com/wp-content/uploads/2012/05/Glover-Nilsson-Smoking-Behavioral-Questionnaire.pdf,Include,NA,1,"Glover et al., 2005",Glover-Nilsson Smoking Behavioral Questionnaire,Nicotine,Severity,Good,Good,Good,Good,"CONCUR, CONVERG, DISCRIM",Not applicable
307,HEAVINESS OF SMOKING INDEX,Heaviness of Smoking Index,HSI,Nicotine,NA,286,477,332,605,258,NA,NA,NA,NA,NA,NA,NA,NA,NA,NA,NA,NA,NA,NA,NA,NA,NA,NA,NA,NA,NA,NA,NA,NA,NA,NA,NA,NA,NA,NA,NA,NA,NA,NA,NA,NA,NA,NA,NA,NA,NA,NA,NA,NA,NA,NA,NA,NA,NA,NA,NA,NA,NA,NA,NA,NA,NA,NA,Heaviness of Smoking Index,HSI,Nicotine,2,Yes,Print-ready,https://moqc.org/wp-content/uploads/2017/08/ASCO_Heaviness-of-Smoking-Index.pdf,Include,NA,1,"Heatherton et al., 1989",Heaviness of Smoking Index,Nicotine,Severity,Good,Good,Excellent,Adequate,"CONVERG, DIVERG, PREDICT",NA
308,HOOKED ON NICOTINE CHECKLIST,Hooked on Nicotine Checklist,HONC,Nicotine,NA,540,561,570,576,582,554,NA,NA,NA,NA,NA,NA,NA,NA,NA,NA,NA,NA,NA,NA,NA,NA,NA,NA,NA,NA,NA,NA,NA,NA,NA,NA,NA,NA,NA,NA,NA,NA,NA,NA,NA,NA,NA,NA,NA,NA,NA,NA,NA,NA,NA,NA,NA,NA,NA,NA,NA,NA,NA,NA,NA,NA,NA,Hooked on Nicotine Checklist,HONC,Nicotine,10,Yes,Print-ready,https://www.umassmed.edu/globalassets/attocpenn/the_hooked_on_nicotine_checklist.pdf?_t_id=1B2M2Y8AsgTpgAmY7PhCfg%3D%3D&_t_q=HONC&_t_tags=language%3A%2Csiteid%3Ab5a143c9-b51e-4bac-9eab-62560b986673&_t_ip=192.197.205.213&_t_hit.id=UMassMedicalSchool_Models_Media_GenericMedia/_5988cfa9-f23e-48dc-8117-5a8bb1754254&_t_hit.pos=2,Include,NA,1,"DiFranza et al., 2002",Hooked on Nicotine Checklist,Nicotine,Use,Excellent,Excellent,Excellent,Good,"CONCUR, CONVERG, DIVERG, DISCRIM, PREDICT",Not applicable
309,INCREMENTAL BEHAVIOR CHANGE TOWARD SMOKING CESSATION,Incremental Behavior Change toward Smoking cessation,IBC-S,Nicotine,NA,142,NA,NA,NA,NA,NA,NA,NA,NA,NA,NA,NA,NA,NA,NA,NA,NA,NA,NA,NA,NA,NA,NA,NA,NA,NA,NA,NA,NA,NA,NA,NA,NA,NA,NA,NA,NA,NA,NA,NA,NA,NA,NA,NA,NA,NA,NA,NA,NA,NA,NA,NA,NA,NA,NA,NA,NA,NA,NA,NA,NA,NA,NA,Incremental Behavior Change toward Smoking cessation,IBC-S,Nicotine,15,No, , ,Exclude,Not found,1,NA,NA,NA,NA,NA,NA,NA,NA,NA,NA
310,INTOLERANCE FOR SMOKING ABSTINENCE EMOTIONAL DISCOMFORT QUESTIONNAIRE,Intolerance for Smoking Abstinence Emotional Discomfort Questionnaire,IDQ-E,Nicotine,NA,532,NA,NA,NA,NA,NA,NA,NA,NA,NA,NA,NA,NA,NA,NA,NA,NA,NA,NA,NA,NA,NA,NA,NA,NA,NA,NA,NA,NA,NA,NA,NA,NA,NA,NA,NA,NA,NA,NA,NA,NA,NA,NA,NA,NA,NA,NA,NA,NA,NA,NA,NA,NA,NA,NA,NA,NA,NA,NA,NA,NA,NA,NA,Intolerance for Smoking Abstinence Emotional Discomfort Questionnaire,IDQ-E,Nicotine,9,No, , ,Exclude,Not found,1,NA,NA,NA,NA,NA,NA,NA,NA,NA,NA
311,INTOLERANCE FOR SMOKING ABSTINENCE PHYSICAL DISCOMFORT QUESTIONNAIRE,Intolerance for Smoking Abstinence Physical Discomfort Questionnaire,IDQ-P,Nicotine,NA,532,NA,NA,NA,NA,NA,NA,NA,NA,NA,NA,NA,NA,NA,NA,NA,NA,NA,NA,NA,NA,NA,NA,NA,NA,NA,NA,NA,NA,NA,NA,NA,NA,NA,NA,NA,NA,NA,NA,NA,NA,NA,NA,NA,NA,NA,NA,NA,NA,NA,NA,NA,NA,NA,NA,NA,NA,NA,NA,NA,NA,NA,NA,Intolerance for Smoking Abstinence Physical Discomfort Questionnaire,IDQ-P,Nicotine,14,No, , ,Exclude,Not found,1,NA,NA,NA,NA,NA,NA,NA,NA,NA,NA
312,INTOLERANCE FOR SMOKING ABSTINENCE QUESTIONNAIRE,Intolerance for Smoking Abstinence Questionnaire,IDQ-S,Nicotine,NA,532,NA,NA,NA,NA,NA,NA,NA,NA,NA,NA,NA,NA,NA,NA,NA,NA,NA,NA,NA,NA,NA,NA,NA,NA,NA,NA,NA,NA,NA,NA,NA,NA,NA,NA,NA,NA,NA,NA,NA,NA,NA,NA,NA,NA,NA,NA,NA,NA,NA,NA,NA,NA,NA,NA,NA,NA,NA,NA,NA,NA,NA,NA,Intolerance for Smoking Abstinence Questionnaire,IDQ-S,Nicotine,17,No, , ,Exclude,Not found,1,NA,NA,NA,NA,NA,NA,NA,NA,NA,NA
313,LIFETIME TOBACCO USE QUESTIONNAIRE,Lifetime Tobacco Use Questionnaire,LTUQ,Nicotine,NA,374,NA,NA,NA,NA,NA,NA,NA,NA,NA,NA,NA,NA,NA,NA,NA,NA,NA,NA,NA,NA,NA,NA,NA,NA,NA,NA,NA,NA,NA,NA,NA,NA,NA,NA,NA,NA,NA,NA,NA,NA,NA,NA,NA,NA,NA,NA,NA,NA,NA,NA,NA,NA,NA,NA,NA,NA,NA,NA,NA,NA,NA,NA,Lifetime Tobacco Use Questionnaire,LTUQ,Nicotine,Unknown,No, , ,Exclude,Not found,1,NA,NA,NA,NA,NA,NA,NA,NA,NA,NA
314,METACOGNITIONS ABOUT SMOKING QUESTIONNAIRE,Metacognitions about Smoking Questionnaire,MSQ,Nicotine,NA,248,255,438,NA,NA,NA,NA,NA,NA,NA,NA,NA,NA,NA,NA,NA,NA,NA,NA,NA,NA,NA,NA,NA,NA,NA,NA,NA,NA,NA,NA,NA,NA,NA,NA,NA,NA,NA,NA,NA,NA,NA,NA,NA,NA,NA,NA,NA,NA,NA,NA,NA,NA,NA,NA,NA,NA,NA,NA,NA,NA,NA,NA,Metacognitions about Smoking Questionnaire,MSQ,Nicotine,20,Yes,Needs formatting,https://core.ac.uk/download/pdf/29470588.pdf,Exclude,No scoring/instructions/interpretation,1,NA,NA,NA,NA,NA,NA,NA,NA,NA,NA
315,MICHIGAN NICOTINE REINFORCEMENT QUESTIONNAIRE,Michigan Nicotine Reinforcement Questionnaire,M-NRQ,Nicotine,NA,383,NA,NA,NA,NA,NA,NA,NA,NA,NA,NA,NA,NA,NA,NA,NA,NA,NA,NA,NA,NA,NA,NA,NA,NA,NA,NA,NA,NA,NA,NA,NA,NA,NA,NA,NA,NA,NA,NA,NA,NA,NA,NA,NA,NA,NA,NA,NA,NA,NA,NA,NA,NA,NA,NA,NA,NA,NA,NA,NA,NA,NA,NA,Michigan Nicotine Reinforcement Questionnaire,M-NRQ,Nicotine,Unknown,No, , ,Exclude,Not found,1,NA,NA,NA,NA,NA,NA,NA,NA,NA,NA
316,MINNESOTA NICOTINE WITHDRAWAL SCALE,Minnesota Nicotine Withdrawal Scale,MNWS,Nicotine,NA,260,333,383,436,501,393,595,NA,NA,NA,NA,NA,NA,NA,NA,NA,NA,NA,NA,NA,NA,NA,NA,NA,NA,NA,NA,NA,NA,NA,NA,NA,NA,NA,NA,NA,NA,NA,NA,NA,NA,NA,NA,NA,NA,NA,NA,NA,NA,NA,NA,NA,NA,NA,NA,NA,NA,NA,NA,NA,NA,NA,NA,Minnesota Nicotine Withdrawal Scale,MNWS,Nicotine,8,Yes,Print-ready,http://www.med.uvm.edu/docs/behavior_rating_scale_self/behavior-and-health-documents/behavior_rating_scale_self.pdf?sfvrsn=372e8344_2,Exclude,No scoring/instructions/interpretation,1,NA,NA,NA,NA,NA,NA,NA,NA,NA,NA
317,MODIFIED FAGERSTROM TOLERANCE QUESTIONNAIRE,Modified Fagerstrom Tolerance Questionnaire,mFTQ,Nicotine,NA,347,561,NA,NA,NA,NA,NA,NA,NA,NA,NA,NA,NA,NA,NA,NA,NA,NA,NA,NA,NA,NA,NA,NA,NA,NA,NA,NA,NA,NA,NA,NA,NA,NA,NA,NA,NA,NA,NA,NA,NA,NA,NA,NA,NA,NA,NA,NA,NA,NA,NA,NA,NA,NA,NA,NA,NA,NA,NA,NA,NA,NA,NA,Modified Fagerstrom Tolerance Questionnaire,mFTQ,Nicotine,7,Yes,Print-ready,https://carehere.com/wp-content/uploads/2018/02/fagerstromnicotinedependencymeasure.pdf,Include,NA,1,"Prokhorov et al., 1996",Modified Fagerstrom Tolerance Questionnaire,Nicotine,"Severity, Use",Excellent,Excellent,Excellent,Excellent,"CONCUR, DIVERG, DISCRIM, PREDICT",X
318,NICOTINE CRAVING QUESTIONNAIRE,Nicotine Craving Questionnaire,CCN,Nicotine,NA,490,NA,NA,NA,NA,NA,NA,NA,NA,NA,NA,NA,NA,NA,NA,NA,NA,NA,NA,NA,NA,NA,NA,NA,NA,NA,NA,NA,NA,NA,NA,NA,NA,NA,NA,NA,NA,NA,NA,NA,NA,NA,NA,NA,NA,NA,NA,NA,NA,NA,NA,NA,NA,NA,NA,NA,NA,NA,NA,NA,NA,NA,NA,Nicotine Craving Questionnaire,CCN,Nicotine,46,Unknown,NA,NA,Exclude,Too many items,1,NA,NA,NA,NA,NA,NA,NA,NA,NA,NA
319,NICOTINE DEPENDENCE SYNDROME SCALE,Nicotine Dependence Syndrome Scale,NDSS,Nicotine,NA,248,580,591,600,NA,NA,NA,NA,NA,NA,NA,NA,NA,NA,NA,NA,NA,NA,NA,NA,NA,NA,NA,NA,NA,NA,NA,NA,NA,NA,NA,NA,NA,NA,NA,NA,NA,NA,NA,NA,NA,NA,NA,NA,NA,NA,NA,NA,NA,NA,NA,NA,NA,NA,NA,NA,NA,NA,NA,NA,NA,NA,NA,Nicotine Dependence Syndrome Scale,NDSS,Nicotine,19,No,Print-ready,https://publications.iarc.fr/_publications/media/download/4000/4d15c7deb1289ad80811b1cde14b69a8ee06f2a2.pdf,Exclude,No scoring/instructions/interpretation,1,NA,NA,NA,NA,NA,NA,NA,NA,NA,NA
320,NICOTINE WITHDRAWAL ASSESSMENT FOR YOUTH,Nicotine Withdrawal Assessment for Youth,N-WAY,Nicotine,NA,347,492,NA,NA,NA,NA,NA,NA,NA,NA,NA,NA,NA,NA,NA,NA,NA,NA,NA,NA,NA,NA,NA,NA,NA,NA,NA,NA,NA,NA,NA,NA,NA,NA,NA,NA,NA,NA,NA,NA,NA,NA,NA,NA,NA,NA,NA,NA,NA,NA,NA,NA,NA,NA,NA,NA,NA,NA,NA,NA,NA,NA,NA,Nicotine Withdrawal Assessment for Youth,N-WAY,Nicotine,20,Yes,Needs formatting,https://researchrepository.wvu.edu/cgi/viewcontent.cgi?article=3928&context=etd,Exclude,No scoring/instructions/interpretation,1,NA,NA,NA,NA,NA,NA,NA,NA,NA,NA
321,OKLAHOMA SCALE FOR SMOKELESS TOBACCO DEPENDENCE,Oklahoma Scale for Smokeless Tobacco Dependence,OSSTD,Nicotine,NA,453,NA,NA,NA,NA,NA,NA,NA,NA,NA,NA,NA,NA,NA,NA,NA,NA,NA,NA,NA,NA,NA,NA,NA,NA,NA,NA,NA,NA,NA,NA,NA,NA,NA,NA,NA,NA,NA,NA,NA,NA,NA,NA,NA,NA,NA,NA,NA,NA,NA,NA,NA,NA,NA,NA,NA,NA,NA,NA,NA,NA,NA,NA,Oklahoma Scale for Smokeless Tobacco Dependence,OSSTD,Nicotine,23,No, , ,Exclude,Not found,1,NA,NA,NA,NA,NA,NA,NA,NA,NA,NA
322,OSTEOPORISIS SMOKING HEALTH BELIEF INSTRUMENT,Osteoporisis Smoking Health Belief Instrument,OSHB,Nicotine,NA,171,NA,NA,NA,NA,NA,NA,NA,NA,NA,NA,NA,NA,NA,NA,NA,NA,NA,NA,NA,NA,NA,NA,NA,NA,NA,NA,NA,NA,NA,NA,NA,NA,NA,NA,NA,NA,NA,NA,NA,NA,NA,NA,NA,NA,NA,NA,NA,NA,NA,NA,NA,NA,NA,NA,NA,NA,NA,NA,NA,NA,NA,NA,Osteoporisis Smoking Health Belief Instrument,OSHB,Nicotine,18,No, , ,Exclude,Not found,1,NA,NA,NA,NA,NA,NA,NA,NA,NA,NA
323,PENN STATE E-CIGARETTE DEPENDENCE INDEX,Penn State E-Cigarette Dependence index,PSECDI,Nicotine,NA,240,373,NA,NA,NA,NA,NA,NA,NA,NA,NA,NA,NA,NA,NA,NA,NA,NA,NA,NA,NA,NA,NA,NA,NA,NA,NA,NA,NA,NA,NA,NA,NA,NA,NA,NA,NA,NA,NA,NA,NA,NA,NA,NA,NA,NA,NA,NA,NA,NA,NA,NA,NA,NA,NA,NA,NA,NA,NA,NA,NA,NA,NA,Penn State E-Cigarette Dependence index,PSECDI,Nicotine,10,Yes,Print-ready,https://research.med.psu.edu/smoking/dependence-index/,Include,NA,1,"Foulds et al., 2015",Penn State E-cigarette Dependence Index,Nicotine,Use,Adequate,Good,Adequate,NA,CONVERG,NA
324,PERCEIVED RISKS AND BENEFITS QUESTIONNAIRE,Perceived Risks and Benefits Questionnaire,PRBQ,Nicotine,NA,195,NA,NA,NA,NA,NA,NA,NA,NA,NA,NA,NA,NA,NA,NA,NA,NA,NA,NA,NA,NA,NA,NA,NA,NA,NA,NA,NA,NA,NA,NA,NA,NA,NA,NA,NA,NA,NA,NA,NA,NA,NA,NA,NA,NA,NA,NA,NA,NA,NA,NA,NA,NA,NA,NA,NA,NA,NA,NA,NA,NA,NA,NA,Perceived Risks and Benefits Questionnaire,PRBQ,Nicotine,39,Unknown,NA,NA,Exclude,Too many items,1,NA,NA,NA,NA,NA,NA,NA,NA,NA,NA
325,PROCESSES OF CHANGE FOR SMOKING,Processes of Change for Smoking,POC-S,Nicotine,NA,52,NA,NA,NA,NA,NA,NA,NA,NA,NA,NA,NA,NA,NA,NA,NA,NA,NA,NA,NA,NA,NA,NA,NA,NA,NA,NA,NA,NA,NA,NA,NA,NA,NA,NA,NA,NA,NA,NA,NA,NA,NA,NA,NA,NA,NA,NA,NA,NA,NA,NA,NA,NA,NA,NA,NA,NA,NA,NA,NA,NA,NA,NA,Processes of Change for Smoking,POC-S,Nicotine,40,Unknown,NA,NA,Exclude,Too many items,1,NA,NA,NA,NA,NA,NA,NA,NA,NA,NA
326,QUESTIONNAIRE OF SMOKING URGES,Questionnaire of Smoking Urges,QSU,Nicotine,NA,40,436,294,NA,NA,NA,NA,NA,NA,NA,NA,NA,NA,NA,NA,NA,NA,NA,NA,NA,NA,NA,NA,NA,NA,NA,NA,NA,NA,NA,NA,NA,NA,NA,NA,NA,NA,NA,NA,NA,NA,NA,NA,NA,NA,NA,NA,NA,NA,NA,NA,NA,NA,NA,NA,NA,NA,NA,NA,NA,NA,NA,NA,Questionnaire of Smoking Urges,QSU,Nicotine,32,Unknown,NA,NA,Exclude,Too many items,1,NA,NA,NA,NA,NA,NA,NA,NA,NA,NA
327,QUESTIONNAIRE ON SMOKING URGES 12,Questionnaire on Smoking Urges 12,QSU-12,Nicotine,NA,446,NA,NA,NA,NA,NA,NA,NA,NA,NA,NA,NA,NA,NA,NA,NA,NA,NA,NA,NA,NA,NA,NA,NA,NA,NA,NA,NA,NA,NA,NA,NA,NA,NA,NA,NA,NA,NA,NA,NA,NA,NA,NA,NA,NA,NA,NA,NA,NA,NA,NA,NA,NA,NA,NA,NA,NA,NA,NA,NA,NA,NA,NA,Questionnaire on Smoking Urges 12,QSU-12,Nicotine,12,No, , ,Exclude,Not found,1,NA,NA,NA,NA,NA,NA,NA,NA,NA,NA
328,QUESTIONNAIRE ON SMOKING URGES-BELIEF,Questionnaire on Smoking Urges-Belief,QSU-Brief,Nicotine,NA,416,NA,NA,NA,NA,NA,NA,NA,NA,NA,NA,NA,NA,NA,NA,NA,NA,NA,NA,NA,NA,NA,NA,NA,NA,NA,NA,NA,NA,NA,NA,NA,NA,NA,NA,NA,NA,NA,NA,NA,NA,NA,NA,NA,NA,NA,NA,NA,NA,NA,NA,NA,NA,NA,NA,NA,NA,NA,NA,NA,NA,NA,NA,Questionnaire on Smoking Urges-Belief,QSU-Brief,Nicotine,10,Yes,Needs formatting,https://www.researchgate.net/publication/40768606_Is_the_ten-item_Questionnaire_of_Smoking_Urges_QSU-brief_more_sensitive_to_abstinence_than_shorter_craving_measures/link/0046352011478b7072000000/download,Exclude,No scoring/instructions/interpretation,1,NA,NA,NA,NA,NA,NA,NA,NA,NA,NA
329,REASONS FOR SMOKING TEST,Reasons for Smoking Test,RFS,Nicotine,NA,33,NA,NA,NA,NA,NA,NA,NA,NA,NA,NA,NA,NA,NA,NA,NA,NA,NA,NA,NA,NA,NA,NA,NA,NA,NA,NA,NA,NA,NA,NA,NA,NA,NA,NA,NA,NA,NA,NA,NA,NA,NA,NA,NA,NA,NA,NA,NA,NA,NA,NA,NA,NA,NA,NA,NA,NA,NA,NA,NA,NA,NA,NA,Reasons for Smoking Test,RFS,Nicotine,28,Unknown,NA,NA,Exclude,Too many items,1,NA,NA,NA,NA,NA,NA,NA,NA,NA,NA
330,SELF-REPORT HABIT INDEX FOR E-CIGARETTES,Self-Report Habit Index for E-cigarettes,SRHI-E,Nicotine,NA,240,NA,NA,NA,NA,NA,NA,NA,NA,NA,NA,NA,NA,NA,NA,NA,NA,NA,NA,NA,NA,NA,NA,NA,NA,NA,NA,NA,NA,NA,NA,NA,NA,NA,NA,NA,NA,NA,NA,NA,NA,NA,NA,NA,NA,NA,NA,NA,NA,NA,NA,NA,NA,NA,NA,NA,NA,NA,NA,NA,NA,NA,NA,Self-Report Habit Index for E-cigarettes,SRHI-E,Nicotine,12,No, , ,Exclude,Not found,1,NA,NA,NA,NA,NA,NA,NA,NA,NA,NA
331,SENSORY E-CIGARETTE EXPECTANCIES SCALE,Sensory E-cigarette Expectancies Scale,SEES,Nicotine,NA,240,NA,NA,NA,NA,NA,NA,NA,NA,NA,NA,NA,NA,NA,NA,NA,NA,NA,NA,NA,NA,NA,NA,NA,NA,NA,NA,NA,NA,NA,NA,NA,NA,NA,NA,NA,NA,NA,NA,NA,NA,NA,NA,NA,NA,NA,NA,NA,NA,NA,NA,NA,NA,NA,NA,NA,NA,NA,NA,NA,NA,NA,NA,Sensory E-cigarette Expectancies Scale,SEES,Nicotine,23,No, , ,Exclude,Not found,1,NA,NA,NA,NA,NA,NA,NA,NA,NA,NA
332,SEVERSON 7-ITEM SMOKELESS TOBACCO DEPENDENCE SCALE,Severson 7-item Smokeless Tobacco Dependence Scale,SSTDS,Nicotine,NA,306,NA,NA,NA,NA,NA,NA,NA,NA,NA,NA,NA,NA,NA,NA,NA,NA,NA,NA,NA,NA,NA,NA,NA,NA,NA,NA,NA,NA,NA,NA,NA,NA,NA,NA,NA,NA,NA,NA,NA,NA,NA,NA,NA,NA,NA,NA,NA,NA,NA,NA,NA,NA,NA,NA,NA,NA,NA,NA,NA,NA,NA,NA,Severson 7-item Smokeless Tobacco Dependence Scale,SSTDS,Nicotine,7,Yes,Print-ready,https://www.umassmed.edu/globalassets/center-for-tobacoo-cttrt/tts-part-1/module-4/severson_smokeless_tobacco_dependence.pdf,Include,NA,1,"Severson et al., 2003",Severson 7-item Smokeless Tobacco Dependence Scale,Nicotine,Severity,Adequate,Good,Good,NA,"CONCUR, CONVERG, DIVERG",NA
333,SHIFFMAN-JARVIK SMOKING WITHDRAWAL QUESTIONNAIRE,Shiffman-Jarvik Smoking Withdrawal Questionnaire,SWQ,Nicotine,NA,501,NA,NA,NA,NA,NA,NA,NA,NA,NA,NA,NA,NA,NA,NA,NA,NA,NA,NA,NA,NA,NA,NA,NA,NA,NA,NA,NA,NA,NA,NA,NA,NA,NA,NA,NA,NA,NA,NA,NA,NA,NA,NA,NA,NA,NA,NA,NA,NA,NA,NA,NA,NA,NA,NA,NA,NA,NA,NA,NA,NA,NA,NA,Shiffman-Jarvik Smoking Withdrawal Questionnaire,SWQ,Nicotine,25,Yes,Needs formatting,https://www.guilford.com/excerpts/abrams.pdf?t,Exclude,Insufficient psychometric data,1,NA,NA,NA,NA,NA,NA,NA,NA,NA,NA
334,SHORT FORM OF THE SMOKING CONSEQUENCES QUESTIONNAIRE,Short Form of the Smoking Consequences Questionnaire,S-SCQ,Nicotine,NA,86,186,33,NA,NA,NA,NA,NA,NA,NA,NA,NA,NA,NA,NA,NA,NA,NA,NA,NA,NA,NA,NA,NA,NA,NA,NA,NA,NA,NA,NA,NA,NA,NA,NA,NA,NA,NA,NA,NA,NA,NA,NA,NA,NA,NA,NA,NA,NA,NA,NA,NA,NA,NA,NA,NA,NA,NA,NA,NA,NA,NA,NA,Short Form of the Smoking Consequences Questionnaire,S-SCQ,Nicotine,21,Yes,Print-ready,https://cancercontrol.cancer.gov/sites/default/files/2020-06/short_form_smoking_consequences_questionnaire.pdf,Include,NA,1,"Myers et al., 2003",Short Form of the Smoking Consequences Questionnaire,Nicotine,Consequences,Adequate,Good,Excellent,NA,"CONCUR, CONVERG, PREDICT",NA
335,SHORT FORM VAPING CONSEQUENCES QUESTIONNAIRE,Short Form Vaping Consequences Questionnaire,S-VCQ,Nicotine,NA,373,NA,NA,NA,NA,NA,NA,NA,NA,NA,NA,NA,NA,NA,NA,NA,NA,NA,NA,NA,NA,NA,NA,NA,NA,NA,NA,NA,NA,NA,NA,NA,NA,NA,NA,NA,NA,NA,NA,NA,NA,NA,NA,NA,NA,NA,NA,NA,NA,NA,NA,NA,NA,NA,NA,NA,NA,NA,NA,NA,NA,NA,NA,Short Form Vaping Consequences Questionnaire,S-VCQ,Nicotine,15,Yes,Needs formatting,https://jewlscholar.mtsu.edu/bitstream/handle/mtsu/6242/JOHNSON_Landon_Sp20ThesisFinal.pdf?sequence=1&isAllowed=y,Exclude,No scoring/instructions/interpretation,1,NA,NA,NA,NA,NA,NA,NA,NA,NA,NA
336,SMOKER COMPLAINT SCALE,Smoker Complaint Scale,SCS,Nicotine,NA,501,NA,NA,NA,NA,NA,NA,NA,NA,NA,NA,NA,NA,NA,NA,NA,NA,NA,NA,NA,NA,NA,NA,NA,NA,NA,NA,NA,NA,NA,NA,NA,NA,NA,NA,NA,NA,NA,NA,NA,NA,NA,NA,NA,NA,NA,NA,NA,NA,NA,NA,NA,NA,NA,NA,NA,NA,NA,NA,NA,NA,NA,NA,Smoker Complaint Scale,SCS,Nicotine,20,Yes,Print-ready,https://eprovide.mapi-trust.org/instruments/smoker-complaint-scale#review_copy,Exclude,No scoring/instructions/interpretation,1,NA,NA,NA,NA,NA,NA,NA,NA,NA,NA
337,SMOKING ABSTINENCE SELF-EFFICACY QUESTIONNAIRE,Smoking Abstinence Self-efficacy Questionnaire,SASEQ,Nicotine,NA,159,149,NA,NA,NA,NA,NA,NA,NA,NA,NA,NA,NA,NA,NA,NA,NA,NA,NA,NA,NA,NA,NA,NA,NA,NA,NA,NA,NA,NA,NA,NA,NA,NA,NA,NA,NA,NA,NA,NA,NA,NA,NA,NA,NA,NA,NA,NA,NA,NA,NA,NA,NA,NA,NA,NA,NA,NA,NA,NA,NA,NA,NA,Smoking Abstinence Self-efficacy Questionnaire,SASEQ,Nicotine,6,Yes,Needs formatting,https://link.springer.com/content/pdf/10.1007/s12529-012-9229-2.pdf,Include,NA,1,"Spek et al., 2013",Smoking Abstinence Self-efficacy Questionnaire,Treatment Related,"Recovery, Self-Efficacy",Good,Good,Excellent,NA,"DISCRIM, PREDICT",X
338,SMOKING CONSEQUENCES QUESTIONNAIRE,Smoking Consequences Questionnaire,SCQ,Nicotine,NA,260,698,135,NA,NA,NA,NA,NA,NA,NA,NA,NA,NA,NA,NA,NA,NA,NA,NA,NA,NA,NA,NA,NA,NA,NA,NA,NA,NA,NA,NA,NA,NA,NA,NA,NA,NA,NA,NA,NA,NA,NA,NA,NA,NA,NA,NA,NA,NA,NA,NA,NA,NA,NA,NA,NA,NA,NA,NA,NA,NA,NA,NA,Smoking Consequences Questionnaire,SCQ,Nicotine,50,Yes,Print-ready,https://moffitt.org/research-science/research-teams/tobacco-research-and-intervention-program-trip/trip-research/measures/,Exclude,Too many items,1,NA,NA,NA,NA,NA,NA,NA,NA,NA,NA
339,SMOKING CONSEQUENCES QUESTIONNAIRE - ADULT,Smoking Consequences Questionnaire - Adult,SCQ-A,Nicotine,NA,333,546,587,601,595,NA,NA,NA,NA,NA,NA,NA,NA,NA,NA,NA,NA,NA,NA,NA,NA,NA,NA,NA,NA,NA,NA,NA,NA,NA,NA,NA,NA,NA,NA,NA,NA,NA,NA,NA,NA,NA,NA,NA,NA,NA,NA,NA,NA,NA,NA,NA,NA,NA,NA,NA,NA,NA,NA,NA,NA,NA,NA,Smoking Consequences Questionnaire - Adult,SCQ-A,Nicotine,33,Unknown,NA,NA,Exclude,Too many items,1,NA,NA,NA,NA,NA,NA,NA,NA,NA,NA
340,SMOKING EFFECTS QUESTIONNAIRE,Smoking Effects Questionnaire,SEQ,Nicotine,NA,248,322,460,438,NA,NA,NA,NA,NA,NA,NA,NA,NA,NA,NA,NA,NA,NA,NA,NA,NA,NA,NA,NA,NA,NA,NA,NA,NA,NA,NA,NA,NA,NA,NA,NA,NA,NA,NA,NA,NA,NA,NA,NA,NA,NA,NA,NA,NA,NA,NA,NA,NA,NA,NA,NA,NA,NA,NA,NA,NA,NA,NA,Smoking Effects Questionnaire,SEQ,Nicotine,14,No, , ,Exclude,Not found,1,NA,NA,NA,NA,NA,NA,NA,NA,NA,NA
341,SMOKING EFFICACY SCALE,Smoking Efficacy Scale,SES,Nicotine,NA,151,NA,NA,NA,NA,NA,NA,NA,NA,NA,NA,NA,NA,NA,NA,NA,NA,NA,NA,NA,NA,NA,NA,NA,NA,NA,NA,NA,NA,NA,NA,NA,NA,NA,NA,NA,NA,NA,NA,NA,NA,NA,NA,NA,NA,NA,NA,NA,NA,NA,NA,NA,NA,NA,NA,NA,NA,NA,NA,NA,NA,NA,NA,Smoking Efficacy Scale,SES,Nicotine,Unknown,No, , ,Exclude,Not found,1,NA,NA,NA,NA,NA,NA,NA,NA,NA,NA
342,SMOKING HISTORY QUESTIONNAIRE,Smoking History Questionnaire,SHQ,Nicotine,NA,260,436,NA,NA,NA,NA,NA,NA,NA,NA,NA,NA,NA,NA,NA,NA,NA,NA,NA,NA,NA,NA,NA,NA,NA,NA,NA,NA,NA,NA,NA,NA,NA,NA,NA,NA,NA,NA,NA,NA,NA,NA,NA,NA,NA,NA,NA,NA,NA,NA,NA,NA,NA,NA,NA,NA,NA,NA,NA,NA,NA,NA,NA,Smoking History Questionnaire,SHQ,Nicotine,11,No,Print-ready,https://arc.psych.wisc.edu/self-report/smoking-history-questionnaire-shq/,Exclude,Insufficient psychometric data,1,NA,NA,NA,NA,NA,NA,NA,NA,NA,NA
343,SMOKING INFORMATION QUESTIONNAIRE,Smoking Information Questionnaire,SIQ,Nicotine,NA,383,NA,NA,NA,NA,NA,NA,NA,NA,NA,NA,NA,NA,NA,NA,NA,NA,NA,NA,NA,NA,NA,NA,NA,NA,NA,NA,NA,NA,NA,NA,NA,NA,NA,NA,NA,NA,NA,NA,NA,NA,NA,NA,NA,NA,NA,NA,NA,NA,NA,NA,NA,NA,NA,NA,NA,NA,NA,NA,NA,NA,NA,NA,Smoking Information Questionnaire,SIQ,Nicotine,44,Unknown,NA,NA,Exclude,Too many items,1,NA,NA,NA,NA,NA,NA,NA,NA,NA,NA
344,"SMOKING KNOWLEDGE, ATTITUDES, AND PRACTICES","Smoking Knowledge, Attitudes, and Practices",S-KAP,Nicotine,NA,129,NA,NA,NA,NA,NA,NA,NA,NA,NA,NA,NA,NA,NA,NA,NA,NA,NA,NA,NA,NA,NA,NA,NA,NA,NA,NA,NA,NA,NA,NA,NA,NA,NA,NA,NA,NA,NA,NA,NA,NA,NA,NA,NA,NA,NA,NA,NA,NA,NA,NA,NA,NA,NA,NA,NA,NA,NA,NA,NA,NA,NA,NA,"Smoking Knowledge, Attitudes, and Practices",S-KAP,Nicotine,50,Unknown,NA,NA,Exclude,Too many items,1,NA,NA,NA,NA,NA,NA,NA,NA,NA,NA
345,SMOKING RESTRAINT QUESTIONNAIRE,Smoking Restraint Questionnaire,SRQ,Nicotine,NA,406,NA,NA,NA,NA,NA,NA,NA,NA,NA,NA,NA,NA,NA,NA,NA,NA,NA,NA,NA,NA,NA,NA,NA,NA,NA,NA,NA,NA,NA,NA,NA,NA,NA,NA,NA,NA,NA,NA,NA,NA,NA,NA,NA,NA,NA,NA,NA,NA,NA,NA,NA,NA,NA,NA,NA,NA,NA,NA,NA,NA,NA,NA,Smoking Restraint Questionnaire,SRQ,Nicotine,12,Yes,Needs formatting,https://eprints.utas.edu.au/23560/1/Blake_whole_thesis.pdf,Include,NA,1,"Blake et al., 2016",Smoking Restraint Questionnaire,Nicotine,Self-Efficacy,Adequate,Adequate,Good,NA,PREDICT,NA
346,SMOKING SELF-EFFICACY QUESTIONNAIRE,Smoking Self-Efficacy Questionnaire,SSEQ,Nicotine,NA,381,513,117,NA,NA,NA,NA,NA,NA,NA,NA,NA,NA,NA,NA,NA,NA,NA,NA,NA,NA,NA,NA,NA,NA,NA,NA,NA,NA,NA,NA,NA,NA,NA,NA,NA,NA,NA,NA,NA,NA,NA,NA,NA,NA,NA,NA,NA,NA,NA,NA,NA,NA,NA,NA,NA,NA,NA,NA,NA,NA,NA,NA,Smoking Self-Efficacy Questionnaire,SSEQ,Nicotine,17,No,NA,NA,Exclude,Not found,1,NA,NA,NA,NA,NA,NA,NA,NA,NA,NA
347,SMOKING STATUS QUESTIONNAIRE,Smoking status questionnaire,SSQ,Nicotine,NA,343,NA,NA,NA,NA,NA,NA,NA,NA,NA,NA,NA,NA,NA,NA,NA,NA,NA,NA,NA,NA,NA,NA,NA,NA,NA,NA,NA,NA,NA,NA,NA,NA,NA,NA,NA,NA,NA,NA,NA,NA,NA,NA,NA,NA,NA,NA,NA,NA,NA,NA,NA,NA,NA,NA,NA,NA,NA,NA,NA,NA,NA,NA,Smoking status questionnaire,SSQ,Nicotine,6,Yes,Print-ready,https://actuariesforlawyers.com/wp-content/uploads/2019/03/Smoking-Status-Questionnaire.pdf,Exclude,No scoring/instructions/interpretation,1,NA,NA,NA,NA,NA,NA,NA,NA,NA,NA
348,STAGE OF THE TOBACCO ACQUISITION QUESTIONNAIRE,Stage of the Tobacco Acquisition Questionnaire,STAQ,Nicotine,NA,201,NA,NA,NA,NA,NA,NA,NA,NA,NA,NA,NA,NA,NA,NA,NA,NA,NA,NA,NA,NA,NA,NA,NA,NA,NA,NA,NA,NA,NA,NA,NA,NA,NA,NA,NA,NA,NA,NA,NA,NA,NA,NA,NA,NA,NA,NA,NA,NA,NA,NA,NA,NA,NA,NA,NA,NA,NA,NA,NA,NA,NA,NA,Stage of the Tobacco Acquisition Questionnaire,STAQ,Nicotine,Unknown,No, , ,Exclude,Not found,1,NA,NA,NA,NA,NA,NA,NA,NA,NA,NA
349,TEEN SMOKING QUESTIONNAIRE,Teen Smoking Questionnaire,TSQ,Nicotine,NA,388,NA,NA,NA,NA,NA,NA,NA,NA,NA,NA,NA,NA,NA,NA,NA,NA,NA,NA,NA,NA,NA,NA,NA,NA,NA,NA,NA,NA,NA,NA,NA,NA,NA,NA,NA,NA,NA,NA,NA,NA,NA,NA,NA,NA,NA,NA,NA,NA,NA,NA,NA,NA,NA,NA,NA,NA,NA,NA,NA,NA,NA,NA,Teen Smoking Questionnaire,TSQ,Nicotine,15,No, , ,Exclude,Not found,1,NA,NA,NA,NA,NA,NA,NA,NA,NA,NA
350,TOBACCO AND NICOTINE CONSEQUENCES SCALE,Tobacco and Nicotine Consequences Scale,TANCS,Nicotine,NA,322,NA,NA,NA,NA,NA,NA,NA,NA,NA,NA,NA,NA,NA,NA,NA,NA,NA,NA,NA,NA,NA,NA,NA,NA,NA,NA,NA,NA,NA,NA,NA,NA,NA,NA,NA,NA,NA,NA,NA,NA,NA,NA,NA,NA,NA,NA,NA,NA,NA,NA,NA,NA,NA,NA,NA,NA,NA,NA,NA,NA,NA,NA,Tobacco and Nicotine Consequences Scale,TANCS,Nicotine,47,Unknown,NA,NA,Exclude,Too many items,1,NA,NA,NA,NA,NA,NA,NA,NA,NA,NA
351,TOBACCO CRAVING QUESTIONNAIRE,Tobacco Craving Questionnaire,TCQ,Nicotine,NA,294,NA,NA,NA,NA,NA,NA,NA,NA,NA,NA,NA,NA,NA,NA,NA,NA,NA,NA,NA,NA,NA,NA,NA,NA,NA,NA,NA,NA,NA,NA,NA,NA,NA,NA,NA,NA,NA,NA,NA,NA,NA,NA,NA,NA,NA,NA,NA,NA,NA,NA,NA,NA,NA,NA,NA,NA,NA,NA,NA,NA,NA,NA,Tobacco Craving Questionnaire,TCQ,Nicotine,47,NA,NA,NA,Exclude,Too many items,1,NA,NA,NA,NA,NA,NA,NA,NA,NA,NA
352,TOBACCO DEPENDENCE SCREENER,Tobacco Dependence Screener,TDS,Language,NA,332,453,258,NA,NA,NA,NA,NA,NA,NA,NA,NA,NA,NA,NA,NA,NA,NA,NA,NA,NA,NA,NA,NA,NA,NA,NA,NA,NA,NA,NA,NA,NA,NA,NA,NA,NA,NA,NA,NA,NA,NA,NA,NA,NA,NA,NA,NA,NA,NA,NA,NA,NA,NA,NA,NA,NA,NA,NA,NA,NA,NA,NA,NA,NA,NA,NA,NA,NA,NA,NA,NA,NA,NA,NA,NA,NA,NA,NA,NA,NA,NA,NA
353,WAYS OF QUITTING QUESTIONNAIRE,Ways of Quitting Questionnaire,WOQ,Nicotine,NA,388,NA,NA,NA,NA,NA,NA,NA,NA,NA,NA,NA,NA,NA,NA,NA,NA,NA,NA,NA,NA,NA,NA,NA,NA,NA,NA,NA,NA,NA,NA,NA,NA,NA,NA,NA,NA,NA,NA,NA,NA,NA,NA,NA,NA,NA,NA,NA,NA,NA,NA,NA,NA,NA,NA,NA,NA,NA,NA,NA,NA,NA,NA,Ways of Quitting Questionnaire,WOQ,Nicotine,37,Unknown,NA,NA,Exclude,Too many items,1,NA,NA,NA,NA,NA,NA,NA,NA,NA,NA
354,WISCONSIN INVENTORY OF SMOKING DEPENDENCE MOTIVES-37,Wisconsin Inventory of Smoking Dependence Motives-37,WISDM-37,Nicotine,NA,332,NA,NA,NA,NA,NA,NA,NA,NA,NA,NA,NA,NA,NA,NA,NA,NA,NA,NA,NA,NA,NA,NA,NA,NA,NA,NA,NA,NA,NA,NA,NA,NA,NA,NA,NA,NA,NA,NA,NA,NA,NA,NA,NA,NA,NA,NA,NA,NA,NA,NA,NA,NA,NA,NA,NA,NA,NA,NA,NA,NA,NA,NA,Wisconsin Inventory of Smoking Dependence Motives-37,WISDM-37,Nicotine,37,Unknown,NA,NA,Exclude,Too many items,1,NA,NA,NA,NA,NA,NA,NA,NA,NA,NA
355,WISCONSIN SMOKING WITHDRAWAL SCALE,Wisconsin Smoking Withdrawal Scale,WSWS,Nicotine,NA,225,NA,NA,NA,NA,NA,NA,NA,NA,NA,NA,NA,NA,NA,NA,NA,NA,NA,NA,NA,NA,NA,NA,NA,NA,NA,NA,NA,NA,NA,NA,NA,NA,NA,NA,NA,NA,NA,NA,NA,NA,NA,NA,NA,NA,NA,NA,NA,NA,NA,NA,NA,NA,NA,NA,NA,NA,NA,NA,NA,NA,NA,NA,Wisconsin Smoking Withdrawal Scale,WSWS,Nicotine,28,Unknown,NA,NA,Exclude,Too many items,1,NA,NA,NA,NA,NA,NA,NA,NA,NA,NA
356,WISCONSIN SMOKING WITHDRAWAL SCALE - BRIEF,Wisconsin Smoking Withdrawal Scale - Brief,WSWS2-B,Nicotine,NA,225,NA,NA,NA,NA,NA,NA,NA,NA,NA,NA,NA,NA,NA,NA,NA,NA,NA,NA,NA,NA,NA,NA,NA,NA,NA,NA,NA,NA,NA,NA,NA,NA,NA,NA,NA,NA,NA,NA,NA,NA,NA,NA,NA,NA,NA,NA,NA,NA,NA,NA,NA,NA,NA,NA,NA,NA,NA,NA,NA,NA,NA,NA,Wisconsin Smoking Withdrawal Scale - Brief,WSWS2-B,Nicotine,6,No,Print-ready,https://ctri.wisc.edu/researchers/measures-methods/,Include,NA,1,"Smith et al., 2021",Wisconsin Smoking Withdrawal Scale - Brief,Nicotine,"Consequences, Withdrawal",Good,Good,Good,Adequate,"CONVERG, DISCRIM, PREDICT",NA
357,WISCONSIN SMOKING WITHDRAWAL SCALE - LONG,Wisconsin Smoking Withdrawal Scale - Long,WSWS2-L,Nicotine,NA,225,NA,NA,NA,NA,NA,NA,NA,NA,NA,NA,NA,NA,NA,NA,NA,NA,NA,NA,NA,NA,NA,NA,NA,NA,NA,NA,NA,NA,NA,NA,NA,NA,NA,NA,NA,NA,NA,NA,NA,NA,NA,NA,NA,NA,NA,NA,NA,NA,NA,NA,NA,NA,NA,NA,NA,NA,NA,NA,NA,NA,NA,NA,Wisconsin Smoking Withdrawal Scale - Long,WSWS2-L,Nicotine,19,No,Print-ready,https://ctri.wisc.edu/researchers/measures-methods/,Include,NA,1,"Smith et al., 2021",Wisconsin Smoking Withdrawal Scale - Long,Nicotine,Withdrawal,Good,Good,Good,Adequate,"CONVERG, DISCRIM, PREDICT",NA
358,GLOBAL ADULT TOBACCO SURVEY,Global Adult Tobacco Survey,GATS,Nicotine,NA,285,NA,NA,NA,NA,NA,NA,NA,NA,NA,NA,NA,NA,NA,NA,NA,NA,NA,NA,NA,NA,NA,NA,NA,NA,NA,NA,NA,NA,NA,NA,NA,NA,NA,NA,NA,NA,NA,NA,NA,NA,NA,NA,NA,NA,NA,NA,NA,NA,NA,NA,NA,NA,NA,NA,NA,NA,NA,NA,NA,NA,NA,NA,Global Adult Tobacco Survey,GATS,Nicotine,100,Unknown,NA,NA,Exclude,Too many items,1,NA,NA,NA,NA,NA,NA,NA,NA,NA,NA
359,NICOTINE AND MARIJUANA INTERACTION EXPECTANCY QUESTIONNAIRE,Nicotine and Marijuana Interaction Expectancy Questionnaire,NAMIE,Multi-substance,NA,484,NA,NA,NA,NA,NA,NA,NA,NA,NA,NA,NA,NA,NA,NA,NA,NA,NA,NA,NA,NA,NA,NA,NA,NA,NA,NA,NA,NA,NA,NA,NA,NA,NA,NA,NA,NA,NA,NA,NA,NA,NA,NA,NA,NA,NA,NA,NA,NA,NA,NA,NA,NA,NA,NA,NA,NA,NA,NA,NA,NA,NA,NA,Nicotine and Marijuana Interaction Expectancy Questionnaire,NAMIE,Multi-substance,3,No, , ,Exclude,Not found,1,NA,NA,NA,NA,NA,NA,NA,NA,NA,NA
360,CURRENT OPIOID MISUSE MEASURE,Current Opioid Misuse Measure,COMM,Opioid,NA,278,526,685,676,NA,NA,NA,NA,NA,NA,NA,NA,NA,NA,NA,NA,NA,NA,NA,NA,NA,NA,NA,NA,NA,NA,NA,NA,NA,NA,NA,NA,NA,NA,NA,NA,NA,NA,NA,NA,NA,NA,NA,NA,NA,NA,NA,NA,NA,NA,NA,NA,NA,NA,NA,NA,NA,NA,NA,NA,NA,NA,NA,Current Opioid Misuse Measure,COMM,Opioid,17,Yes,Print-ready,https://www.utahmed.org/docs/CS_Resources/COMM%20-%20Current%20Opioid%20Misuse%20Measure.pdf,Include,NA,1,"Butler et al., 2007",Current Opioid Misuse Measure,Opioid,Use,Good,Excellent,Good,Excellent,"CONVERG, DIVERG, DISCRIM, PREDICT",X
361,HEROIN CRAVING QUESTIONNAIRE,Heroin Craving Questionnaire,HCQ,Opioid,NA,308,691,294,666,NA,NA,NA,NA,NA,NA,NA,NA,NA,NA,NA,NA,NA,NA,NA,NA,NA,NA,NA,NA,NA,NA,NA,NA,NA,NA,NA,NA,NA,NA,NA,NA,NA,NA,NA,NA,NA,NA,NA,NA,NA,NA,NA,NA,NA,NA,NA,NA,NA,NA,NA,NA,NA,NA,NA,NA,NA,NA,NA,Heroin Craving Questionnaire,HCQ,Opioid,45,Unknown,NA,NA,Exclude,Too many items,1,NA,NA,NA,NA,NA,NA,NA,NA,NA,NA
362,OPIATE ABUSE COPING RESPONSE INVENTORY,Opiate Abuse Coping Response Inventory,OACRI,Opioid,NA,465,NA,NA,NA,NA,NA,NA,NA,NA,NA,NA,NA,NA,NA,NA,NA,NA,NA,NA,NA,NA,NA,NA,NA,NA,NA,NA,NA,NA,NA,NA,NA,NA,NA,NA,NA,NA,NA,NA,NA,NA,NA,NA,NA,NA,NA,NA,NA,NA,NA,NA,NA,NA,NA,NA,NA,NA,NA,NA,NA,NA,NA,NA,Opiate Abuse Coping Response Inventory,OACRI,Opioid,50,Unknown,NA,NA,Exclude,Too many items,1,NA,NA,NA,NA,NA,NA,NA,NA,NA,NA
363,"OPIOID OVERDOSE RISK BEHAVIOR SCALE, VERSION 2","Opiod Overdose Risk Behavior Scale, version 2",ORBS-2,Opioid,NA,790,NA,NA,NA,NA,NA,NA,NA,NA,NA,NA,NA,NA,NA,NA,NA,NA,NA,NA,NA,NA,NA,NA,NA,NA,NA,NA,NA,NA,NA,NA,NA,NA,NA,NA,NA,NA,NA,NA,NA,NA,NA,NA,NA,NA,NA,NA,NA,NA,NA,NA,NA,NA,NA,NA,NA,NA,NA,NA,NA,NA,NA,NA,"Opioid Overdose Risk Behavior Scale, version 2",ORBS-2,Opioid,37,Unknown,NA,NA,Exclude,Too many items,1,NA,NA,NA,NA,NA,NA,NA,NA,NA,NA
364,OVERDOSE RISK BEHAVIOR SCALE,Overdose Risk Behavior Scale,ORBS,Opioid,NA,681,NA,NA,NA,NA,NA,NA,NA,NA,NA,NA,NA,NA,NA,NA,NA,NA,NA,NA,NA,NA,NA,NA,NA,NA,NA,NA,NA,NA,NA,NA,NA,NA,NA,NA,NA,NA,NA,NA,NA,NA,NA,NA,NA,NA,NA,NA,NA,NA,NA,NA,NA,NA,NA,NA,NA,NA,NA,NA,NA,NA,NA,NA,Overdose Risk Behavior Scale,ORBS,Opioid,37,Unknown,NA,NA,Exclude,Too many items,1,NA,NA,NA,NA,NA,NA,NA,NA,NA,NA
365,PAIN MEDICATION BELIEFS QUESTIONNAIRE,Pain Medication Beliefs Questionnaire,PMBQ,Opioid,NA,685,NA,NA,NA,NA,NA,NA,NA,NA,NA,NA,NA,NA,NA,NA,NA,NA,NA,NA,NA,NA,NA,NA,NA,NA,NA,NA,NA,NA,NA,NA,NA,NA,NA,NA,NA,NA,NA,NA,NA,NA,NA,NA,NA,NA,NA,NA,NA,NA,NA,NA,NA,NA,NA,NA,NA,NA,NA,NA,NA,NA,NA,NA,Pain Medication Beliefs Questionnaire,PMBQ,Opioid,5,No, , ,Exclude,Not found,1,NA,NA,NA,NA,NA,NA,NA,NA,NA,NA
366,PAIN MEDICATION EXPECTANCY QUESTIONNAIRE,Pain Medication Expectancy Questionnaire,PMEQ,Opioid,NA,685,NA,NA,NA,NA,NA,NA,NA,NA,NA,NA,NA,NA,NA,NA,NA,NA,NA,NA,NA,NA,NA,NA,NA,NA,NA,NA,NA,NA,NA,NA,NA,NA,NA,NA,NA,NA,NA,NA,NA,NA,NA,NA,NA,NA,NA,NA,NA,NA,NA,NA,NA,NA,NA,NA,NA,NA,NA,NA,NA,NA,NA,NA,Pain Medication Expectancy Questionnaire,PMEQ,Opioid,40,Unknown,NA,NA,Exclude,Too many items,1,NA,NA,NA,NA,NA,NA,NA,NA,NA,NA
367,PAIN MEDICATION QUESTIONNAIRE,Pain Medication Questionnaire,PMQ,Opioid,NA,599,NA,NA,NA,NA,NA,NA,NA,NA,NA,NA,NA,NA,NA,NA,NA,NA,NA,NA,NA,NA,NA,NA,NA,NA,NA,NA,NA,NA,NA,NA,NA,NA,NA,NA,NA,NA,NA,NA,NA,NA,NA,NA,NA,NA,NA,NA,NA,NA,NA,NA,NA,NA,NA,NA,NA,NA,NA,NA,NA,NA,NA,NA,Pain Medication Questionnaire,PMQ,Opioid,26,Unknown,NA,NA,Exclude,Too many items,1,NA,NA,NA,NA,NA,NA,NA,NA,NA,NA
368,PRESCRIPTION OPIOID ABUSE CHECKLIST,Prescription Opioid Abuse Checklist,POAC,Opioid,NA,278,NA,NA,NA,NA,NA,NA,NA,NA,NA,NA,NA,NA,NA,NA,NA,NA,NA,NA,NA,NA,NA,NA,NA,NA,NA,NA,NA,NA,NA,NA,NA,NA,NA,NA,NA,NA,NA,NA,NA,NA,NA,NA,NA,NA,NA,NA,NA,NA,NA,NA,NA,NA,NA,NA,NA,NA,NA,NA,NA,NA,NA,NA,Prescription Opioid Abuse Checklist,POAC,Opioid,5,No, , ,Exclude,Not found,1,NA,NA,NA,NA,NA,NA,NA,NA,NA,NA
369,PRESCRIPTION OPIOID THERAPY QUESTIONNAIRE,Prescription Opioid Therapy Questionnaire,POTQ,Opioid,NA,278,NA,NA,NA,NA,NA,NA,NA,NA,NA,NA,NA,NA,NA,NA,NA,NA,NA,NA,NA,NA,NA,NA,NA,NA,NA,NA,NA,NA,NA,NA,NA,NA,NA,NA,NA,NA,NA,NA,NA,NA,NA,NA,NA,NA,NA,NA,NA,NA,NA,NA,NA,NA,NA,NA,NA,NA,NA,NA,NA,NA,NA,NA,Prescription Opioid Therapy Questionnaire,POTQ,Opioid,6,No, , ,Exclude,Not found,1,NA,NA,NA,NA,NA,NA,NA,NA,NA,NA
370,QUALITY OF LIFE FOR PATIENTS IN OPIOID SUBSTITUTION TREATMENT,Quality of Life for Patients in Opioid Substitution Treatment,OSTQOL,Opioid,NA,9,NA,NA,NA,NA,NA,NA,NA,NA,NA,NA,NA,NA,NA,NA,NA,NA,NA,NA,NA,NA,NA,NA,NA,NA,NA,NA,NA,NA,NA,NA,NA,NA,NA,NA,NA,NA,NA,NA,NA,NA,NA,NA,NA,NA,NA,NA,NA,NA,NA,NA,NA,NA,NA,NA,NA,NA,NA,NA,NA,NA,NA,NA,Quality of Life for Patients in Opioid Substitution Treatment,OSTQOL,Opioid,38,Unknown,NA,NA,Exclude,Too many items,1,NA,NA,NA,NA,NA,NA,NA,NA,NA,NA
371,RAPID OPIOID DEPENDENCE SCREEN,Rapid Opioid Dependence Screen,RODS,Opioid,NA,442,NA,NA,NA,NA,NA,NA,NA,NA,NA,NA,NA,NA,NA,NA,NA,NA,NA,NA,NA,NA,NA,NA,NA,NA,NA,NA,NA,NA,NA,NA,NA,NA,NA,NA,NA,NA,NA,NA,NA,NA,NA,NA,NA,NA,NA,NA,NA,NA,NA,NA,NA,NA,NA,NA,NA,NA,NA,NA,NA,NA,NA,NA,Rapid Opioid Dependence Screen,RODS,Opioid,8,Yes,Print-ready,https://yale.app.box.com/s/xf4hvm8b2wyd6zkwh8bb4kj2drtuhjqg,Include,NA,1,"Wickersham, 2015",Rapid Opioid Dependence Screen,Opioid,Use,Adequate,NA,Good,NA,"CONVERG, DIVERG",Not applicable
372,SCREENER AND OPIOID ASSESSMENT FOR PATIENTS WITH PAIN - REVISED,Screener and Opioid  Assessment for Patients with Pain - Revised,SOAPP-R,Opioid,NA,376,407,405,NA,NA,NA,NA,NA,NA,NA,NA,NA,NA,NA,NA,NA,NA,NA,NA,NA,NA,NA,NA,NA,NA,NA,NA,NA,NA,NA,NA,NA,NA,NA,NA,NA,NA,NA,NA,NA,NA,NA,NA,NA,NA,NA,NA,NA,NA,NA,NA,NA,NA,NA,NA,NA,NA,NA,NA,NA,NA,NA,NA,Screener and Opioid  Assessment for Patients with Pain - Revised,SOAPP-R,Opioid,24,Yes,Print-ready,https://www.helpisherede.com/Content/Documents/SOAPP-Tool.pdf,Include,NA,1,"Butler et al., 2008",Screener and Opioid Assessment for Patients with Pain – Revised,Opioid,Use,Good,Excellent,Good,Good,"CONCUR, DIVERG, PREDICT",Not applicable
373,SEVERITY OF OPIATE DEPENDENCE,Severity of Opiate Dependence,SODQ,Opioid,NA,511,NA,NA,NA,NA,NA,NA,NA,NA,NA,NA,NA,NA,NA,NA,NA,NA,NA,NA,NA,NA,NA,NA,NA,NA,NA,NA,NA,NA,NA,NA,NA,NA,NA,NA,NA,NA,NA,NA,NA,NA,NA,NA,NA,NA,NA,NA,NA,NA,NA,NA,NA,NA,NA,NA,NA,NA,NA,NA,NA,NA,NA,NA,Severity of Opiate Dependence,SODQ,Opioid,Unknown,No, , ,Exclude,Not found,1,NA,NA,NA,NA,NA,NA,NA,NA,NA,NA
374,SHORT OPIATE WITHDRAWAL SCALE-GOSSOP,Short Opiate Withdrawal Scale-Gossop,SOWS-Gossop,Opioid,NA,267,NA,NA,NA,NA,NA,NA,NA,NA,NA,NA,NA,NA,NA,NA,NA,NA,NA,NA,NA,NA,NA,NA,NA,NA,NA,NA,NA,NA,NA,NA,NA,NA,NA,NA,NA,NA,NA,NA,NA,NA,NA,NA,NA,NA,NA,NA,NA,NA,NA,NA,NA,NA,NA,NA,NA,NA,NA,NA,NA,NA,NA,NA,Short Opiate Withdrawal Scale-Gossop,SOWS-Gossop,Opioid,10,No, , ,Exclude,Not found,1,NA,NA,NA,NA,NA,NA,NA,NA,NA,NA
375,SUBJECTIVE OPIATE WITHDRAWAL SCALE,Subjective Opiate Withdrawal Scale,SOWS,Opioid,NA,391,NA,NA,NA,NA,NA,NA,NA,NA,NA,NA,NA,NA,NA,NA,NA,NA,NA,NA,NA,NA,NA,NA,NA,NA,NA,NA,NA,NA,NA,NA,NA,NA,NA,NA,NA,NA,NA,NA,NA,NA,NA,NA,NA,NA,NA,NA,NA,NA,NA,NA,NA,NA,NA,NA,NA,NA,NA,NA,NA,NA,NA,NA,Subjective Opiate Withdrawal Scale,SOWS,Opioid,16,Yes,Print-ready,https://www.asam.org/docs/default-source/education-docs/sows_8-28-2017.pdf,Include,NA,1,"Handelsman et al., 1987",Subjective Opiate Withdrawal Scale,Opioid,Withdrawal,Adequate,Excellent,Adequate,Excellent,DIVERG,X
376,WORRIES ABOUT STOPPING BUPRENORPHINE,Worries about Stopping Buprenorphine, ,Opioid,NA,670,NA,NA,NA,NA,NA,NA,NA,NA,NA,NA,NA,NA,NA,NA,NA,NA,NA,NA,NA,NA,NA,NA,NA,NA,NA,NA,NA,NA,NA,NA,NA,NA,NA,NA,NA,NA,NA,NA,NA,NA,NA,NA,NA,NA,NA,NA,NA,NA,NA,NA,NA,NA,NA,NA,NA,NA,NA,NA,NA,NA,NA,NA,Worries about Stopping Buprenorphine, ,Opioid,19,No, , ,Exclude,Not found,1,NA,NA,NA,NA,NA,NA,NA,NA,NA,NA
377,SUBSTANCE ABUSE SUBTLE SCREENING INVENTORY,Substance Abuse Subtle Screening Inventory,SASSI,Opioid,NA,4,293,NA,NA,NA,NA,NA,NA,NA,NA,NA,NA,NA,NA,NA,NA,NA,NA,NA,NA,NA,NA,NA,NA,NA,NA,NA,NA,NA,NA,NA,NA,NA,NA,NA,NA,NA,NA,NA,NA,NA,NA,NA,NA,NA,NA,NA,NA,NA,NA,NA,NA,NA,NA,NA,NA,NA,NA,NA,NA,NA,NA,NA,Substance Abuse Subtle Screening Inventory,SASSI,Opioid,93,Unknown,NA,NA,Exclude,Too many items,1,NA,NA,NA,NA,NA,NA,NA,NA,NA,NA
378,SUBSTANCE ABUSE SUBTLE SCREENING INVENTORY-3,Substance Abuse Subtle Screening Inventory-3,SASSI-3,Opioid,NA,318,429,424,481,537,568,191,236,710,NA,NA,NA,NA,NA,NA,NA,NA,NA,NA,NA,NA,NA,NA,NA,NA,NA,NA,NA,NA,NA,NA,NA,NA,NA,NA,NA,NA,NA,NA,NA,NA,NA,NA,NA,NA,NA,NA,NA,NA,NA,NA,NA,NA,NA,NA,NA,NA,NA,NA,NA,NA,NA,NA,Substance Abuse Subtle Screening Inventory-3,SASSI-3,Opioid,153,Unknown,NA,NA,Exclude,Too many items,1,NA,NA,NA,NA,NA,NA,NA,NA,NA,NA
379,INHALANT-CRAVING QUESTIONNAIRE,Inhalant-craving questionnaire, ,Other,NA,440,NA,NA,NA,NA,NA,NA,NA,NA,NA,NA,NA,NA,NA,NA,NA,NA,NA,NA,NA,NA,NA,NA,NA,NA,NA,NA,NA,NA,NA,NA,NA,NA,NA,NA,NA,NA,NA,NA,NA,NA,NA,NA,NA,NA,NA,NA,NA,NA,NA,NA,NA,NA,NA,NA,NA,NA,NA,NA,NA,NA,NA,NA,Inhalant-craving questionnaire, ,Other,10,No, , ,Exclude,Not found,1,NA,NA,NA,NA,NA,NA,NA,NA,NA,NA
380,MYSTICAL EXPERIENCE QUESTIONNAIRE,Mystical Experience Questionnaire,MEQ,Other,NA,87,NA,NA,NA,NA,NA,NA,NA,NA,NA,NA,NA,NA,NA,NA,NA,NA,NA,NA,NA,NA,NA,NA,NA,NA,NA,NA,NA,NA,NA,NA,NA,NA,NA,NA,NA,NA,NA,NA,NA,NA,NA,NA,NA,NA,NA,NA,NA,NA,NA,NA,NA,NA,NA,NA,NA,NA,NA,NA,NA,NA,NA,NA,Mystical Experience Questionnaire,MEQ,Other,43,Unknown,NA,NA,Exclude,Too many items,1,NA,NA,NA,NA,NA,NA,NA,NA,NA,NA
381,12 STEP AFFILIATION AND PRACTICES SCALE,12 Step Affiliation and Practices Scale,TSAPS,Treatment Related,NA,327,NA,NA,NA,NA,NA,NA,NA,NA,NA,NA,NA,NA,NA,NA,NA,NA,NA,NA,NA,NA,NA,NA,NA,NA,NA,NA,NA,NA,NA,NA,NA,NA,NA,NA,NA,NA,NA,NA,NA,NA,NA,NA,NA,NA,NA,NA,NA,NA,NA,NA,NA,NA,NA,NA,NA,NA,NA,NA,NA,NA,NA,NA,12 Step Affiliation and Practices Scale,TSAPS,Treatment Related,21,No, , ,Exclude,Not found,1,NA,NA,NA,NA,NA,NA,NA,NA,NA,NA
382,12-STEP PARTICIPATION EXPECTANCIES QUESTIONNAIRE,12-Step Participation Expectancies Questionnaire,TSPEQ,Treatment Related,NA,189,NA,NA,NA,NA,NA,NA,NA,NA,NA,NA,NA,NA,NA,NA,NA,NA,NA,NA,NA,NA,NA,NA,NA,NA,NA,NA,NA,NA,NA,NA,NA,NA,NA,NA,NA,NA,NA,NA,NA,NA,NA,NA,NA,NA,NA,NA,NA,NA,NA,NA,NA,NA,NA,NA,NA,NA,NA,NA,NA,NA,NA,NA,12-Step Participation Expectancies Questionnaire,TSPEQ,Treatment Related,44,Unknown,NA,NA,Exclude,Too many items,1,NA,NA,NA,NA,NA,NA,NA,NA,NA,NA
383,12-STEP PARTICIPATION QUESTIONNAIRE,12-Step Participation Questionnaire,TSPQ,Treatment Related,NA,23,NA,NA,NA,NA,NA,NA,NA,NA,NA,NA,NA,NA,NA,NA,NA,NA,NA,NA,NA,NA,NA,NA,NA,NA,NA,NA,NA,NA,NA,NA,NA,NA,NA,NA,NA,NA,NA,NA,NA,NA,NA,NA,NA,NA,NA,NA,NA,NA,NA,NA,NA,NA,NA,NA,NA,NA,NA,NA,NA,NA,NA,NA,12-Step Participation Questionnaire,TSPQ,Treatment Related,33,Unknown,NA,NA,Exclude,Too many items,1,NA,NA,NA,NA,NA,NA,NA,NA,NA,NA
384,AA AFFILIATION SCALE,AA Affiliation scale,AAAS,Treatment Related,NA,37,NA,NA,NA,NA,NA,NA,NA,NA,NA,NA,NA,NA,NA,NA,NA,NA,NA,NA,NA,NA,NA,NA,NA,NA,NA,NA,NA,NA,NA,NA,NA,NA,NA,NA,NA,NA,NA,NA,NA,NA,NA,NA,NA,NA,NA,NA,NA,NA,NA,NA,NA,NA,NA,NA,NA,NA,NA,NA,NA,NA,NA,NA,AA Affiliation scale,AAAS,Treatment Related,9,No, , ,Exclude,Not found,1,NA,NA,NA,NA,NA,NA,NA,NA,NA,NA
385,AA INVOLVEMENT SCALE,AA Involvement scale,AAI,Treatment Related,NA,37,69,NA,NA,NA,NA,NA,NA,NA,NA,NA,NA,NA,NA,NA,NA,NA,NA,NA,NA,NA,NA,NA,NA,NA,NA,NA,NA,NA,NA,NA,NA,NA,NA,NA,NA,NA,NA,NA,NA,NA,NA,NA,NA,NA,NA,NA,NA,NA,NA,NA,NA,NA,NA,NA,NA,NA,NA,NA,NA,NA,NA,NA,AA Involvement scale,AAI,Treatment Related,13,Yes,Needs formatting,https://psycnet.apa.org/fulltext/1996-04468-002.pdf,Exclude,No scoring/instructions/interpretation,1,NA,NA,NA,NA,NA,NA,NA,NA,NA,NA
386,ABSTINENCE-RELATED MOTIVATIONAL ENGAGEMENT,Abstinence-related motivational engagement,ARME,Treatment Related,NA,343,NA,NA,NA,NA,NA,NA,NA,NA,NA,NA,NA,NA,NA,NA,NA,NA,NA,NA,NA,NA,NA,NA,NA,NA,NA,NA,NA,NA,NA,NA,NA,NA,NA,NA,NA,NA,NA,NA,NA,NA,NA,NA,NA,NA,NA,NA,NA,NA,NA,NA,NA,NA,NA,NA,NA,NA,NA,NA,NA,NA,NA,NA,Abstinence-related motivational engagement,ARME,Treatment Related,16,Yes,Print-ready,https://moffitt.org/research-science/research-teams/tobacco-research-and-intervention-program-trip/trip-research/measures/,Include,NA,1,"Simmons et al., 2010",Abstinence-related Motivational Engagement,Treatment Related,Recovery,Adequate,Adequate,Excellent,NA,"CONCUR, CONVERG, DIVERG, DISCRIM, PREDICT",NA
387,ADDICTION TREATMENT ATTITUDE QUESTIONNAIRE,Addiction Treatment Attitude Questionnaire,ATAQ,Treatment Related,NA,42,67,19,327,NA,NA,NA,NA,NA,NA,NA,NA,NA,NA,NA,NA,NA,NA,NA,NA,NA,NA,NA,NA,NA,NA,NA,NA,NA,NA,NA,NA,NA,NA,NA,NA,NA,NA,NA,NA,NA,NA,NA,NA,NA,NA,NA,NA,NA,NA,NA,NA,NA,NA,NA,NA,NA,NA,NA,NA,NA,NA,NA,Addiction Treatment Attitude Questionnaire,ATAQ,Treatment Related,49,Unknown,NA,NA,Exclude,Too many items,1,NA,NA,NA,NA,NA,NA,NA,NA,NA,NA
388,ALLEN BARRIERS TO TREATMENT INSTRUMENT,Allen Barriers to Treatment Instrument,ABTI,Treatment Related,NA,503,641,644,616,NA,NA,NA,NA,NA,NA,NA,NA,NA,NA,NA,NA,NA,NA,NA,NA,NA,NA,NA,NA,NA,NA,NA,NA,NA,NA,NA,NA,NA,NA,NA,NA,NA,NA,NA,NA,NA,NA,NA,NA,NA,NA,NA,NA,NA,NA,NA,NA,NA,NA,NA,NA,NA,NA,NA,NA,NA,NA,NA,Allen Barriers to Treatment Instrument,ABTI,Treatment Related,30,Unknown,NA,NA,Exclude,Too many items,1,NA,NA,NA,NA,NA,NA,NA,NA,NA,NA
389,ASSESSMENT OF RECOVERY CAPITAL,Assessment of Recovery Capital,ARC,Treatment Related,NA,22,3,657,NA,NA,NA,NA,NA,NA,NA,NA,NA,NA,NA,NA,NA,NA,NA,NA,NA,NA,NA,NA,NA,NA,NA,NA,NA,NA,NA,NA,NA,NA,NA,NA,NA,NA,NA,NA,NA,NA,NA,NA,NA,NA,NA,NA,NA,NA,NA,NA,NA,NA,NA,NA,NA,NA,NA,NA,NA,NA,NA,NA,Assessment of Recovery Capital,ARC,Treatment Related,50,Unknown,NA,NA,Exclude,Too many items,1,NA,NA,NA,NA,NA,NA,NA,NA,NA,NA
390,BRIEF ASSESSMENT OF RECOVERY CAPITAL,Brief Assessment of Recovery Capital,BARC-10,Treatment Related,NA,3,656,NA,NA,NA,NA,NA,NA,NA,NA,NA,NA,NA,NA,NA,NA,NA,NA,NA,NA,NA,NA,NA,NA,NA,NA,NA,NA,NA,NA,NA,NA,NA,NA,NA,NA,NA,NA,NA,NA,NA,NA,NA,NA,NA,NA,NA,NA,NA,NA,NA,NA,NA,NA,NA,NA,NA,NA,NA,NA,NA,NA,NA,Brief Assessment of Recovery Capital,BARC-10,Treatment Related,10,Yes,Print-ready,http://shura.shu.ac.uk/15835/2/Best%20-Development%20and%20validation%20of%20a%20Brief%20Assessment%20of%20Recovery%20Capital%20%28BARC-10%29%20%28Scale%29.pdf,Include,NA,1,"Vilsaint et al., 2017",Brief Assessment of Recovery Capital,Treatment Related,Recovery,Adequate,Excellent,Good,NA,"CONCUR, DIVERG, PREDICT",NA
391,BROWN-PETERSON RECOVERY PROGRESS INVENTORY,Brown-Peterson Recovery Progress Inventory,B-PRPI,Treatment Related,NA,37,619,NA,NA,NA,NA,NA,NA,NA,NA,NA,NA,NA,NA,NA,NA,NA,NA,NA,NA,NA,NA,NA,NA,NA,NA,NA,NA,NA,NA,NA,NA,NA,NA,NA,NA,NA,NA,NA,NA,NA,NA,NA,NA,NA,NA,NA,NA,NA,NA,NA,NA,NA,NA,NA,NA,NA,NA,NA,NA,NA,NA,NA,Brown-Peterson Recovery Progress Inventory,B-PRPI,Treatment Related,53,Unknown,NA,NA,Exclude,Too many items,1,NA,NA,NA,NA,NA,NA,NA,NA,NA,NA
392,CARTOON STAGE OF CHANGE MEASURE,Cartoon Stage of Change Measure,C-SOC,Treatment Related,NA,771,NA,NA,NA,NA,NA,NA,NA,NA,NA,NA,NA,NA,NA,NA,NA,NA,NA,NA,NA,NA,NA,NA,NA,NA,NA,NA,NA,NA,NA,NA,NA,NA,NA,NA,NA,NA,NA,NA,NA,NA,NA,NA,NA,NA,NA,NA,NA,NA,NA,NA,NA,NA,NA,NA,NA,NA,NA,NA,NA,NA,NA,NA,Cartoon Stage of Change Measure,C-SOC,Treatment Related,4,No, , ,Exclude,Not found,1,NA,NA,NA,NA,NA,NA,NA,NA,NA,NA
393,"CIRCUMSTANCES, MOTIVATION, READINESS, AND SUITABILITY","Circumstances, Motivation, Readiness, and Suitability",CMRS,Treatment Related,NA,190,NA,NA,NA,NA,NA,NA,NA,NA,NA,NA,NA,NA,NA,NA,NA,NA,NA,NA,NA,NA,NA,NA,NA,NA,NA,NA,NA,NA,NA,NA,NA,NA,NA,NA,NA,NA,NA,NA,NA,NA,NA,NA,NA,NA,NA,NA,NA,NA,NA,NA,NA,NA,NA,NA,NA,NA,NA,NA,NA,NA,NA,NA,"Circumstances, Motivation, Readiness, and Suitability",CMRS,Treatment Related,18,Yes,Needs formatting,https://www.ncbi.nlm.nih.gov/pmc/articles/PMC4133172/pdf/nihms600215.pdf,Exclude,No scoring/instructions/interpretation,1,NA,NA,NA,NA,NA,NA,NA,NA,NA,NA
394,COMMITMENT TO SOBRIETY SCALE,Commitment to Sobriety Scale,CSS,Treatment Related,NA,19,327,520,NA,NA,NA,NA,NA,NA,NA,NA,NA,NA,NA,NA,NA,NA,NA,NA,NA,NA,NA,NA,NA,NA,NA,NA,NA,NA,NA,NA,NA,NA,NA,NA,NA,NA,NA,NA,NA,NA,NA,NA,NA,NA,NA,NA,NA,NA,NA,NA,NA,NA,NA,NA,NA,NA,NA,NA,NA,NA,NA,NA,Commitment to Sobriety Scale,CSS,Treatment Related,5,Yes,Needs formatting,https://repository.usfca.edu/cgi/viewcontent.cgi?article=1437&context=diss,Exclude,No scoring/instructions/interpretation,1,NA,NA,NA,NA,NA,NA,NA,NA,NA,NA
395,DETOXIFICATION FEAR SURVEY SCHEDULE 14,Detoxification Fear Survey Schedule 14,DFSS-14,Treatment Related,NA,507,NA,NA,NA,NA,NA,NA,NA,NA,NA,NA,NA,NA,NA,NA,NA,NA,NA,NA,NA,NA,NA,NA,NA,NA,NA,NA,NA,NA,NA,NA,NA,NA,NA,NA,NA,NA,NA,NA,NA,NA,NA,NA,NA,NA,NA,NA,NA,NA,NA,NA,NA,NA,NA,NA,NA,NA,NA,NA,NA,NA,NA,NA,Detoxification Fear Survey Schedule 14,DFSS-14,Treatment Related,14,No, , ,Exclude,Not found,1,NA,NA,NA,NA,NA,NA,NA,NA,NA,NA
396,DIMENSIONS OF CHANGE IN THERAPEUTIC COMMUNITIES TREATMENT INSTRUMENT - ADOLESCENT,Dimensions of Change in Therapeutic Communities Treatment Instrument - Adolescent,DCI-A,Treatment Related,NA,451,581,NA,NA,NA,NA,NA,NA,NA,NA,NA,NA,NA,NA,NA,NA,NA,NA,NA,NA,NA,NA,NA,NA,NA,NA,NA,NA,NA,NA,NA,NA,NA,NA,NA,NA,NA,NA,NA,NA,NA,NA,NA,NA,NA,NA,NA,NA,NA,NA,NA,NA,NA,NA,NA,NA,NA,NA,NA,NA,NA,NA,NA,Dimensions of Change in Therapeutic Communities Treatment Instrument - Adolescent,DCI-A,Treatment Related,35,Unknown,NA,NA,Exclude,Too many items,1,NA,NA,NA,NA,NA,NA,NA,NA,NA,NA
397,"DIMENSIONS OF CHANGE IN THERAPEUTIC COMMUNITIES TREATMENT INSTRUMENT - ADOLESCENT, SHORT FORM","Dimensions of Change in Therapeutic Communities Treatment Instrument - Adolescent, short form",DCI-A-SF,Treatment Related,NA,451,NA,NA,NA,NA,NA,NA,NA,NA,NA,NA,NA,NA,NA,NA,NA,NA,NA,NA,NA,NA,NA,NA,NA,NA,NA,NA,NA,NA,NA,NA,NA,NA,NA,NA,NA,NA,NA,NA,NA,NA,NA,NA,NA,NA,NA,NA,NA,NA,NA,NA,NA,NA,NA,NA,NA,NA,NA,NA,NA,NA,NA,NA,"Dimensions of Change in Therapeutic Communities Treatment Instrument - Adolescent, short form",DCI-A-SF,Treatment Related,7,No, , ,Exclude,Not found,1,NA,NA,NA,NA,NA,NA,NA,NA,NA,NA
398,DRUG ABSTINENCE SELF-EFFICACY SCALE,Drug Abstinence Self-Efficacy Scale,DASES,Treatment Related,NA,71,741,NA,NA,NA,NA,NA,NA,NA,NA,NA,NA,NA,NA,NA,NA,NA,NA,NA,NA,NA,NA,NA,NA,NA,NA,NA,NA,NA,NA,NA,NA,NA,NA,NA,NA,NA,NA,NA,NA,NA,NA,NA,NA,NA,NA,NA,NA,NA,NA,NA,NA,NA,NA,NA,NA,NA,NA,NA,NA,NA,NA,NA,Drug Abstinence Self-Efficacy Scale,DASES,Treatment Related,20,No,Print-ready,https://habitslab.umbc.edu/self-efficacy-scales/,Include,NA,1,"Hiller et al., 2000",Drug Abstinence Self-Efficacy Scale,General,Self-Efficacy,Adequate,NA,Excellent,NA,"CONVERG, DISCRIM",NA
399,DRUG AVOIDANCE SELF EFFICACY SCALE,Drug Avoidance Self Efficacy Scale,DASES,Treatment Related,NA,266,786,NA,NA,NA,NA,NA,NA,NA,NA,NA,NA,NA,NA,NA,NA,NA,NA,NA,NA,NA,NA,NA,NA,NA,NA,NA,NA,NA,NA,NA,NA,NA,NA,NA,NA,NA,NA,NA,NA,NA,NA,NA,NA,NA,NA,NA,NA,NA,NA,NA,NA,NA,NA,NA,NA,NA,NA,NA,NA,NA,NA,NA,Drug Avoidance Self Efficacy Scale,DASES,Treatment Related,16,Yes,Print-ready,https://www.drugsandalcohol.ie/26769/1/Drug_avoidance_self-efficacy_scale_%28DASES%29.pdf,Exclude,Copyright,1,NA,NA,NA,NA,NA,NA,NA,NA,NA,NA
400,GENERAL SELF-EFFICACY SCALE,General Self-Efficacy Scale,GSES,Scope,not SUD,227,NA,NA,NA,NA,NA,NA,NA,NA,NA,NA,NA,NA,NA,NA,NA,NA,NA,NA,NA,NA,NA,NA,NA,NA,NA,NA,NA,NA,NA,NA,NA,NA,NA,NA,NA,NA,NA,NA,NA,NA,NA,NA,NA,NA,NA,NA,NA,NA,NA,NA,NA,NA,NA,NA,NA,NA,NA,NA,NA,NA,NA,NA,NA,NA,NA,NA,NA,NA,NA,NA,NA,NA,NA,NA,NA,NA,NA,NA,NA,NA,NA,NA
401,GLOBAL ABSTINENCE MOTIVATION MEASURE,Global Abstinence Motivation Measure, ,Treatment Related,NA,343,NA,NA,NA,NA,NA,NA,NA,NA,NA,NA,NA,NA,NA,NA,NA,NA,NA,NA,NA,NA,NA,NA,NA,NA,NA,NA,NA,NA,NA,NA,NA,NA,NA,NA,NA,NA,NA,NA,NA,NA,NA,NA,NA,NA,NA,NA,NA,NA,NA,NA,NA,NA,NA,NA,NA,NA,NA,NA,NA,NA,NA,NA,Global Abstinence Motivation Measure, ,Treatment Related,4,No, , ,Exclude,Not found,1,NA,NA,NA,NA,NA,NA,NA,NA,NA,NA
402,PROCESSES OF CHANGE QUESTIONNAIRE,Processes of Change Questionnaire,POC-20,Treatment Related,NA,54,417,696,210,771,NA,NA,NA,NA,NA,NA,NA,NA,NA,NA,NA,NA,NA,NA,NA,NA,NA,NA,NA,NA,NA,NA,NA,NA,NA,NA,NA,NA,NA,NA,NA,NA,NA,NA,NA,NA,NA,NA,NA,NA,NA,NA,NA,NA,NA,NA,NA,NA,NA,NA,NA,NA,NA,NA,NA,NA,NA,NA,Processes of Change Questionnaire,POC-20,Treatment Related,20,Yes,Print-ready,https://habitslab.umbc.edu/processes-of-change-questionnaire/,Include,NA,1,"DiClemente et al., 1991",Processes of Change Questionnaire,Treatment Related,Recovery,Adequate,Good,Excellent,Adequate,CONVERG,NA
403,QUALITY OF LIFE 10,Quality of Life 10,QOL10,Treatment Related,NA,682,NA,NA,NA,NA,NA,NA,NA,NA,NA,NA,NA,NA,NA,NA,NA,NA,NA,NA,NA,NA,NA,NA,NA,NA,NA,NA,NA,NA,NA,NA,NA,NA,NA,NA,NA,NA,NA,NA,NA,NA,NA,NA,NA,NA,NA,NA,NA,NA,NA,NA,NA,NA,NA,NA,NA,NA,NA,NA,NA,NA,NA,NA,Quality of Life 10,QOL10,Treatment Related,10,No, , ,Exclude,Not found,1,NA,NA,NA,NA,NA,NA,NA,NA,NA,NA
404,RAPID RECOVERY PROGRESSION MEASURE,Rapid Recovery Progression Measure,Rapid RPM,Treatment Related,NA,8,NA,NA,NA,NA,NA,NA,NA,NA,NA,NA,NA,NA,NA,NA,NA,NA,NA,NA,NA,NA,NA,NA,NA,NA,NA,NA,NA,NA,NA,NA,NA,NA,NA,NA,NA,NA,NA,NA,NA,NA,NA,NA,NA,NA,NA,NA,NA,NA,NA,NA,NA,NA,NA,NA,NA,NA,NA,NA,NA,NA,NA,NA,Rapid Recovery Progression Measure,Rapid RPM,Treatment Related,6,No, , ,Exclude,Not found,1,NA,NA,NA,NA,NA,NA,NA,NA,NA,NA
405,"RATIONALES, EXPLANATIONS, AND SUMMARIES OF NON-ATTENDANCE AT SELF-HELP QUESTIONNAIRE","Rationales, Explanations, and Summaries of Non-Attendance at Self-Help Questionnaire",REASONS,Treatment Related,NA,29,NA,NA,NA,NA,NA,NA,NA,NA,NA,NA,NA,NA,NA,NA,NA,NA,NA,NA,NA,NA,NA,NA,NA,NA,NA,NA,NA,NA,NA,NA,NA,NA,NA,NA,NA,NA,NA,NA,NA,NA,NA,NA,NA,NA,NA,NA,NA,NA,NA,NA,NA,NA,NA,NA,NA,NA,NA,NA,NA,NA,NA,NA,"Rationales, Explanations, and Summaries of Non-Attendance at Self-Help Questionnaire",REASONS,Treatment Related,24,No, , ,Exclude,Not found,1,NA,NA,NA,NA,NA,NA,NA,NA,NA,NA
406,READINESS TO CHANGE QUESTIONNAIRE,Readiness to Change Questionnaire,RTCQ,Treatment Related,NA,48,61,120,618,54,126,619,NA,NA,NA,NA,NA,NA,NA,NA,NA,NA,NA,NA,NA,NA,NA,NA,NA,NA,NA,NA,NA,NA,NA,NA,NA,NA,NA,NA,NA,NA,NA,NA,NA,NA,NA,NA,NA,NA,NA,NA,NA,NA,NA,NA,NA,NA,NA,NA,NA,NA,NA,NA,NA,NA,NA,NA,Readiness to Change Questionnaire,RTCQ,Treatment Related,15,Yes,Print-ready,https://www.guilford.com/add/miller11_old/rtc.pdf,Include,NA,1,"Rollnick et al., 1992",Readiness to Change Questionnaire,Treatment Related,Recovery,Good,Good,Excellent,Adequate,"CONCUR, CONVERG, PREDICT",NA
407,READINESS TO CHANGE QUESTIONNAIRE - PRESCRIPTION DRUGS,Readiness to Change Questionnaire - Prescription Drugs,RCQ-PD-6,Treatment Related,NA,172,NA,NA,NA,NA,NA,NA,NA,NA,NA,NA,NA,NA,NA,NA,NA,NA,NA,NA,NA,NA,NA,NA,NA,NA,NA,NA,NA,NA,NA,NA,NA,NA,NA,NA,NA,NA,NA,NA,NA,NA,NA,NA,NA,NA,NA,NA,NA,NA,NA,NA,NA,NA,NA,NA,NA,NA,NA,NA,NA,NA,NA,NA,Readiness to Change Questionnaire - Prescription Drugs,RCQ-PD-6,Treatment Related,6,No, , ,Exclude,Not found,1,NA,NA,NA,NA,NA,NA,NA,NA,NA,NA
408,RECOVERY ASSESSMENT SCALE,Recovery Assessment Scale,RAS,Treatment Related,NA,15,17,NA,NA,NA,NA,NA,NA,NA,NA,NA,NA,NA,NA,NA,NA,NA,NA,NA,NA,NA,NA,NA,NA,NA,NA,NA,NA,NA,NA,NA,NA,NA,NA,NA,NA,NA,NA,NA,NA,NA,NA,NA,NA,NA,NA,NA,NA,NA,NA,NA,NA,NA,NA,NA,NA,NA,NA,NA,NA,NA,NA,NA,Recovery Assessment Scale,RAS,Treatment Related,41,Unknown,NA,NA,Exclude,Too many items,1,NA,NA,NA,NA,NA,NA,NA,NA,NA,NA
409,RECOVERY EMPOWERMENT SCALE,Recovery Empowerment Scale,RES,Treatment Related,NA,1,NA,NA,NA,NA,NA,NA,NA,NA,NA,NA,NA,NA,NA,NA,NA,NA,NA,NA,NA,NA,NA,NA,NA,NA,NA,NA,NA,NA,NA,NA,NA,NA,NA,NA,NA,NA,NA,NA,NA,NA,NA,NA,NA,NA,NA,NA,NA,NA,NA,NA,NA,NA,NA,NA,NA,NA,NA,NA,NA,NA,NA,NA,Recovery Empowerment Scale,RES,Treatment Related,20,No, , ,Exclude,Not found,1,NA,NA,NA,NA,NA,NA,NA,NA,NA,NA
410,RECOVERY GROUP PARTICIPATION SCALE,Recovery Group Participation Scale,RGPS,Treatment Related,NA,26,NA,NA,NA,NA,NA,NA,NA,NA,NA,NA,NA,NA,NA,NA,NA,NA,NA,NA,NA,NA,NA,NA,NA,NA,NA,NA,NA,NA,NA,NA,NA,NA,NA,NA,NA,NA,NA,NA,NA,NA,NA,NA,NA,NA,NA,NA,NA,NA,NA,NA,NA,NA,NA,NA,NA,NA,NA,NA,NA,NA,NA,NA,Recovery Group Participation Scale,RGPS,Treatment Related,15,Yes,Print-ready,http://www.williamwhitepapers.com/pr/Recovery%20Participation%20Scale.pdf,Exclude,No scoring/instructions/interpretation,1,NA,NA,NA,NA,NA,NA,NA,NA,NA,NA
411,RECOVERY PROGRESSION MEASURE,Recovery Progression Measure,RPM,Treatment Related,NA,8,11,660,NA,NA,NA,NA,NA,NA,NA,NA,NA,NA,NA,NA,NA,NA,NA,NA,NA,NA,NA,NA,NA,NA,NA,NA,NA,NA,NA,NA,NA,NA,NA,NA,NA,NA,NA,NA,NA,NA,NA,NA,NA,NA,NA,NA,NA,NA,NA,NA,NA,NA,NA,NA,NA,NA,NA,NA,NA,NA,NA,NA,Recovery Progression Measure,RPM,Treatment Related,36,Unknown,NA,NA,Exclude,Too many items,1,NA,NA,NA,NA,NA,NA,NA,NA,NA,NA
412,RECOVERY STRENGTHS QUESTIONNAIRE,Recovery Strengths Questionnaire,RSQ,Treatment Related,NA,653,NA,NA,NA,NA,NA,NA,NA,NA,NA,NA,NA,NA,NA,NA,NA,NA,NA,NA,NA,NA,NA,NA,NA,NA,NA,NA,NA,NA,NA,NA,NA,NA,NA,NA,NA,NA,NA,NA,NA,NA,NA,NA,NA,NA,NA,NA,NA,NA,NA,NA,NA,NA,NA,NA,NA,NA,NA,NA,NA,NA,NA,NA,Recovery Strengths Questionnaire,RSQ,Treatment Related,15,No, , ,Exclude,Not found,1,NA,NA,NA,NA,NA,NA,NA,NA,NA,NA
413,SHORT RECOVERY CAPITAL SCALE,Short Recovery Capital Scale,SRCS-10,Treatment Related,NA,3,654,NA,NA,NA,NA,NA,NA,NA,NA,NA,NA,NA,NA,NA,NA,NA,NA,NA,NA,NA,NA,NA,NA,NA,NA,NA,NA,NA,NA,NA,NA,NA,NA,NA,NA,NA,NA,NA,NA,NA,NA,NA,NA,NA,NA,NA,NA,NA,NA,NA,NA,NA,NA,NA,NA,NA,NA,NA,NA,NA,NA,NA,Short Recovery Capital Scale,SRCS-10,Treatment Related,28,No, , ,Exclude,Too many items,1,NA,NA,NA,NA,NA,NA,NA,NA,NA,NA
414,SITUATION-SPECIFIC ABSTINENCE SELF-EFFICACY SCALE,Situation-specific abstinence self-efficacy scale, ,Treatment Related,NA,343,NA,NA,NA,NA,NA,NA,NA,NA,NA,NA,NA,NA,NA,NA,NA,NA,NA,NA,NA,NA,NA,NA,NA,NA,NA,NA,NA,NA,NA,NA,NA,NA,NA,NA,NA,NA,NA,NA,NA,NA,NA,NA,NA,NA,NA,NA,NA,NA,NA,NA,NA,NA,NA,NA,NA,NA,NA,NA,NA,NA,NA,NA,Situation-specific abstinence self-efficacy scale, ,Treatment Related,20,No, , ,Exclude,Not found,1,NA,NA,NA,NA,NA,NA,NA,NA,NA,NA
415,SOUTH AFRICAN ADDICTION TREATMENT SERVICES ASSESSMENT,South African Addiction Treatment Services Assessment,SAATSA,Treatment Related,NA,410,NA,NA,NA,NA,NA,NA,NA,NA,NA,NA,NA,NA,NA,NA,NA,NA,NA,NA,NA,NA,NA,NA,NA,NA,NA,NA,NA,NA,NA,NA,NA,NA,NA,NA,NA,NA,NA,NA,NA,NA,NA,NA,NA,NA,NA,NA,NA,NA,NA,NA,NA,NA,NA,NA,NA,NA,NA,NA,NA,NA,NA,NA,South African Addiction Treatment Services Assessment,SAATSA,Treatment Related,10,Yes,Needs formatting,https://www.samrc.ac.za/sites/default/files/files/2016-06-28/SAATSA2013Phase2.pdf,Exclude,No scoring/instructions/interpretation,1,NA,NA,NA,NA,NA,NA,NA,NA,NA,NA
416,STAGES OF CHANGE READINESS AND TREATMENT EAGERNESS SCALE,Stages of Change Readiness and Treatment Eagerness Scale,SOCRATES,Treatment Related,NA,23,98,120,423,19,104,470,564,607,618,679,173,33,141,613,NA,NA,NA,NA,NA,NA,NA,NA,NA,NA,NA,NA,NA,NA,NA,NA,NA,NA,NA,NA,NA,NA,NA,NA,NA,NA,NA,NA,NA,NA,NA,NA,NA,NA,NA,NA,NA,NA,NA,NA,NA,NA,NA,NA,NA,NA,NA,NA,Stages of Change Readiness and Treatment Eagerness Scale,SOCRATES,Treatment Related,19,Yes,Print-ready,https://casaa.unm.edu/inst/socratesv8.pdf,Include,NA,1,"Miller & Tonigan, 1997",Stages of Change Readiness and Treatment Eagerness Scale,Treatment Related,Recovery,Good,Good,Good,Adequate,"CONVERG, PREDICT",NA
417,STAGES OF CHANGE READINESS AND TREATMENT EAGERNESS SCALE VERSION 8,Stages of Change Readiness and Treatment Eagerness Scale version 8,SOCRATES-8,Treatment Related,NA,274,350,NA,NA,NA,NA,NA,NA,NA,NA,NA,NA,NA,NA,NA,NA,NA,NA,NA,NA,NA,NA,NA,NA,NA,NA,NA,NA,NA,NA,NA,NA,NA,NA,NA,NA,NA,NA,NA,NA,NA,NA,NA,NA,NA,NA,NA,NA,NA,NA,NA,NA,NA,NA,NA,NA,NA,NA,NA,NA,NA,NA,NA,Stages of Change Readiness and Treatment Eagerness Scale Version 8,SOCRATES-8,Treatment Related,29,Unknown,NA,NA,Exclude,Too many items,1,NA,NA,NA,NA,NA,NA,NA,NA,NA,NA
418,STAGES OF CHANGE SCALE,Stages of Change Scale,SCS,Treatment Related,NA,622,NA,NA,NA,NA,NA,NA,NA,NA,NA,NA,NA,NA,NA,NA,NA,NA,NA,NA,NA,NA,NA,NA,NA,NA,NA,NA,NA,NA,NA,NA,NA,NA,NA,NA,NA,NA,NA,NA,NA,NA,NA,NA,NA,NA,NA,NA,NA,NA,NA,NA,NA,NA,NA,NA,NA,NA,NA,NA,NA,NA,NA,NA,Stages of Change Scale,SCS,Treatment Related,Unknown,No, , ,Exclude,Not found,1,NA,NA,NA,NA,NA,NA,NA,NA,NA,NA
419,STEP QUESTIONNAIRE,Step Questionnaire, ,Treatment Related,NA,37,NA,NA,NA,NA,NA,NA,NA,NA,NA,NA,NA,NA,NA,NA,NA,NA,NA,NA,NA,NA,NA,NA,NA,NA,NA,NA,NA,NA,NA,NA,NA,NA,NA,NA,NA,NA,NA,NA,NA,NA,NA,NA,NA,NA,NA,NA,NA,NA,NA,NA,NA,NA,NA,NA,NA,NA,NA,NA,NA,NA,NA,NA,NA,NA,NA,NA,NA,NA,NA,NA,NA,NA,NA,NA,NA,NA,NA,NA,NA,NA,NA,NA
420,STEPS QUESTIONNAIRE,Steps Questionnaire, ,Treatment Related,NA,37,NA,NA,NA,NA,NA,NA,NA,NA,NA,NA,NA,NA,NA,NA,NA,NA,NA,NA,NA,NA,NA,NA,NA,NA,NA,NA,NA,NA,NA,NA,NA,NA,NA,NA,NA,NA,NA,NA,NA,NA,NA,NA,NA,NA,NA,NA,NA,NA,NA,NA,NA,NA,NA,NA,NA,NA,NA,NA,NA,NA,NA,NA,Steps Questionnaire, ,Treatment Related,42,No,NA,https://pubs.niaaa.nih.gov/publications/assessingalcohol/InstrumentPDFs/63_STEPS.pdf,Exclude,Copyright,1,NA,NA,NA,NA,NA,NA,NA,NA,NA,NA
421,THOUGHTS ABOUT ABSTINENCE QUESTIONNAIRE,Thoughts about Abstinence Questionnaire,TAA,Treatment Related,NA,333,NA,NA,NA,NA,NA,NA,NA,NA,NA,NA,NA,NA,NA,NA,NA,NA,NA,NA,NA,NA,NA,NA,NA,NA,NA,NA,NA,NA,NA,NA,NA,NA,NA,NA,NA,NA,NA,NA,NA,NA,NA,NA,NA,NA,NA,NA,NA,NA,NA,NA,NA,NA,NA,NA,NA,NA,NA,NA,NA,NA,NA,NA,Thoughts about Abstinence Questionnaire,TAA,Treatment Related,9,No, , ,Exclude,Not found,1,NA,NA,NA,NA,NA,NA,NA,NA,NA,NA
422,TREATMENT ATTITUDE PROFILE,Treatment Attitude Profile,TAP,Treatment Related,NA,616,NA,NA,NA,NA,NA,NA,NA,NA,NA,NA,NA,NA,NA,NA,NA,NA,NA,NA,NA,NA,NA,NA,NA,NA,NA,NA,NA,NA,NA,NA,NA,NA,NA,NA,NA,NA,NA,NA,NA,NA,NA,NA,NA,NA,NA,NA,NA,NA,NA,NA,NA,NA,NA,NA,NA,NA,NA,NA,NA,NA,NA,NA,Treatment Attitude Profile,TAP,Treatment Related,14,No, , ,Exclude,Not found,1,NA,NA,NA,NA,NA,NA,NA,NA,NA,NA
423,TREATMENT BARRIERS SCALE 14,Treatment Barriers Scale 14,TBS-14,Treatment Related,NA,89,NA,NA,NA,NA,NA,NA,NA,NA,NA,NA,NA,NA,NA,NA,NA,NA,NA,NA,NA,NA,NA,NA,NA,NA,NA,NA,NA,NA,NA,NA,NA,NA,NA,NA,NA,NA,NA,NA,NA,NA,NA,NA,NA,NA,NA,NA,NA,NA,NA,NA,NA,NA,NA,NA,NA,NA,NA,NA,NA,NA,NA,NA,Treatment Barriers Scale 14,TBS-14,Treatment Related,14,Unknown,NA,NA,Exclude,Too many items,1,NA,NA,NA,NA,NA,NA,NA,NA,NA,NA
424,TREATMENT BARRIERS SCALE 32,Treatment Barriers Scale 32,TBS-32,Treatment Related,NA,89,NA,NA,NA,NA,NA,NA,NA,NA,NA,NA,NA,NA,NA,NA,NA,NA,NA,NA,NA,NA,NA,NA,NA,NA,NA,NA,NA,NA,NA,NA,NA,NA,NA,NA,NA,NA,NA,NA,NA,NA,NA,NA,NA,NA,NA,NA,NA,NA,NA,NA,NA,NA,NA,NA,NA,NA,NA,NA,NA,NA,NA,NA,Treatment Barriers Scale 32,TBS-32,Treatment Related,32,Unknown,NA,NA,Exclude,Too many items,1,NA,NA,NA,NA,NA,NA,NA,NA,NA,NA
425,TREATMENT EFFECTIVENESS QUESTIONNAIRE,Treatment Effectivness Questionnaire,TEQ,Treatment Related,NA,802,NA,NA,NA,NA,NA,NA,NA,NA,NA,NA,NA,NA,NA,NA,NA,NA,NA,NA,NA,NA,NA,NA,NA,NA,NA,NA,NA,NA,NA,NA,NA,NA,NA,NA,NA,NA,NA,NA,NA,NA,NA,NA,NA,NA,NA,NA,NA,NA,NA,NA,NA,NA,NA,NA,NA,NA,NA,NA,NA,NA,NA,NA,Treatment Effectiveness Questionnaire,TEQ,Treatment Related,Unknown,No, , ,Exclude,Not found,1,NA,NA,NA,NA,NA,NA,NA,NA,NA,NA
426,TREATMENT INTEGRITY RATING SCALE ALLIANCE-RELATED ITEMS,Treatment Integrity Rating Scale Alliance-Related Items,TIRS-ARI,Treatment Related,NA,98,NA,NA,NA,NA,NA,NA,NA,NA,NA,NA,NA,NA,NA,NA,NA,NA,NA,NA,NA,NA,NA,NA,NA,NA,NA,NA,NA,NA,NA,NA,NA,NA,NA,NA,NA,NA,NA,NA,NA,NA,NA,NA,NA,NA,NA,NA,NA,NA,NA,NA,NA,NA,NA,NA,NA,NA,NA,NA,NA,NA,NA,NA,Treatment Integrity Rating Scale Alliance-Related Items,TIRS-ARI,Treatment Related,26,Unknown,NA,NA,Exclude,Too many items,1,NA,NA,NA,NA,NA,NA,NA,NA,NA,NA
427,TREATMENT MOTIVATION QUESTIONNAIRE,Treatment Motivation Questionnaire,TMQ,Treatment Related,NA,387,618,NA,NA,NA,NA,NA,NA,NA,NA,NA,NA,NA,NA,NA,NA,NA,NA,NA,NA,NA,NA,NA,NA,NA,NA,NA,NA,NA,NA,NA,NA,NA,NA,NA,NA,NA,NA,NA,NA,NA,NA,NA,NA,NA,NA,NA,NA,NA,NA,NA,NA,NA,NA,NA,NA,NA,NA,NA,NA,NA,NA,NA,Treatment Motivation Questionnaire,TMQ,Treatment Related,10,Yes,Print-ready,https://scales.arabpsychology.com/s/treatment-motivation-questionnaire-tmq/,Exclude,No scoring/instructions/interpretation,1,NA,NA,NA,NA,NA,NA,NA,NA,NA,NA
428,TREATMENT PERCEPTIONS QUESTIONNAIRE,Treatment Perceptions Questionnaire,TPQ,Treatment Related,NA,794,NA,NA,NA,NA,NA,NA,NA,NA,NA,NA,NA,NA,NA,NA,NA,NA,NA,NA,NA,NA,NA,NA,NA,NA,NA,NA,NA,NA,NA,NA,NA,NA,NA,NA,NA,NA,NA,NA,NA,NA,NA,NA,NA,NA,NA,NA,NA,NA,NA,NA,NA,NA,NA,NA,NA,NA,NA,NA,NA,NA,NA,NA,Treatment Perceptions Questionnaire,TPQ,Treatment Related,15,No, ,NA,Exclude,Not found,1,NA,NA,NA,NA,NA,NA,NA,NA,NA,NA
429,TREATMENT VERSION - READINESS TO CHANGE QUESTIONNAIRE,Treatment version - Readiness to Change Questionnaire,RCQ[TV],Treatment Related,NA,61,NA,NA,NA,NA,NA,NA,NA,NA,NA,NA,NA,NA,NA,NA,NA,NA,NA,NA,NA,NA,NA,NA,NA,NA,NA,NA,NA,NA,NA,NA,NA,NA,NA,NA,NA,NA,NA,NA,NA,NA,NA,NA,NA,NA,NA,NA,NA,NA,NA,NA,NA,NA,NA,NA,NA,NA,NA,NA,NA,NA,NA,NA,Treatment version - Readiness to Change Questionnaire,RCQ[TV],Treatment Related,12,No,Print-ready,https://core.ac.uk/download/pdf/4145943.pdf,Include,NA,1,"Heather & Hönekopp, 2008",Treatment Version - Readiness to Change Questionnaire,Treatment Related,Recovery,Good,Good,Excellent,Excellent,"CONCUR, CONVERG, PREDICT",X
430,TREATMENT VERSION - TREATMENT READINESS TOOL,Treatment version - Treatment Readiness Tool,TReaT[TV],Treatment Related,NA,61,NA,NA,NA,NA,NA,NA,NA,NA,NA,NA,NA,NA,NA,NA,NA,NA,NA,NA,NA,NA,NA,NA,NA,NA,NA,NA,NA,NA,NA,NA,NA,NA,NA,NA,NA,NA,NA,NA,NA,NA,NA,NA,NA,NA,NA,NA,NA,NA,NA,NA,NA,NA,NA,NA,NA,NA,NA,NA,NA,NA,NA,NA,Treatment version - Treatment Readiness Tool,TReaT[TV],Treatment Related,17,No, , ,Exclude,Not found,1,NA,NA,NA,NA,NA,NA,NA,NA,NA,NA
431,TWELVE PROMISES SCALE,Twelve Promises Scale,TPS,Treatment Related,NA,20,NA,NA,NA,NA,NA,NA,NA,NA,NA,NA,NA,NA,NA,NA,NA,NA,NA,NA,NA,NA,NA,NA,NA,NA,NA,NA,NA,NA,NA,NA,NA,NA,NA,NA,NA,NA,NA,NA,NA,NA,NA,NA,NA,NA,NA,NA,NA,NA,NA,NA,NA,NA,NA,NA,NA,NA,NA,NA,NA,NA,NA,NA,Twelve Promises Scale,TPS,Treatment Related,12,No, , ,Exclude,Not found,1,NA,NA,NA,NA,NA,NA,NA,NA,NA,NA
432,TWELVE STEP EXPECTANCIES QUESTIONNAIRE,Twelve Step Expectancies Questionnaire,TSEQ,Treatment Related,NA,327,NA,NA,NA,NA,NA,NA,NA,NA,NA,NA,NA,NA,NA,NA,NA,NA,NA,NA,NA,NA,NA,NA,NA,NA,NA,NA,NA,NA,NA,NA,NA,NA,NA,NA,NA,NA,NA,NA,NA,NA,NA,NA,NA,NA,NA,NA,NA,NA,NA,NA,NA,NA,NA,NA,NA,NA,NA,NA,NA,NA,NA,NA,Twelve Step Expectancies Questionnaire,TSEQ,Treatment Related,48,Unknown,NA,NA,Exclude,Too many items,1,NA,NA,NA,NA,NA,NA,NA,NA,NA,NA
433,UNIVERSITY OF RHODE ISLAND CHANGE ASSESSMENT,University of Rhode Island Change Assessment,URICA,Treatment Related,NA,335,377,615,618,634,771,777,NA,NA,NA,NA,NA,NA,NA,NA,NA,NA,NA,NA,NA,NA,NA,NA,NA,NA,NA,NA,NA,NA,NA,NA,NA,NA,NA,NA,NA,NA,NA,NA,NA,NA,NA,NA,NA,NA,NA,NA,NA,NA,NA,NA,NA,NA,NA,NA,NA,NA,NA,NA,NA,NA,NA,NA,University of Rhode Island Change Assessment,URICA,Treatment Related,32,Yes,Print-ready,https://medicine.llu.edu/sites/medicine.llu.edu/files/docs/urica-change-assessment.pdf,Exclude,Too many items,1,NA,NA,NA,NA,NA,NA,NA,NA,NA,NA
434,WORKING ALLIANCE INVENTORY,Working Alliance Inventory,WAI,Treatment Related,NA,98,NA,NA,NA,NA,NA,NA,NA,NA,NA,NA,NA,NA,NA,NA,NA,NA,NA,NA,NA,NA,NA,NA,NA,NA,NA,NA,NA,NA,NA,NA,NA,NA,NA,NA,NA,NA,NA,NA,NA,NA,NA,NA,NA,NA,NA,NA,NA,NA,NA,NA,NA,NA,NA,NA,NA,NA,NA,NA,NA,NA,NA,NA,Working Alliance Inventory,WAI,Treatment Related,36,Yes,Print-ready,https://wai.profhorvath.com/downloads,Exclude,Too many items,1,NA,NA,NA,NA,NA,NA,NA,NA,NA,NA
435,"CIRCUMSTANCES, READINESS, MOTIVATION AND SUITABILITY SCALES","Circumstances, Readiness, Motivation and Suitability Scales",CRMS,Treatment Related,NA,120,NA,NA,NA,NA,NA,NA,NA,NA,NA,NA,NA,NA,NA,NA,NA,NA,NA,NA,NA,NA,NA,NA,NA,NA,NA,NA,NA,NA,NA,NA,NA,NA,NA,NA,NA,NA,NA,NA,NA,NA,NA,NA,NA,NA,NA,NA,NA,NA,NA,NA,NA,NA,NA,NA,NA,NA,NA,NA,NA,NA,NA,NA,"Circumstances, Readiness, Motivation and Suitability Scales",CRMS,Treatment Related,144,Unknown,NA,NA,Exclude,Too many items,1,NA,NA,NA,NA,NA,NA,NA,NA,NA,NA
436,CLIENT EVALUATION OF SELF AND TREATMENT,Client Evaluation of Self and Treatment,CEST,Treatment Related,NA,468,NA,NA,NA,NA,NA,NA,NA,NA,NA,NA,NA,NA,NA,NA,NA,NA,NA,NA,NA,NA,NA,NA,NA,NA,NA,NA,NA,NA,NA,NA,NA,NA,NA,NA,NA,NA,NA,NA,NA,NA,NA,NA,NA,NA,NA,NA,NA,NA,NA,NA,NA,NA,NA,NA,NA,NA,NA,NA,NA,NA,NA,NA,Client Evaluation of Self and Treatment,CEST,Treatment Related,62,Unknown,NA,NA,Exclude,Too many items,1,NA,NA,NA,NA,NA,NA,NA,NA,NA,NA
437,RECOVERY ATTIUDE AND TREATMENT EVALUATION,Recovery attiude and Treatment Evaluation,RATE,Treatment Related,NA,619,NA,NA,NA,NA,NA,NA,NA,NA,NA,NA,NA,NA,NA,NA,NA,NA,NA,NA,NA,NA,NA,NA,NA,NA,NA,NA,NA,NA,NA,NA,NA,NA,NA,NA,NA,NA,NA,NA,NA,NA,NA,NA,NA,NA,NA,NA,NA,NA,NA,NA,NA,NA,NA,NA,NA,NA,NA,NA,NA,NA,NA,NA,Recovery attiude and Treatment Evaluation,RATE,Treatment Related,66,Unknown,NA,NA,Exclude,Too many items,1,NA,NA,NA,NA,NA,NA,NA,NA,NA,NA
438,AC-OK SCREEN,AC-OK Screen,AC-OK,Scope,NA,363,NA,NA,NA,NA,NA,NA,NA,NA,NA,NA,NA,NA,NA,NA,NA,NA,NA,NA,NA,NA,NA,NA,NA,NA,NA,NA,NA,NA,NA,NA,NA,NA,NA,NA,NA,NA,NA,NA,NA,NA,NA,NA,NA,NA,NA,NA,NA,NA,NA,NA,NA,NA,NA,NA,NA,NA,NA,NA,NA,NA,NA,NA,NA,NA,NA,NA,NA,NA,NA,NA,NA,NA,NA,NA,NA,NA,NA,NA,NA,NA,NA,NA
439,BECK HOPELESSNESS SCALE,Beck Hopelessness Scale,BHS,Scope,NA,818,NA,NA,NA,NA,NA,NA,NA,NA,NA,NA,NA,NA,NA,NA,NA,NA,NA,NA,NA,NA,NA,NA,NA,NA,NA,NA,NA,NA,NA,NA,NA,NA,NA,NA,NA,NA,NA,NA,NA,NA,NA,NA,NA,NA,NA,NA,NA,NA,NA,NA,NA,NA,NA,NA,NA,NA,NA,NA,NA,NA,NA,NA,NA,NA,NA,NA,NA,NA,NA,NA,NA,NA,NA,NA,NA,NA,NA,NA,NA,NA,NA,NA
440,BELONGINESS TO DRUG CULTURE QUESTIONNAIRE,Belonginess to Drug Culture Questionnaire,BDCQ,Scope,NA,24,NA,NA,NA,NA,NA,NA,NA,NA,NA,NA,NA,NA,NA,NA,NA,NA,NA,NA,NA,NA,NA,NA,NA,NA,NA,NA,NA,NA,NA,NA,NA,NA,NA,NA,NA,NA,NA,NA,NA,NA,NA,NA,NA,NA,NA,NA,NA,NA,NA,NA,NA,NA,NA,NA,NA,NA,NA,NA,NA,NA,NA,NA,NA,NA,NA,NA,NA,NA,NA,NA,NA,NA,NA,NA,NA,NA,NA,NA,NA,NA,NA,NA
441,BRIEF METAMEMORY AND METACOGNITION SCALE,Brief metamemory and metacognition scale,BMMS,Scope,NA,231,NA,NA,NA,NA,NA,NA,NA,NA,NA,NA,NA,NA,NA,NA,NA,NA,NA,NA,NA,NA,NA,NA,NA,NA,NA,NA,NA,NA,NA,NA,NA,NA,NA,NA,NA,NA,NA,NA,NA,NA,NA,NA,NA,NA,NA,NA,NA,NA,NA,NA,NA,NA,NA,NA,NA,NA,NA,NA,NA,NA,NA,NA,NA,NA,NA,NA,NA,NA,NA,NA,NA,NA,NA,NA,NA,NA,NA,NA,NA,NA,NA,NA
442,BRIEF MOTIVATION SCALE,Brief Motivation Scale,BMS,Scope,NA,149,NA,NA,NA,NA,NA,NA,NA,NA,NA,NA,NA,NA,NA,NA,NA,NA,NA,NA,NA,NA,NA,NA,NA,NA,NA,NA,NA,NA,NA,NA,NA,NA,NA,NA,NA,NA,NA,NA,NA,NA,NA,NA,NA,NA,NA,NA,NA,NA,NA,NA,NA,NA,NA,NA,NA,NA,NA,NA,NA,NA,NA,NA,NA,NA,NA,NA,NA,NA,NA,NA,NA,NA,NA,NA,NA,NA,NA,NA,NA,NA,NA,NA
443,COMMUNITY ASSESSMENT INVENTORY,Community Assessment Inventory,CAI,Scope,NA,30,NA,NA,NA,NA,NA,NA,NA,NA,NA,NA,NA,NA,NA,NA,NA,NA,NA,NA,NA,NA,NA,NA,NA,NA,NA,NA,NA,NA,NA,NA,NA,NA,NA,NA,NA,NA,NA,NA,NA,NA,NA,NA,NA,NA,NA,NA,NA,NA,NA,NA,NA,NA,NA,NA,NA,NA,NA,NA,NA,NA,NA,NA,NA,NA,NA,NA,NA,NA,NA,NA,NA,NA,NA,NA,NA,NA,NA,NA,NA,NA,NA,NA
444,DESIRE THINKING QUESTIONNAIRE,Desire Thinking Questionnaire,DTQ,Scope,NA,130,NA,NA,NA,NA,NA,NA,NA,NA,NA,NA,NA,NA,NA,NA,NA,NA,NA,NA,NA,NA,NA,NA,NA,NA,NA,NA,NA,NA,NA,NA,NA,NA,NA,NA,NA,NA,NA,NA,NA,NA,NA,NA,NA,NA,NA,NA,NA,NA,NA,NA,NA,NA,NA,NA,NA,NA,NA,NA,NA,NA,NA,NA,NA,NA,NA,NA,NA,NA,NA,NA,NA,NA,NA,NA,NA,NA,NA,NA,NA,NA,NA,NA
445,EARLY TRAUMA INVENTORY SELF REPORT - SHORT FORM,Early Trauma Inventory Self Report - Short Form,ETISR-SR,Scope,NA,93,NA,NA,NA,NA,NA,NA,NA,NA,NA,NA,NA,NA,NA,NA,NA,NA,NA,NA,NA,NA,NA,NA,NA,NA,NA,NA,NA,NA,NA,NA,NA,NA,NA,NA,NA,NA,NA,NA,NA,NA,NA,NA,NA,NA,NA,NA,NA,NA,NA,NA,NA,NA,NA,NA,NA,NA,NA,NA,NA,NA,NA,NA,NA,NA,NA,NA,NA,NA,NA,NA,NA,NA,NA,NA,NA,NA,NA,NA,NA,NA,NA,NA
446,GLOBAL APPRAISAL OF INDIVIDUAL NEEDS - I,Global Appraisal of Individual Needs - I,GAIN-I,Scope,NA,379,NA,NA,NA,NA,NA,NA,NA,NA,NA,NA,NA,NA,NA,NA,NA,NA,NA,NA,NA,NA,NA,NA,NA,NA,NA,NA,NA,NA,NA,NA,NA,NA,NA,NA,NA,NA,NA,NA,NA,NA,NA,NA,NA,NA,NA,NA,NA,NA,NA,NA,NA,NA,NA,NA,NA,NA,NA,NA,NA,NA,NA,NA,NA,NA,NA,NA,NA,NA,NA,NA,NA,NA,NA,NA,NA,NA,NA,NA,NA,NA,NA,NA
447,GLOBAL APPRAISAL OF INDIVIDUAL NEEDS - SHORT SCREENER,Global Appraisal of Individual Needs - Short Screener,GAIN-SS,Scope,NA,757,NA,NA,NA,NA,NA,NA,NA,NA,NA,NA,NA,NA,NA,NA,NA,NA,NA,NA,NA,NA,NA,NA,NA,NA,NA,NA,NA,NA,NA,NA,NA,NA,NA,NA,NA,NA,NA,NA,NA,NA,NA,NA,NA,NA,NA,NA,NA,NA,NA,NA,NA,NA,NA,NA,NA,NA,NA,NA,NA,NA,NA,NA,NA,NA,NA,NA,NA,NA,NA,NA,NA,NA,NA,NA,NA,NA,NA,NA,NA,NA,NA,NA
448,GLOBAL APPRAISAL OF INDIVIDUAL NEEDS SELF-HELP INVOLVEMENT SCALE,Global Appraisal of Individual Needs Self-Help Involvement Scale,SHIS,Scope,NA,14,NA,NA,NA,NA,NA,NA,NA,NA,NA,NA,NA,NA,NA,NA,NA,NA,NA,NA,NA,NA,NA,NA,NA,NA,NA,NA,NA,NA,NA,NA,NA,NA,NA,NA,NA,NA,NA,NA,NA,NA,NA,NA,NA,NA,NA,NA,NA,NA,NA,NA,NA,NA,NA,NA,NA,NA,NA,NA,NA,NA,NA,NA,NA,NA,NA,NA,NA,NA,NA,NA,NA,NA,NA,NA,NA,NA,NA,NA,NA,NA,NA,NA
449,HALLUCINOGEN RATING SCALE,Hallucinogen Rating Scale,HRS,Scope,NA,612,NA,NA,NA,NA,NA,NA,NA,NA,NA,NA,NA,NA,NA,NA,NA,NA,NA,NA,NA,NA,NA,NA,NA,NA,NA,NA,NA,NA,NA,NA,NA,NA,NA,NA,NA,NA,NA,NA,NA,NA,NA,NA,NA,NA,NA,NA,NA,NA,NA,NA,NA,NA,NA,NA,NA,NA,NA,NA,NA,NA,NA,NA,NA,NA,NA,NA,NA,NA,NA,NA,NA,NA,NA,NA,NA,NA,NA,NA,NA,NA,NA,NA
450,"HEALTH OF BODY, MIND AND SPIRIT SCALE","Health of Body, Mind and Spirit Scale",HBMSS,Scope,NA,250,NA,NA,NA,NA,NA,NA,NA,NA,NA,NA,NA,NA,NA,NA,NA,NA,NA,NA,NA,NA,NA,NA,NA,NA,NA,NA,NA,NA,NA,NA,NA,NA,NA,NA,NA,NA,NA,NA,NA,NA,NA,NA,NA,NA,NA,NA,NA,NA,NA,NA,NA,NA,NA,NA,NA,NA,NA,NA,NA,NA,NA,NA,NA,NA,NA,NA,NA,NA,NA,NA,NA,NA,NA,NA,NA,NA,NA,NA,NA,NA,NA,NA
451,HEALTH OF NATION OUTCOME SCALES,Health of Nation Outcome Scales,HoNOS,Scope,NA,531,NA,NA,NA,NA,NA,NA,NA,NA,NA,NA,NA,NA,NA,NA,NA,NA,NA,NA,NA,NA,NA,NA,NA,NA,NA,NA,NA,NA,NA,NA,NA,NA,NA,NA,NA,NA,NA,NA,NA,NA,NA,NA,NA,NA,NA,NA,NA,NA,NA,NA,NA,NA,NA,NA,NA,NA,NA,NA,NA,NA,NA,NA,NA,NA,NA,NA,NA,NA,NA,NA,NA,NA,NA,NA,NA,NA,NA,NA,NA,NA,NA,NA
452,IMPORTANT PEOPLE INVENTORY,Important People Inventory,IP,Scope,NA,25,NA,NA,NA,NA,NA,NA,NA,NA,NA,NA,NA,NA,NA,NA,NA,NA,NA,NA,NA,NA,NA,NA,NA,NA,NA,NA,NA,NA,NA,NA,NA,NA,NA,NA,NA,NA,NA,NA,NA,NA,NA,NA,NA,NA,NA,NA,NA,NA,NA,NA,NA,NA,NA,NA,NA,NA,NA,NA,NA,NA,NA,NA,NA,NA,NA,NA,NA,NA,NA,NA,NA,NA,NA,NA,NA,NA,NA,NA,NA,NA,NA,NA
453,LANGUAGE OF ADDICTION- DRUG VERSION,Language of Addiction- Drug version,LAD-D,Scope,NA,801,NA,NA,NA,NA,NA,NA,NA,NA,NA,NA,NA,NA,NA,NA,NA,NA,NA,NA,NA,NA,NA,NA,NA,NA,NA,NA,NA,NA,NA,NA,NA,NA,NA,NA,NA,NA,NA,NA,NA,NA,NA,NA,NA,NA,NA,NA,NA,NA,NA,NA,NA,NA,NA,NA,NA,NA,NA,NA,NA,NA,NA,NA,NA,NA,NA,NA,NA,NA,NA,NA,NA,NA,NA,NA,NA,NA,NA,NA,NA,NA,NA,NA
454,METHADONE MAINTENANCE TREATMENT STIGMA MECHANISMS SCALE,Methadone Maintenance Treatment Stigma Mechanisms Scale,MMT-SMS,Scope,NA,674,NA,NA,NA,NA,NA,NA,NA,NA,NA,NA,NA,NA,NA,NA,NA,NA,NA,NA,NA,NA,NA,NA,NA,NA,NA,NA,NA,NA,NA,NA,NA,NA,NA,NA,NA,NA,NA,NA,NA,NA,NA,NA,NA,NA,NA,NA,NA,NA,NA,NA,NA,NA,NA,NA,NA,NA,NA,NA,NA,NA,NA,NA,NA,NA,NA,NA,NA,NA,NA,NA,NA,NA,NA,NA,NA,NA,NA,NA,NA,NA,NA,NA
455,MINNESOTA MULTIPHASIC PERSONALITY INVENTORY,Minnesota Multiphasic Personality Inventory,MMPI,Scope,NA,774,583,652,516,559,594,806,649,505,NA,NA,NA,NA,NA,NA,NA,NA,NA,NA,NA,NA,NA,NA,NA,NA,NA,NA,NA,NA,NA,NA,NA,NA,NA,NA,NA,NA,NA,NA,NA,NA,NA,NA,NA,NA,NA,NA,NA,NA,NA,NA,NA,NA,NA,NA,NA,NA,NA,NA,NA,NA,NA,NA,NA,NA,NA,NA,NA,NA,NA,NA,NA,NA,NA,NA,NA,NA,NA,NA,NA,NA,NA,NA
456,MINNESOTA MULTIPHASIC PERSONALITY INVENTORY- 2,Minnesota Multiphasic Personality Inventory- 2,MMPI-2,Scope,NA,638,NA,NA,NA,NA,NA,NA,NA,NA,NA,NA,NA,NA,NA,NA,NA,NA,NA,NA,NA,NA,NA,NA,NA,NA,NA,NA,NA,NA,NA,NA,NA,NA,NA,NA,NA,NA,NA,NA,NA,NA,NA,NA,NA,NA,NA,NA,NA,NA,NA,NA,NA,NA,NA,NA,NA,NA,NA,NA,NA,NA,NA,NA,NA,NA,NA,NA,NA,NA,NA,NA,NA,NA,NA,NA,NA,NA,NA,NA,NA,NA,NA,NA
457,NEEDLE FIXATION SCALE,Needle Fixation Scale,NEFPRO,Scope,NA,489,NA,NA,NA,NA,NA,NA,NA,NA,NA,NA,NA,NA,NA,NA,NA,NA,NA,NA,NA,NA,NA,NA,NA,NA,NA,NA,NA,NA,NA,NA,NA,NA,NA,NA,NA,NA,NA,NA,NA,NA,NA,NA,NA,NA,NA,NA,NA,NA,NA,NA,NA,NA,NA,NA,NA,NA,NA,NA,NA,NA,NA,NA,NA,NA,NA,NA,NA,NA,NA,NA,NA,NA,NA,NA,NA,NA,NA,NA,NA,NA,NA,NA
458,OUTCOME QUESTIONNAIRE,Outcome Questionnaire,OQ-45,Scope,NA,527,NA,NA,NA,NA,NA,NA,NA,NA,NA,NA,NA,NA,NA,NA,NA,NA,NA,NA,NA,NA,NA,NA,NA,NA,NA,NA,NA,NA,NA,NA,NA,NA,NA,NA,NA,NA,NA,NA,NA,NA,NA,NA,NA,NA,NA,NA,NA,NA,NA,NA,NA,NA,NA,NA,NA,NA,NA,NA,NA,NA,NA,NA,NA,NA,NA,NA,NA,NA,NA,NA,NA,NA,NA,NA,NA,NA,NA,NA,NA,NA,NA,NA
459,PATIENT-REPORTED OUTCOMES MEASUREMENT INFORMATION SYSTEM,Patient-Reported Outcomes Measurement Information System,PROMIS-E,Scope,NA,249,695,NA,NA,NA,NA,NA,NA,NA,NA,NA,NA,NA,NA,NA,NA,NA,NA,NA,NA,NA,NA,NA,NA,NA,NA,NA,NA,NA,NA,NA,NA,NA,NA,NA,NA,NA,NA,NA,NA,NA,NA,NA,NA,NA,NA,NA,NA,NA,NA,NA,NA,NA,NA,NA,NA,NA,NA,NA,NA,NA,NA,NA,NA,NA,NA,NA,NA,NA,NA,NA,NA,NA,NA,NA,NA,NA,NA,NA,NA,NA,NA,NA
460,PERCEIVED IMPROVEMENT QUESTIONNAIRE,Perceived Improvement Questionnaire,PIQ,Scope,NA,57,NA,NA,NA,NA,NA,NA,NA,NA,NA,NA,NA,NA,NA,NA,NA,NA,NA,NA,NA,NA,NA,NA,NA,NA,NA,NA,NA,NA,NA,NA,NA,NA,NA,NA,NA,NA,NA,NA,NA,NA,NA,NA,NA,NA,NA,NA,NA,NA,NA,NA,NA,NA,NA,NA,NA,NA,NA,NA,NA,NA,NA,NA,NA,NA,NA,NA,NA,NA,NA,NA,NA,NA,NA,NA,NA,NA,NA,NA,NA,NA,NA,NA
461,PROBLEM ASSESSMENT FOR SUBSTANCE USING PSYCHIATRIC PATIENTS REVISED,Problem Assessment for Substance Using Psychiatric Patients Revised,PASUPP-R,Scope,NA,331,597,NA,NA,NA,NA,NA,NA,NA,NA,NA,NA,NA,NA,NA,NA,NA,NA,NA,NA,NA,NA,NA,NA,NA,NA,NA,NA,NA,NA,NA,NA,NA,NA,NA,NA,NA,NA,NA,NA,NA,NA,NA,NA,NA,NA,NA,NA,NA,NA,NA,NA,NA,NA,NA,NA,NA,NA,NA,NA,NA,NA,NA,NA,NA,NA,NA,NA,NA,NA,NA,NA,NA,NA,NA,NA,NA,NA,NA,NA,NA,NA,NA
462,PROBLEM SEVERITY SCREEN,Problem Severity Screen,PSS,Scope,NA,812,NA,NA,NA,NA,NA,NA,NA,NA,NA,NA,NA,NA,NA,NA,NA,NA,NA,NA,NA,NA,NA,NA,NA,NA,NA,NA,NA,NA,NA,NA,NA,NA,NA,NA,NA,NA,NA,NA,NA,NA,NA,NA,NA,NA,NA,NA,NA,NA,NA,NA,NA,NA,NA,NA,NA,NA,NA,NA,NA,NA,NA,NA,NA,NA,NA,NA,NA,NA,NA,NA,NA,NA,NA,NA,NA,NA,NA,NA,NA,NA,NA,NA
463,REASONED ACTION APPROACH,Reasoned Action Approach,RAA,Scope,NA,237,NA,NA,NA,NA,NA,NA,NA,NA,NA,NA,NA,NA,NA,NA,NA,NA,NA,NA,NA,NA,NA,NA,NA,NA,NA,NA,NA,NA,NA,NA,NA,NA,NA,NA,NA,NA,NA,NA,NA,NA,NA,NA,NA,NA,NA,NA,NA,NA,NA,NA,NA,NA,NA,NA,NA,NA,NA,NA,NA,NA,NA,NA,NA,NA,NA,NA,NA,NA,NA,NA,NA,NA,NA,NA,NA,NA,NA,NA,NA,NA,NA,NA
464,RESILIENCE SCALE,Resilience Scale,RS-14,Scope,NA,274,NA,NA,NA,NA,NA,NA,NA,NA,NA,NA,NA,NA,NA,NA,NA,NA,NA,NA,NA,NA,NA,NA,NA,NA,NA,NA,NA,NA,NA,NA,NA,NA,NA,NA,NA,NA,NA,NA,NA,NA,NA,NA,NA,NA,NA,NA,NA,NA,NA,NA,NA,NA,NA,NA,NA,NA,NA,NA,NA,NA,NA,NA,NA,NA,NA,NA,NA,NA,NA,NA,NA,NA,NA,NA,NA,NA,NA,NA,NA,NA,NA,NA
465,"RISKY, IMPULSIVE, AND SELF DESTRUCTIVE BEHAVIOR QUESTIONNAIRE","Risky, Impulsive, and Self Destructive Behavior Questionnaire",RISQ,Scope,NA,687,NA,NA,NA,NA,NA,NA,NA,NA,NA,NA,NA,NA,NA,NA,NA,NA,NA,NA,NA,NA,NA,NA,NA,NA,NA,NA,NA,NA,NA,NA,NA,NA,NA,NA,NA,NA,NA,NA,NA,NA,NA,NA,NA,NA,NA,NA,NA,NA,NA,NA,NA,NA,NA,NA,NA,NA,NA,NA,NA,NA,NA,NA,NA,NA,NA,NA,NA,NA,NA,NA,NA,NA,NA,NA,NA,NA,NA,NA,NA,NA,NA,NA
466,SENSATION SEEKING SCALE,Sensation Seeking Scale,SSS,Scope,NA,774,NA,NA,NA,NA,NA,NA,NA,NA,NA,NA,NA,NA,NA,NA,NA,NA,NA,NA,NA,NA,NA,NA,NA,NA,NA,NA,NA,NA,NA,NA,NA,NA,NA,NA,NA,NA,NA,NA,NA,NA,NA,NA,NA,NA,NA,NA,NA,NA,NA,NA,NA,NA,NA,NA,NA,NA,NA,NA,NA,NA,NA,NA,NA,NA,NA,NA,NA,NA,NA,NA,NA,NA,NA,NA,NA,NA,NA,NA,NA,NA,NA,NA
467,SOCIAL NETWORK MEASURE,Social Network Measure, ,Scope,NA,6,NA,NA,NA,NA,NA,NA,NA,NA,NA,NA,NA,NA,NA,NA,NA,NA,NA,NA,NA,NA,NA,NA,NA,NA,NA,NA,NA,NA,NA,NA,NA,NA,NA,NA,NA,NA,NA,NA,NA,NA,NA,NA,NA,NA,NA,NA,NA,NA,NA,NA,NA,NA,NA,NA,NA,NA,NA,NA,NA,NA,NA,NA,NA,NA,NA,NA,NA,NA,NA,NA,NA,NA,NA,NA,NA,NA,NA,NA,NA,NA,NA,NA
468,SOCIAL SUPPORT APPRAISALS SCALE,Social Support Appraisals Scale,SSAS,Scope,NA,38,465,NA,NA,NA,NA,NA,NA,NA,NA,NA,NA,NA,NA,NA,NA,NA,NA,NA,NA,NA,NA,NA,NA,NA,NA,NA,NA,NA,NA,NA,NA,NA,NA,NA,NA,NA,NA,NA,NA,NA,NA,NA,NA,NA,NA,NA,NA,NA,NA,NA,NA,NA,NA,NA,NA,NA,NA,NA,NA,NA,NA,NA,NA,NA,NA,NA,NA,NA,NA,NA,NA,NA,NA,NA,NA,NA,NA,NA,NA,NA,NA,NA
469,STRATEGY QUESTIONNAIRE,Strategy Questionnaire,SQ,Scope,NA,300,NA,NA,NA,NA,NA,NA,NA,NA,NA,NA,NA,NA,NA,NA,NA,NA,NA,NA,NA,NA,NA,NA,NA,NA,NA,NA,NA,NA,NA,NA,NA,NA,NA,NA,NA,NA,NA,NA,NA,NA,NA,NA,NA,NA,NA,NA,NA,NA,NA,NA,NA,NA,NA,NA,NA,NA,NA,NA,NA,NA,NA,NA,NA,NA,NA,NA,NA,NA,NA,NA,NA,NA,NA,NA,NA,NA,NA,NA,NA,NA,NA,NA
470,SUBSTANCE USE AND MISUSE IN INTELLECTUAL DISABILITY QUESTIONNAIRE,Substance Use and Misuse in Intellectual Disability Questionnaire,SumID-Q,Scope,NA,51,NA,NA,NA,NA,NA,NA,NA,NA,NA,NA,NA,NA,NA,NA,NA,NA,NA,NA,NA,NA,NA,NA,NA,NA,NA,NA,NA,NA,NA,NA,NA,NA,NA,NA,NA,NA,NA,NA,NA,NA,NA,NA,NA,NA,NA,NA,NA,NA,NA,NA,NA,NA,NA,NA,NA,NA,NA,NA,NA,NA,NA,NA,NA,NA,NA,NA,NA,NA,NA,NA,NA,NA,NA,NA,NA,NA,NA,NA,NA,NA,NA,NA
471,SUBSTANCE USE STIGMA MECHANISM SCALE,Substance Use Stigma Mechanism Scale,SU-SMS,Scope,NA,674,NA,NA,NA,NA,NA,NA,NA,NA,NA,NA,NA,NA,NA,NA,NA,NA,NA,NA,NA,NA,NA,NA,NA,NA,NA,NA,NA,NA,NA,NA,NA,NA,NA,NA,NA,NA,NA,NA,NA,NA,NA,NA,NA,NA,NA,NA,NA,NA,NA,NA,NA,NA,NA,NA,NA,NA,NA,NA,NA,NA,NA,NA,NA,NA,NA,NA,NA,NA,NA,NA,NA,NA,NA,NA,NA,NA,NA,NA,NA,NA,NA,NA
472,SUPPORT PROVIDED MEASURE,Support Provided Measure,SPM,Scope,NA,111,NA,NA,NA,NA,NA,NA,NA,NA,NA,NA,NA,NA,NA,NA,NA,NA,NA,NA,NA,NA,NA,NA,NA,NA,NA,NA,NA,NA,NA,NA,NA,NA,NA,NA,NA,NA,NA,NA,NA,NA,NA,NA,NA,NA,NA,NA,NA,NA,NA,NA,NA,NA,NA,NA,NA,NA,NA,NA,NA,NA,NA,NA,NA,NA,NA,NA,NA,NA,NA,NA,NA,NA,NA,NA,NA,NA,NA,NA,NA,NA,NA,NA
473,TREAMENT SELF-REGULATION QUESTIONNAIRE,Treament Self-Regulation Questionnaire,TSRQ,Scope,NA,149,NA,NA,NA,NA,NA,NA,NA,NA,NA,NA,NA,NA,NA,NA,NA,NA,NA,NA,NA,NA,NA,NA,NA,NA,NA,NA,NA,NA,NA,NA,NA,NA,NA,NA,NA,NA,NA,NA,NA,NA,NA,NA,NA,NA,NA,NA,NA,NA,NA,NA,NA,NA,NA,NA,NA,NA,NA,NA,NA,NA,NA,NA,NA,NA,NA,NA,NA,NA,NA,NA,NA,NA,NA,NA,NA,NA,NA,NA,NA,NA,NA,NA
474,VELICER DECISIONAL BALANCE SCALE,Velicer Decisional Balance Scale,DBS,Scope,NA,54,NA,NA,NA,NA,NA,NA,NA,NA,NA,NA,NA,NA,NA,NA,NA,NA,NA,NA,NA,NA,NA,NA,NA,NA,NA,NA,NA,NA,NA,NA,NA,NA,NA,NA,NA,NA,NA,NA,NA,NA,NA,NA,NA,NA,NA,NA,NA,NA,NA,NA,NA,NA,NA,NA,NA,NA,NA,NA,NA,NA,NA,NA,NA,NA,NA,NA,NA,NA,NA,NA,NA,NA,NA,NA,NA,NA,NA,NA,NA,NA,NA,NA
475,VISUAL ANALOG SCALE,Visual Analog Scale,VAS,Scope,NA,666,NA,NA,NA,NA,NA,NA,NA,NA,NA,NA,NA,NA,NA,NA,NA,NA,NA,NA,NA,NA,NA,NA,NA,NA,NA,NA,NA,NA,NA,NA,NA,NA,NA,NA,NA,NA,NA,NA,NA,NA,NA,NA,NA,NA,NA,NA,NA,NA,NA,NA,NA,NA,NA,NA,NA,NA,NA,NA,NA,NA,NA,NA,NA,NA,NA,NA,NA,NA,NA,NA,NA,NA,NA,NA,NA,NA,NA,NA,NA,NA,NA,NA
476,WORLD HEALTH ORGANIZATION QUALITY OF LIFE MEASURE,World Health Organization Quality of Life measure,WHOQOL,Scope,NA,364,426,NA,NA,NA,NA,NA,NA,NA,NA,NA,NA,NA,NA,NA,NA,NA,NA,NA,NA,NA,NA,NA,NA,NA,NA,NA,NA,NA,NA,NA,NA,NA,NA,NA,NA,NA,NA,NA,NA,NA,NA,NA,NA,NA,NA,NA,NA,NA,NA,NA,NA,NA,NA,NA,NA,NA,NA,NA,NA,NA,NA,NA,NA,NA,NA,NA,NA,NA,NA,NA,NA,NA,NA,NA,NA,NA,NA,NA,NA,NA,NA,NA
477,WORLD HEALTH ORGANIZATION QUALITY OF LIFE MEASURE - BRIEF,World Health Organization Quality of Life measure - brief,WHOQOL-BREF,Scope,NA,183,229,364,450,457,673,NA,NA,NA,NA,NA,NA,NA,NA,NA,NA,NA,NA,NA,NA,NA,NA,NA,NA,NA,NA,NA,NA,NA,NA,NA,NA,NA,NA,NA,NA,NA,NA,NA,NA,NA,NA,NA,NA,NA,NA,NA,NA,NA,NA,NA,NA,NA,NA,NA,NA,NA,NA,NA,NA,NA,NA,NA,NA,NA,NA,NA,NA,NA,NA,NA,NA,NA,NA,NA,NA,NA,NA,NA,NA,NA,NA,NA
478,BRIEF SYMPTOM INVENTORY,Brief Symptom Inventory,BSI,Scope,NA,798,NA,NA,NA,NA,NA,NA,NA,NA,NA,NA,NA,NA,NA,NA,NA,NA,NA,NA,NA,NA,NA,NA,NA,NA,NA,NA,NA,NA,NA,NA,NA,NA,NA,NA,NA,NA,NA,NA,NA,NA,NA,NA,NA,NA,NA,NA,NA,NA,NA,NA,NA,NA,NA,NA,NA,NA,NA,NA,NA,NA,NA,NA,NA,NA,NA,NA,NA,NA,NA,NA,NA,NA,NA,NA,NA,NA,NA,NA,NA,NA,NA,NA
479,COMPREHENSIVE ADOLESCENT SEVERITY INVENTORY,Comprehensive Adolescent Severity Inventory,CASI,Scope,NA,420,NA,NA,NA,NA,NA,NA,NA,NA,NA,NA,NA,NA,NA,NA,NA,NA,NA,NA,NA,NA,NA,NA,NA,NA,NA,NA,NA,NA,NA,NA,NA,NA,NA,NA,NA,NA,NA,NA,NA,NA,NA,NA,NA,NA,NA,NA,NA,NA,NA,NA,NA,NA,NA,NA,NA,NA,NA,NA,NA,NA,NA,NA,NA,NA,NA,NA,NA,NA,NA,NA,NA,NA,NA,NA,NA,NA,NA,NA,NA,NA,NA,NA
480,FAMILY ENVIRONMENT SCALE,Family Environment Scale,FES,Scope,NA,202,NA,NA,NA,NA,NA,NA,NA,NA,NA,NA,NA,NA,NA,NA,NA,NA,NA,NA,NA,NA,NA,NA,NA,NA,NA,NA,NA,NA,NA,NA,NA,NA,NA,NA,NA,NA,NA,NA,NA,NA,NA,NA,NA,NA,NA,NA,NA,NA,NA,NA,NA,NA,NA,NA,NA,NA,NA,NA,NA,NA,NA,NA,NA,NA,NA,NA,NA,NA,NA,NA,NA,NA,NA,NA,NA,NA,NA,NA,NA,NA,NA,NA
481,PEER RELATIONS SCALE,Peer Relations Scale,PRS,Scope,NA,662,NA,NA,NA,NA,NA,NA,NA,NA,NA,NA,NA,NA,NA,NA,NA,NA,NA,NA,NA,NA,NA,NA,NA,NA,NA,NA,NA,NA,NA,NA,NA,NA,NA,NA,NA,NA,NA,NA,NA,NA,NA,NA,NA,NA,NA,NA,NA,NA,NA,NA,NA,NA,NA,NA,NA,NA,NA,NA,NA,NA,NA,NA,NA,NA,NA,NA,NA,NA,NA,NA,NA,NA,NA,NA,NA,NA,NA,NA,NA,NA,NA,NA
482,REVISED WAYS OF COPING CHECKLIST,Revised Ways of Coping Checklist,RWCCL,Scope,NA,518,NA,NA,NA,NA,NA,NA,NA,NA,NA,NA,NA,NA,NA,NA,NA,NA,NA,NA,NA,NA,NA,NA,NA,NA,NA,NA,NA,NA,NA,NA,NA,NA,NA,NA,NA,NA,NA,NA,NA,NA,NA,NA,NA,NA,NA,NA,NA,NA,NA,NA,NA,NA,NA,NA,NA,NA,NA,NA,NA,NA,NA,NA,NA,NA,NA,NA,NA,NA,NA,NA,NA,NA,NA,NA,NA,NA,NA,NA,NA,NA,NA,NA
483,ACCEPTANCE AND ACTION QUESTIONNAIRE,Acceptance and Action Questionnaire,AAQ,Scope,"exclude, not SUD",523,NA,NA,NA,NA,NA,NA,NA,NA,NA,NA,NA,NA,NA,NA,NA,NA,NA,NA,NA,NA,NA,NA,NA,NA,NA,NA,NA,NA,NA,NA,NA,NA,NA,NA,NA,NA,NA,NA,NA,NA,NA,NA,NA,NA,NA,NA,NA,NA,NA,NA,NA,NA,NA,NA,NA,NA,NA,NA,NA,NA,NA,NA,NA,NA,NA,NA,NA,NA,NA,NA,NA,NA,NA,NA,NA,NA,NA,NA,NA,NA,NA,NA
484,ACCEPTANCE AND ACTION QUESTIONNAIRE II,Acceptance and Action Questionnaire II,AAQ II,Scope,"exclude, not SUD",523,NA,NA,NA,NA,NA,NA,NA,NA,NA,NA,NA,NA,NA,NA,NA,NA,NA,NA,NA,NA,NA,NA,NA,NA,NA,NA,NA,NA,NA,NA,NA,NA,NA,NA,NA,NA,NA,NA,NA,NA,NA,NA,NA,NA,NA,NA,NA,NA,NA,NA,NA,NA,NA,NA,NA,NA,NA,NA,NA,NA,NA,NA,NA,NA,NA,NA,NA,NA,NA,NA,NA,NA,NA,NA,NA,NA,NA,NA,NA,NA,NA,NA
485,ADDICTION BEHAVIORS CHECKLIST,Addiction Behaviors Checklist,ABC,Scope,"exclude, not self report",278,573,NA,NA,NA,NA,NA,NA,NA,NA,NA,NA,NA,NA,NA,NA,NA,NA,NA,NA,NA,NA,NA,NA,NA,NA,NA,NA,NA,NA,NA,NA,NA,NA,NA,NA,NA,NA,NA,NA,NA,NA,NA,NA,NA,NA,NA,NA,NA,NA,NA,NA,NA,NA,NA,NA,NA,NA,NA,NA,NA,NA,NA,NA,NA,NA,NA,NA,NA,NA,NA,NA,NA,NA,NA,NA,NA,NA,NA,NA,NA,NA,NA
486,ADDICTION SEVERITY INDEX,Addiction Severity Index,ASI,Scope,"exclude, not self report",50,68,124,166,217,282,305,450,473,483,494,502,200,565,598,650,664,685,744,746,769,776,783,566,608,610,642,731,81,293,658,619,205,203,788,456,649,NA,NA,NA,NA,NA,NA,NA,NA,NA,NA,NA,NA,NA,NA,NA,NA,NA,NA,NA,NA,NA,NA,NA,NA,NA,NA,NA,NA,NA,NA,NA,NA,NA,NA,NA,NA,NA,NA,NA,NA,NA,NA,NA,NA,NA,NA
487,ADOLESCENT DRUG ABUSE DIAGNOSIS,Adolescent Drug Abuse Diagnosis,ADAD,Scope,"exclude, not self report",56,316,810,NA,NA,NA,NA,NA,NA,NA,NA,NA,NA,NA,NA,NA,NA,NA,NA,NA,NA,NA,NA,NA,NA,NA,NA,NA,NA,NA,NA,NA,NA,NA,NA,NA,NA,NA,NA,NA,NA,NA,NA,NA,NA,NA,NA,NA,NA,NA,NA,NA,NA,NA,NA,NA,NA,NA,NA,NA,NA,NA,NA,NA,NA,NA,NA,NA,NA,NA,NA,NA,NA,NA,NA,NA,NA,NA,NA,NA,NA,NA,NA
488,ALCOHOL AND DRUG OUTCOME MEASURE,Alcohol and Drug Outcome Measure,ADOM,Scope,"exclude, not self report",13,346,NA,NA,NA,NA,NA,NA,NA,NA,NA,NA,NA,NA,NA,NA,NA,NA,NA,NA,NA,NA,NA,NA,NA,NA,NA,NA,NA,NA,NA,NA,NA,NA,NA,NA,NA,NA,NA,NA,NA,NA,NA,NA,NA,NA,NA,NA,NA,NA,NA,NA,NA,NA,NA,NA,NA,NA,NA,NA,NA,NA,NA,NA,NA,NA,NA,NA,NA,NA,NA,NA,NA,NA,NA,NA,NA,NA,NA,NA,NA,NA,NA
489,ALCOHOL TREATMENT OUTCOME MEASURE,Alcohol Treatment Outcome Measure,ATOM,Scope,"exclude, not self report",176,NA,NA,NA,NA,NA,NA,NA,NA,NA,NA,NA,NA,NA,NA,NA,NA,NA,NA,NA,NA,NA,NA,NA,NA,NA,NA,NA,NA,NA,NA,NA,NA,NA,NA,NA,NA,NA,NA,NA,NA,NA,NA,NA,NA,NA,NA,NA,NA,NA,NA,NA,NA,NA,NA,NA,NA,NA,NA,NA,NA,NA,NA,NA,NA,NA,NA,NA,NA,NA,NA,NA,NA,NA,NA,NA,NA,NA,NA,NA,NA,NA,NA
490,ALCOHOL USE DISORDER AND ASSOCIATED DISABILITIES INTERVIEW SCHEDULE,Alcohol Use Disorder and Associated Disabilities Interview Schedule,AUDADIS,Scope,"exclude, not self report",336,NA,NA,NA,NA,NA,NA,NA,NA,NA,NA,NA,NA,NA,NA,NA,NA,NA,NA,NA,NA,NA,NA,NA,NA,NA,NA,NA,NA,NA,NA,NA,NA,NA,NA,NA,NA,NA,NA,NA,NA,NA,NA,NA,NA,NA,NA,NA,NA,NA,NA,NA,NA,NA,NA,NA,NA,NA,NA,NA,NA,NA,NA,NA,NA,NA,NA,NA,NA,NA,NA,NA,NA,NA,NA,NA,NA,NA,NA,NA,NA,NA,NA
491,ALCOHOL USE DISORDER AND ASSOCIATED DISABILITIES INTERVIEW SCHEDULE- ALCOHOL/DRUG-REVISED,Alcohol Use Disorder and Associated Disabilities Interview Schedule- Alcohol/Drug-revised,AUDADIS-ADR,Scope,"exclude, not self-report",804,NA,NA,NA,NA,NA,NA,NA,NA,NA,NA,NA,NA,NA,NA,NA,NA,NA,NA,NA,NA,NA,NA,NA,NA,NA,NA,NA,NA,NA,NA,NA,NA,NA,NA,NA,NA,NA,NA,NA,NA,NA,NA,NA,NA,NA,NA,NA,NA,NA,NA,NA,NA,NA,NA,NA,NA,NA,NA,NA,NA,NA,NA,NA,NA,NA,NA,NA,NA,NA,NA,NA,NA,NA,NA,NA,NA,NA,NA,NA,NA,NA,NA
492,"ALCOHOL, SMOKING, AND SUBSTANCE INVOLVEMENT SCREENING TEST","Alcohol, Smoking, and Substance Involvement Screening Test",ASSIST,Scope,"exclude, not self-report",283,435,441,491,519,694,822,403,NA,NA,NA,NA,NA,NA,NA,NA,NA,NA,NA,NA,NA,NA,NA,NA,NA,NA,NA,NA,NA,NA,NA,NA,NA,NA,NA,NA,NA,NA,NA,NA,NA,NA,NA,NA,NA,NA,NA,NA,NA,NA,NA,NA,NA,NA,NA,NA,NA,NA,NA,NA,NA,NA,NA,NA,NA,NA,NA,NA,NA,NA,NA,NA,NA,NA,NA,NA,NA,NA,NA,NA,NA,NA,NA
493,AUDIO COMPUTER ASSISTED SELF-INTERVIEWING,Audio Computer Assisted Self-Interviewing,ACASI,Scope,"exclude, not self report",401,NA,NA,NA,NA,NA,NA,NA,NA,NA,NA,NA,NA,NA,NA,NA,NA,NA,NA,NA,NA,NA,NA,NA,NA,NA,NA,NA,NA,NA,NA,NA,NA,NA,NA,NA,NA,NA,NA,NA,NA,NA,NA,NA,NA,NA,NA,NA,NA,NA,NA,NA,NA,NA,NA,NA,NA,NA,NA,NA,NA,NA,NA,NA,NA,NA,NA,NA,NA,NA,NA,NA,NA,NA,NA,NA,NA,NA,NA,NA,NA,NA,NA
494,AUSTRALIAN TREATMENT OUTCOMES PROFILE,Australian Treatment Outcomes Profile,ATOP,Scope,"exclude, not self report",73,232,NA,NA,NA,NA,NA,NA,NA,NA,NA,NA,NA,NA,NA,NA,NA,NA,NA,NA,NA,NA,NA,NA,NA,NA,NA,NA,NA,NA,NA,NA,NA,NA,NA,NA,NA,NA,NA,NA,NA,NA,NA,NA,NA,NA,NA,NA,NA,NA,NA,NA,NA,NA,NA,NA,NA,NA,NA,NA,NA,NA,NA,NA,NA,NA,NA,NA,NA,NA,NA,NA,NA,NA,NA,NA,NA,NA,NA,NA,NA,NA,NA
495,BRIEF DSM-5 ALCOHOL USE DIAGNOSTIC ASSESSMENT,Brief DSM-5 Alcohol Use Diagnostic Assessment,Brief DSM-5 AUD,Scope,"exclude, not self report",131,134,733,NA,NA,NA,NA,NA,NA,NA,NA,NA,NA,NA,NA,NA,NA,NA,NA,NA,NA,NA,NA,NA,NA,NA,NA,NA,NA,NA,NA,NA,NA,NA,NA,NA,NA,NA,NA,NA,NA,NA,NA,NA,NA,NA,NA,NA,NA,NA,NA,NA,NA,NA,NA,NA,NA,NA,NA,NA,NA,NA,NA,NA,NA,NA,NA,NA,NA,NA,NA,NA,NA,NA,NA,NA,NA,NA,NA,NA,NA,NA,NA
496,BRIEF DSM-5 ALCOHOL USE DISORDER DIAGNOSTIC ASSESSMENT,Brief DSM-5 Alcohol Use Disorder Diagnostic Assessment,NA,Scope,"exclude, not self report",5,NA,NA,NA,NA,NA,NA,NA,NA,NA,NA,NA,NA,NA,NA,NA,NA,NA,NA,NA,NA,NA,NA,NA,NA,NA,NA,NA,NA,NA,NA,NA,NA,NA,NA,NA,NA,NA,NA,NA,NA,NA,NA,NA,NA,NA,NA,NA,NA,NA,NA,NA,NA,NA,NA,NA,NA,NA,NA,NA,NA,NA,NA,NA,NA,NA,NA,NA,NA,NA,NA,NA,NA,NA,NA,NA,NA,NA,NA,NA,NA,NA,NA
497,BRIEF EXECUTIVE-FUNCTION ASSESSMENT TOOL,Brief Executive-function Assessment Tool,BEAT,Scope,"exclude, not measure",817,NA,NA,NA,NA,NA,NA,NA,NA,NA,NA,NA,NA,NA,NA,NA,NA,NA,NA,NA,NA,NA,NA,NA,NA,NA,NA,NA,NA,NA,NA,NA,NA,NA,NA,NA,NA,NA,NA,NA,NA,NA,NA,NA,NA,NA,NA,NA,NA,NA,NA,NA,NA,NA,NA,NA,NA,NA,NA,NA,NA,NA,NA,NA,NA,NA,NA,NA,NA,NA,NA,NA,NA,NA,NA,NA,NA,NA,NA,NA,NA,NA,NA
498,BRIEF TREATMENT OUTCOME MEASURE,Brief Treatment Outcome Measure,BTOM,Scope,"exclude, not self report",712,NA,NA,NA,NA,NA,NA,NA,NA,NA,NA,NA,NA,NA,NA,NA,NA,NA,NA,NA,NA,NA,NA,NA,NA,NA,NA,NA,NA,NA,NA,NA,NA,NA,NA,NA,NA,NA,NA,NA,NA,NA,NA,NA,NA,NA,NA,NA,NA,NA,NA,NA,NA,NA,NA,NA,NA,NA,NA,NA,NA,NA,NA,NA,NA,NA,NA,NA,NA,NA,NA,NA,NA,NA,NA,NA,NA,NA,NA,NA,NA,NA,NA
499,CALIFORNIA TOBACCO SURVEY,California Tobacco Survey,CTS,Scope,"exclude, not SUD measure",112,NA,NA,NA,NA,NA,NA,NA,NA,NA,NA,NA,NA,NA,NA,NA,NA,NA,NA,NA,NA,NA,NA,NA,NA,NA,NA,NA,NA,NA,NA,NA,NA,NA,NA,NA,NA,NA,NA,NA,NA,NA,NA,NA,NA,NA,NA,NA,NA,NA,NA,NA,NA,NA,NA,NA,NA,NA,NA,NA,NA,NA,NA,NA,NA,NA,NA,NA,NA,NA,NA,NA,NA,NA,NA,NA,NA,NA,NA,NA,NA,NA,NA
500,CHRISTIAN INVENTORY OF SPIRITUALITY,Christian Inventory of Spirituality,CIS,Scope,"exclude, not self report",28,NA,NA,NA,NA,NA,NA,NA,NA,NA,NA,NA,NA,NA,NA,NA,NA,NA,NA,NA,NA,NA,NA,NA,NA,NA,NA,NA,NA,NA,NA,NA,NA,NA,NA,NA,NA,NA,NA,NA,NA,NA,NA,NA,NA,NA,NA,NA,NA,NA,NA,NA,NA,NA,NA,NA,NA,NA,NA,NA,NA,NA,NA,NA,NA,NA,NA,NA,NA,NA,NA,NA,NA,NA,NA,NA,NA,NA,NA,NA,NA,NA,NA
501,COCAINE SELECTIVE SEVERITY ASSESSMENT,Cocaine Selective Severity Assessment,CSSA,Scope,"exclude, not self report",445,NA,NA,NA,NA,NA,NA,NA,NA,NA,NA,NA,NA,NA,NA,NA,NA,NA,NA,NA,NA,NA,NA,NA,NA,NA,NA,NA,NA,NA,NA,NA,NA,NA,NA,NA,NA,NA,NA,NA,NA,NA,NA,NA,NA,NA,NA,NA,NA,NA,NA,NA,NA,NA,NA,NA,NA,NA,NA,NA,NA,NA,NA,NA,NA,NA,NA,NA,NA,NA,NA,NA,NA,NA,NA,NA,NA,NA,NA,NA,NA,NA,NA
502,COMMITMENT RESPONSE FORM,Commitment Response Form,CRF,Scope,NA,627,NA,NA,NA,NA,NA,NA,NA,NA,NA,NA,NA,NA,NA,NA,NA,NA,NA,NA,NA,NA,NA,NA,NA,NA,NA,NA,NA,NA,NA,NA,NA,NA,NA,NA,NA,NA,NA,NA,NA,NA,NA,NA,NA,NA,NA,NA,NA,NA,NA,NA,NA,NA,NA,NA,NA,NA,NA,NA,NA,NA,NA,NA,NA,NA,NA,NA,NA,NA,NA,NA,NA,NA,NA,NA,NA,NA,NA,NA,NA,NA,NA,NA
503,COMPOSITE INTERNATIONAL DIAGNOSTIC INTERVIEW,Composite International Diagnostic Interview,CIDI,Scope,"exclude, not self report",765,804,NA,NA,NA,NA,NA,NA,NA,NA,NA,NA,NA,NA,NA,NA,NA,NA,NA,NA,NA,NA,NA,NA,NA,NA,NA,NA,NA,NA,NA,NA,NA,NA,NA,NA,NA,NA,NA,NA,NA,NA,NA,NA,NA,NA,NA,NA,NA,NA,NA,NA,NA,NA,NA,NA,NA,NA,NA,NA,NA,NA,NA,NA,NA,NA,NA,NA,NA,NA,NA,NA,NA,NA,NA,NA,NA,NA,NA,NA,NA,NA,NA
504,COMPREHENSIVE ADDICTION SEVERITY INDEX FOR ADOLESCENTS,Comprehensive Addiction Severity Index for Adolescents,CASI-2,Scope,"exclude, not self report",791,NA,NA,NA,NA,NA,NA,NA,NA,NA,NA,NA,NA,NA,NA,NA,NA,NA,NA,NA,NA,NA,NA,NA,NA,NA,NA,NA,NA,NA,NA,NA,NA,NA,NA,NA,NA,NA,NA,NA,NA,NA,NA,NA,NA,NA,NA,NA,NA,NA,NA,NA,NA,NA,NA,NA,NA,NA,NA,NA,NA,NA,NA,NA,NA,NA,NA,NA,NA,NA,NA,NA,NA,NA,NA,NA,NA,NA,NA,NA,NA,NA,NA
505,CUSTOMARY DRINKING AND DRUG USE RECORD,Customary Drinking and Drug Use Record,CDDR,Scope,"exclude, not self report",759,NA,NA,NA,NA,NA,NA,NA,NA,NA,NA,NA,NA,NA,NA,NA,NA,NA,NA,NA,NA,NA,NA,NA,NA,NA,NA,NA,NA,NA,NA,NA,NA,NA,NA,NA,NA,NA,NA,NA,NA,NA,NA,NA,NA,NA,NA,NA,NA,NA,NA,NA,NA,NA,NA,NA,NA,NA,NA,NA,NA,NA,NA,NA,NA,NA,NA,NA,NA,NA,NA,NA,NA,NA,NA,NA,NA,NA,NA,NA,NA,NA,NA
506,DAILY ALCOHOL-RELATED CONSEQUENCES AND EVALUATIONS,Daily Alcohol-related Consequences and Evaluations,DACE,Scope,"exclude, not self report",261,NA,NA,NA,NA,NA,NA,NA,NA,NA,NA,NA,NA,NA,NA,NA,NA,NA,NA,NA,NA,NA,NA,NA,NA,NA,NA,NA,NA,NA,NA,NA,NA,NA,NA,NA,NA,NA,NA,NA,NA,NA,NA,NA,NA,NA,NA,NA,NA,NA,NA,NA,NA,NA,NA,NA,NA,NA,NA,NA,NA,NA,NA,NA,NA,NA,NA,NA,NA,NA,NA,NA,NA,NA,NA,NA,NA,NA,NA,NA,NA,NA,NA
507,DARTMOUTH ASSESSMENT OF LIFESTYLE INSTRUMENT,Dartmouth Assessment of Lifestyle Instrument,DALI,Scope,"exclude, not self report",715,742,NA,NA,NA,NA,NA,NA,NA,NA,NA,NA,NA,NA,NA,NA,NA,NA,NA,NA,NA,NA,NA,NA,NA,NA,NA,NA,NA,NA,NA,NA,NA,NA,NA,NA,NA,NA,NA,NA,NA,NA,NA,NA,NA,NA,NA,NA,NA,NA,NA,NA,NA,NA,NA,NA,NA,NA,NA,NA,NA,NA,NA,NA,NA,NA,NA,NA,NA,NA,NA,NA,NA,NA,NA,NA,NA,NA,NA,NA,NA,NA,NA
508,DIAGNOSTIC INTERVIEW FOR GENETIC STUDIES,Diagnostic Interview for Genetic Studies,NA,Scope,"exclude, not self report",47,NA,NA,NA,NA,NA,NA,NA,NA,NA,NA,NA,NA,NA,NA,NA,NA,NA,NA,NA,NA,NA,NA,NA,NA,NA,NA,NA,NA,NA,NA,NA,NA,NA,NA,NA,NA,NA,NA,NA,NA,NA,NA,NA,NA,NA,NA,NA,NA,NA,NA,NA,NA,NA,NA,NA,NA,NA,NA,NA,NA,NA,NA,NA,NA,NA,NA,NA,NA,NA,NA,NA,NA,NA,NA,NA,NA,NA,NA,NA,NA,NA,NA
509,DRUG LIFESTYLE SCREENING INTERVIEW,Drug Lifestyle Screening Interview,DLSI,Scope,"exclude, not self report",809,NA,NA,NA,NA,NA,NA,NA,NA,NA,NA,NA,NA,NA,NA,NA,NA,NA,NA,NA,NA,NA,NA,NA,NA,NA,NA,NA,NA,NA,NA,NA,NA,NA,NA,NA,NA,NA,NA,NA,NA,NA,NA,NA,NA,NA,NA,NA,NA,NA,NA,NA,NA,NA,NA,NA,NA,NA,NA,NA,NA,NA,NA,NA,NA,NA,NA,NA,NA,NA,NA,NA,NA,NA,NA,NA,NA,NA,NA,NA,NA,NA,NA
510,DSM DIAGNOSTIC CRITERIA,DSM Diagnostic Criteria,NA,Scope,"exclude, not SUD",803,NA,NA,NA,NA,NA,NA,NA,NA,NA,NA,NA,NA,NA,NA,NA,NA,NA,NA,NA,NA,NA,NA,NA,NA,NA,NA,NA,NA,NA,NA,NA,NA,NA,NA,NA,NA,NA,NA,NA,NA,NA,NA,NA,NA,NA,NA,NA,NA,NA,NA,NA,NA,NA,NA,NA,NA,NA,NA,NA,NA,NA,NA,NA,NA,NA,NA,NA,NA,NA,NA,NA,NA,NA,NA,NA,NA,NA,NA,NA,NA,NA,NA
511,EUROPEAN ADOLESCENT ASSESSMENT DIALOGUE,European Adolescent Assessment Dialogue,EuroADAD,Scope,"exclude, not self report",754,NA,NA,NA,NA,NA,NA,NA,NA,NA,NA,NA,NA,NA,NA,NA,NA,NA,NA,NA,NA,NA,NA,NA,NA,NA,NA,NA,NA,NA,NA,NA,NA,NA,NA,NA,NA,NA,NA,NA,NA,NA,NA,NA,NA,NA,NA,NA,NA,NA,NA,NA,NA,NA,NA,NA,NA,NA,NA,NA,NA,NA,NA,NA,NA,NA,NA,NA,NA,NA,NA,NA,NA,NA,NA,NA,NA,NA,NA,NA,NA,NA,NA
512,EYSENCK PERSONALITY QUESTIONNAIRE,Eysenck Personality Questionnaire,NA,Scope,"exclude, not self report",813,NA,NA,NA,NA,NA,NA,NA,NA,NA,NA,NA,NA,NA,NA,NA,NA,NA,NA,NA,NA,NA,NA,NA,NA,NA,NA,NA,NA,NA,NA,NA,NA,NA,NA,NA,NA,NA,NA,NA,NA,NA,NA,NA,NA,NA,NA,NA,NA,NA,NA,NA,NA,NA,NA,NA,NA,NA,NA,NA,NA,NA,NA,NA,NA,NA,NA,NA,NA,NA,NA,NA,NA,NA,NA,NA,NA,NA,NA,NA,NA,NA,NA
513,FORM 90,Form 90,NA,Scope,"exclude, not SUD",700,NA,NA,NA,NA,NA,NA,NA,NA,NA,NA,NA,NA,NA,NA,NA,NA,NA,NA,NA,NA,NA,NA,NA,NA,NA,NA,NA,NA,NA,NA,NA,NA,NA,NA,NA,NA,NA,NA,NA,NA,NA,NA,NA,NA,NA,NA,NA,NA,NA,NA,NA,NA,NA,NA,NA,NA,NA,NA,NA,NA,NA,NA,NA,NA,NA,NA,NA,NA,NA,NA,NA,NA,NA,NA,NA,NA,NA,NA,NA,NA,NA,NA
514,GLOBAL APPRAISAL OF INDIVIDUAL NEEDS,Global Appraisal of Individual Needs,GAIN,Scope,"exclude, not self report",34,577,NA,NA,NA,NA,NA,NA,NA,NA,NA,NA,NA,NA,NA,NA,NA,NA,NA,NA,NA,NA,NA,NA,NA,NA,NA,NA,NA,NA,NA,NA,NA,NA,NA,NA,NA,NA,NA,NA,NA,NA,NA,NA,NA,NA,NA,NA,NA,NA,NA,NA,NA,NA,NA,NA,NA,NA,NA,NA,NA,NA,NA,NA,NA,NA,NA,NA,NA,NA,NA,NA,NA,NA,NA,NA,NA,NA,NA,NA,NA,NA,NA
515,IMPLICIT ASSOCIATION TEST,Implicit Association Test,IAT,Scope,"exclude, not self report",714,NA,NA,NA,NA,NA,NA,NA,NA,NA,NA,NA,NA,NA,NA,NA,NA,NA,NA,NA,NA,NA,NA,NA,NA,NA,NA,NA,NA,NA,NA,NA,NA,NA,NA,NA,NA,NA,NA,NA,NA,NA,NA,NA,NA,NA,NA,NA,NA,NA,NA,NA,NA,NA,NA,NA,NA,NA,NA,NA,NA,NA,NA,NA,NA,NA,NA,NA,NA,NA,NA,NA,NA,NA,NA,NA,NA,NA,NA,NA,NA,NA,NA
516,INDIVIDUAL ASSESSMENT PROFILE,Individual Assessment Profile,IAP,Scope,"exclude, not SUD",799,NA,NA,NA,NA,NA,NA,NA,NA,NA,NA,NA,NA,NA,NA,NA,NA,NA,NA,NA,NA,NA,NA,NA,NA,NA,NA,NA,NA,NA,NA,NA,NA,NA,NA,NA,NA,NA,NA,NA,NA,NA,NA,NA,NA,NA,NA,NA,NA,NA,NA,NA,NA,NA,NA,NA,NA,NA,NA,NA,NA,NA,NA,NA,NA,NA,NA,NA,NA,NA,NA,NA,NA,NA,NA,NA,NA,NA,NA,NA,NA,NA,NA
517,INJECTION DRUG USER QUALITY OF LIFE SCALE,Injection Drug User Quality of Life Scale,IDUQOL,Scope,"exclude, not SUD",466,NA,NA,NA,NA,NA,NA,NA,NA,NA,NA,NA,NA,NA,NA,NA,NA,NA,NA,NA,NA,NA,NA,NA,NA,NA,NA,NA,NA,NA,NA,NA,NA,NA,NA,NA,NA,NA,NA,NA,NA,NA,NA,NA,NA,NA,NA,NA,NA,NA,NA,NA,NA,NA,NA,NA,NA,NA,NA,NA,NA,NA,NA,NA,NA,NA,NA,NA,NA,NA,NA,NA,NA,NA,NA,NA,NA,NA,NA,NA,NA,NA,NA
518,INTERNATIONAL TOBACCO CONTROL FOUR- COUNTRY SURVEY,International Tobacco Control Four- Country Survey,ITC-4,Scope,"exclude, not self report",179,NA,NA,NA,NA,NA,NA,NA,NA,NA,NA,NA,NA,NA,NA,NA,NA,NA,NA,NA,NA,NA,NA,NA,NA,NA,NA,NA,NA,NA,NA,NA,NA,NA,NA,NA,NA,NA,NA,NA,NA,NA,NA,NA,NA,NA,NA,NA,NA,NA,NA,NA,NA,NA,NA,NA,NA,NA,NA,NA,NA,NA,NA,NA,NA,NA,NA,NA,NA,NA,NA,NA,NA,NA,NA,NA,NA,NA,NA,NA,NA,NA,NA
519,KESSLER PSYCHOLOGICAL DISTRESS SCALE,Kessler Psychological Distress Scale,K-6,Scope,"exclude, not SUD",323,NA,NA,NA,NA,NA,NA,NA,NA,NA,NA,NA,NA,NA,NA,NA,NA,NA,NA,NA,NA,NA,NA,NA,NA,NA,NA,NA,NA,NA,NA,NA,NA,NA,NA,NA,NA,NA,NA,NA,NA,NA,NA,NA,NA,NA,NA,NA,NA,NA,NA,NA,NA,NA,NA,NA,NA,NA,NA,NA,NA,NA,NA,NA,NA,NA,NA,NA,NA,NA,NA,NA,NA,NA,NA,NA,NA,NA,NA,NA,NA,NA,NA
520,KILIFI HEALTH RISK BEHAVIOR QUESTIONNAIRE,Kilifi Health Risk Behavior Questionnaire,KRIBE-Q,Scope,"exclude, calendar",739,NA,NA,NA,NA,NA,NA,NA,NA,NA,NA,NA,NA,NA,NA,NA,NA,NA,NA,NA,NA,NA,NA,NA,NA,NA,NA,NA,NA,NA,NA,NA,NA,NA,NA,NA,NA,NA,NA,NA,NA,NA,NA,NA,NA,NA,NA,NA,NA,NA,NA,NA,NA,NA,NA,NA,NA,NA,NA,NA,NA,NA,NA,NA,NA,NA,NA,NA,NA,NA,NA,NA,NA,NA,NA,NA,NA,NA,NA,NA,NA,NA,NA
521,LIFE ENGAGEMENT TEST,Life Engagement Test,LET,Scope,"exclude, not SUD",17,NA,NA,NA,NA,NA,NA,NA,NA,NA,NA,NA,NA,NA,NA,NA,NA,NA,NA,NA,NA,NA,NA,NA,NA,NA,NA,NA,NA,NA,NA,NA,NA,NA,NA,NA,NA,NA,NA,NA,NA,NA,NA,NA,NA,NA,NA,NA,NA,NA,NA,NA,NA,NA,NA,NA,NA,NA,NA,NA,NA,NA,NA,NA,NA,NA,NA,NA,NA,NA,NA,NA,NA,NA,NA,NA,NA,NA,NA,NA,NA,NA,NA
522,LIFETIME DRINKING HISTORY,Lifetime Drinking History,LDH,Scope,NA,518,NA,NA,NA,NA,NA,NA,NA,NA,NA,NA,NA,NA,NA,NA,NA,NA,NA,NA,NA,NA,NA,NA,NA,NA,NA,NA,NA,NA,NA,NA,NA,NA,NA,NA,NA,NA,NA,NA,NA,NA,NA,NA,NA,NA,NA,NA,NA,NA,NA,NA,NA,NA,NA,NA,NA,NA,NA,NA,NA,NA,NA,NA,NA,NA,NA,NA,NA,NA,NA,NA,NA,NA,NA,NA,NA,NA,NA,NA,NA,NA,NA,NA
523,LONGITUDINAL SUBSTANCE USE RECALL FOR 12 WEEKS,Longitudinal Substance Use Recall for 12 weeks,LSUR-12,Scope,"exclude, not self report",525,NA,NA,NA,NA,NA,NA,NA,NA,NA,NA,NA,NA,NA,NA,NA,NA,NA,NA,NA,NA,NA,NA,NA,NA,NA,NA,NA,NA,NA,NA,NA,NA,NA,NA,NA,NA,NA,NA,NA,NA,NA,NA,NA,NA,NA,NA,NA,NA,NA,NA,NA,NA,NA,NA,NA,NA,NA,NA,NA,NA,NA,NA,NA,NA,NA,NA,NA,NA,NA,NA,NA,NA,NA,NA,NA,NA,NA,NA,NA,NA,NA,NA
524,MARIJUANA LADDER,Marijuana Ladder,ML,Scope,"exclude, no assessment",579,NA,NA,NA,NA,NA,NA,NA,NA,NA,NA,NA,NA,NA,NA,NA,NA,NA,NA,NA,NA,NA,NA,NA,NA,NA,NA,NA,NA,NA,NA,NA,NA,NA,NA,NA,NA,NA,NA,NA,NA,NA,NA,NA,NA,NA,NA,NA,NA,NA,NA,NA,NA,NA,NA,NA,NA,NA,NA,NA,NA,NA,NA,NA,NA,NA,NA,NA,NA,NA,NA,NA,NA,NA,NA,NA,NA,NA,NA,NA,NA,NA,NA
525,MEDICAL OUTCOMES STUDY SHORT FORM HEALTH SURVEY,Medical Outcomes Study Short Form Health Survey,MOS SF-20,Scope,"exclude, not SUD",792,NA,NA,NA,NA,NA,NA,NA,NA,NA,NA,NA,NA,NA,NA,NA,NA,NA,NA,NA,NA,NA,NA,NA,NA,NA,NA,NA,NA,NA,NA,NA,NA,NA,NA,NA,NA,NA,NA,NA,NA,NA,NA,NA,NA,NA,NA,NA,NA,NA,NA,NA,NA,NA,NA,NA,NA,NA,NA,NA,NA,NA,NA,NA,NA,NA,NA,NA,NA,NA,NA,NA,NA,NA,NA,NA,NA,NA,NA,NA,NA,NA,NA
526,METHADONE TREATMENT INDEX,Methadone Treatment Index,MTI,Scope,"exclude, not self report",557,NA,NA,NA,NA,NA,NA,NA,NA,NA,NA,NA,NA,NA,NA,NA,NA,NA,NA,NA,NA,NA,NA,NA,NA,NA,NA,NA,NA,NA,NA,NA,NA,NA,NA,NA,NA,NA,NA,NA,NA,NA,NA,NA,NA,NA,NA,NA,NA,NA,NA,NA,NA,NA,NA,NA,NA,NA,NA,NA,NA,NA,NA,NA,NA,NA,NA,NA,NA,NA,NA,NA,NA,NA,NA,NA,NA,NA,NA,NA,NA,NA,NA
527,MOTIVATIONAL COUNSELING,Motivational counseling,NA,Scope,"exclude, not self report",169,NA,NA,NA,NA,NA,NA,NA,NA,NA,NA,NA,NA,NA,NA,NA,NA,NA,NA,NA,NA,NA,NA,NA,NA,NA,NA,NA,NA,NA,NA,NA,NA,NA,NA,NA,NA,NA,NA,NA,NA,NA,NA,NA,NA,NA,NA,NA,NA,NA,NA,NA,NA,NA,NA,NA,NA,NA,NA,NA,NA,NA,NA,NA,NA,NA,NA,NA,NA,NA,NA,NA,NA,NA,NA,NA,NA,NA,NA,NA,NA,NA,NA
528,MULTIDIMENSINAL ADDICTIONS AND PERSONALITY PROFILE,Multidimensinal Addictions and Personality Profile,MAPP,Scope,"exclude, no measure",720,NA,NA,NA,NA,NA,NA,NA,NA,NA,NA,NA,NA,NA,NA,NA,NA,NA,NA,NA,NA,NA,NA,NA,NA,NA,NA,NA,NA,NA,NA,NA,NA,NA,NA,NA,NA,NA,NA,NA,NA,NA,NA,NA,NA,NA,NA,NA,NA,NA,NA,NA,NA,NA,NA,NA,NA,NA,NA,NA,NA,NA,NA,NA,NA,NA,NA,NA,NA,NA,NA,NA,NA,NA,NA,NA,NA,NA,NA,NA,NA,NA,NA
529,MULTIDIMENSIONAL HEALTH LOCUS OF CONTROL,Multidimensional Health Locus of Control,MHLC,Scope,"exclude, not SUD",223,NA,NA,NA,NA,NA,NA,NA,NA,NA,NA,NA,NA,NA,NA,NA,NA,NA,NA,NA,NA,NA,NA,NA,NA,NA,NA,NA,NA,NA,NA,NA,NA,NA,NA,NA,NA,NA,NA,NA,NA,NA,NA,NA,NA,NA,NA,NA,NA,NA,NA,NA,NA,NA,NA,NA,NA,NA,NA,NA,NA,NA,NA,NA,NA,NA,NA,NA,NA,NA,NA,NA,NA,NA,NA,NA,NA,NA,NA,NA,NA,NA,NA
530,NATIONAL INSTITUTE ON ALCOHOL ABUSE AND ALCOHOLISM SCREENING GUIDE,National Institute on Alcohol Abuse and Alcoholism Screening Guide,NIAAA SG,Scope,"exclude, not self report",724,NA,NA,NA,NA,NA,NA,NA,NA,NA,NA,NA,NA,NA,NA,NA,NA,NA,NA,NA,NA,NA,NA,NA,NA,NA,NA,NA,NA,NA,NA,NA,NA,NA,NA,NA,NA,NA,NA,NA,NA,NA,NA,NA,NA,NA,NA,NA,NA,NA,NA,NA,NA,NA,NA,NA,NA,NA,NA,NA,NA,NA,NA,NA,NA,NA,NA,NA,NA,NA,NA,NA,NA,NA,NA,NA,NA,NA,NA,NA,NA,NA,NA
531,NICOTINE DEPENDENCE,Nicotine Dependence,NA,Scope,"exclude, not SUD",749,NA,NA,NA,NA,NA,NA,NA,NA,NA,NA,NA,NA,NA,NA,NA,NA,NA,NA,NA,NA,NA,NA,NA,NA,NA,NA,NA,NA,NA,NA,NA,NA,NA,NA,NA,NA,NA,NA,NA,NA,NA,NA,NA,NA,NA,NA,NA,NA,NA,NA,NA,NA,NA,NA,NA,NA,NA,NA,NA,NA,NA,NA,NA,NA,NA,NA,NA,NA,NA,NA,NA,NA,NA,NA,NA,NA,NA,NA,NA,NA,NA,NA
532,PAIN ASSESSMENT AND DOCUMENTATION TOOL,Pain Assessment and Documentation Tool,PADT,Scope,"exclude, not self report",0,NA,NA,NA,NA,NA,NA,NA,NA,NA,NA,NA,NA,NA,NA,NA,NA,NA,NA,NA,NA,NA,NA,NA,NA,NA,NA,NA,NA,NA,NA,NA,NA,NA,NA,NA,NA,NA,NA,NA,NA,NA,NA,NA,NA,NA,NA,NA,NA,NA,NA,NA,NA,NA,NA,NA,NA,NA,NA,NA,NA,NA,NA,NA,NA,NA,NA,NA,NA,NA,NA,NA,NA,NA,NA,NA,NA,NA,NA,NA,NA,NA,NA
533,PERSONALITY ASSESSMENT INVENTORY,Personality Assessment Inventory,PAI,Scope,"exclude, not measure",725,NA,NA,NA,NA,NA,NA,NA,NA,NA,NA,NA,NA,NA,NA,NA,NA,NA,NA,NA,NA,NA,NA,NA,NA,NA,NA,NA,NA,NA,NA,NA,NA,NA,NA,NA,NA,NA,NA,NA,NA,NA,NA,NA,NA,NA,NA,NA,NA,NA,NA,NA,NA,NA,NA,NA,NA,NA,NA,NA,NA,NA,NA,NA,NA,NA,NA,NA,NA,NA,NA,NA,NA,NA,NA,NA,NA,NA,NA,NA,NA,NA,NA
534,POSITIVE AND NEGATIVE AFFECT SCHEDULE,Positive and Negative Affect Schedule,PANAS,Scope,schedule,808,NA,NA,NA,NA,NA,NA,NA,NA,NA,NA,NA,NA,NA,NA,NA,NA,NA,NA,NA,NA,NA,NA,NA,NA,NA,NA,NA,NA,NA,NA,NA,NA,NA,NA,NA,NA,NA,NA,NA,NA,NA,NA,NA,NA,NA,NA,NA,NA,NA,NA,NA,NA,NA,NA,NA,NA,NA,NA,NA,NA,NA,NA,NA,NA,NA,NA,NA,NA,NA,NA,NA,NA,NA,NA,NA,NA,NA,NA,NA,NA,NA,NA
535,PRESCRIBED OPIOID DIFFICULTY SCALE-CONCERN SCALE,Prescribed Opioid Difficulty Scale-Concern Scale,PODS-CS,Scope,"exclude, not self report",279,NA,NA,NA,NA,NA,NA,NA,NA,NA,NA,NA,NA,NA,NA,NA,NA,NA,NA,NA,NA,NA,NA,NA,NA,NA,NA,NA,NA,NA,NA,NA,NA,NA,NA,NA,NA,NA,NA,NA,NA,NA,NA,NA,NA,NA,NA,NA,NA,NA,NA,NA,NA,NA,NA,NA,NA,NA,NA,NA,NA,NA,NA,NA,NA,NA,NA,NA,NA,NA,NA,NA,NA,NA,NA,NA,NA,NA,NA,NA,NA,NA,NA
536,PRESCRIPTION DRUG USE QUESTIONNAIRE,Prescription Drug Use Questionnaire,PDUQ,Scope,"exclude, not SUD",278,NA,NA,NA,NA,NA,NA,NA,NA,NA,NA,NA,NA,NA,NA,NA,NA,NA,NA,NA,NA,NA,NA,NA,NA,NA,NA,NA,NA,NA,NA,NA,NA,NA,NA,NA,NA,NA,NA,NA,NA,NA,NA,NA,NA,NA,NA,NA,NA,NA,NA,NA,NA,NA,NA,NA,NA,NA,NA,NA,NA,NA,NA,NA,NA,NA,NA,NA,NA,NA,NA,NA,NA,NA,NA,NA,NA,NA,NA,NA,NA,NA,NA
537,PROMIS SMOKING INITIATIVE,PROMIS Smoking Initiative,NA,Scope,"exclude, behavioral measure",161,272,NA,NA,NA,NA,NA,NA,NA,NA,NA,NA,NA,NA,NA,NA,NA,NA,NA,NA,NA,NA,NA,NA,NA,NA,NA,NA,NA,NA,NA,NA,NA,NA,NA,NA,NA,NA,NA,NA,NA,NA,NA,NA,NA,NA,NA,NA,NA,NA,NA,NA,NA,NA,NA,NA,NA,NA,NA,NA,NA,NA,NA,NA,NA,NA,NA,NA,NA,NA,NA,NA,NA,NA,NA,NA,NA,NA,NA,NA,NA,NA,NA
538,PSYCHOGERIATRIC AND RISK BEHAVIOR ASSESSMENT SCALE,Psychogeriatric and Risk Behavior Assessment scale,PARBAS,Scope,"exclude, not self report",198,NA,NA,NA,NA,NA,NA,NA,NA,NA,NA,NA,NA,NA,NA,NA,NA,NA,NA,NA,NA,NA,NA,NA,NA,NA,NA,NA,NA,NA,NA,NA,NA,NA,NA,NA,NA,NA,NA,NA,NA,NA,NA,NA,NA,NA,NA,NA,NA,NA,NA,NA,NA,NA,NA,NA,NA,NA,NA,NA,NA,NA,NA,NA,NA,NA,NA,NA,NA,NA,NA,NA,NA,NA,NA,NA,NA,NA,NA,NA,NA,NA,NA
539,QUANTITY FREQUENCY SCALE,Quantity Frequency Scale,QFS,Scope,"exclude, not measure",103,NA,NA,NA,NA,NA,NA,NA,NA,NA,NA,NA,NA,NA,NA,NA,NA,NA,NA,NA,NA,NA,NA,NA,NA,NA,NA,NA,NA,NA,NA,NA,NA,NA,NA,NA,NA,NA,NA,NA,NA,NA,NA,NA,NA,NA,NA,NA,NA,NA,NA,NA,NA,NA,NA,NA,NA,NA,NA,NA,NA,NA,NA,NA,NA,NA,NA,NA,NA,NA,NA,NA,NA,NA,NA,NA,NA,NA,NA,NA,NA,NA,NA
540,QUANTITY-FREQUENCY INDEX,Quantity-Frequency Index,QFI,Scope,"exclude, not self report",33,NA,NA,NA,NA,NA,NA,NA,NA,NA,NA,NA,NA,NA,NA,NA,NA,NA,NA,NA,NA,NA,NA,NA,NA,NA,NA,NA,NA,NA,NA,NA,NA,NA,NA,NA,NA,NA,NA,NA,NA,NA,NA,NA,NA,NA,NA,NA,NA,NA,NA,NA,NA,NA,NA,NA,NA,NA,NA,NA,NA,NA,NA,NA,NA,NA,NA,NA,NA,NA,NA,NA,NA,NA,NA,NA,NA,NA,NA,NA,NA,NA,NA
541,RECOVERY ATTITUDE AND TREATMENT EVALUATOR,Recovery Attitude and Treatment Evaluator,RAATE,Scope,"exclude, not self report",41,618,NA,NA,NA,NA,NA,NA,NA,NA,NA,NA,NA,NA,NA,NA,NA,NA,NA,NA,NA,NA,NA,NA,NA,NA,NA,NA,NA,NA,NA,NA,NA,NA,NA,NA,NA,NA,NA,NA,NA,NA,NA,NA,NA,NA,NA,NA,NA,NA,NA,NA,NA,NA,NA,NA,NA,NA,NA,NA,NA,NA,NA,NA,NA,NA,NA,NA,NA,NA,NA,NA,NA,NA,NA,NA,NA,NA,NA,NA,NA,NA,NA
542,RISK BEHAVIOR ASSESSMENT,Risk Behavior Assessment,RBA,Scope,"exclude, not self report",534,793,NA,NA,NA,NA,NA,NA,NA,NA,NA,NA,NA,NA,NA,NA,NA,NA,NA,NA,NA,NA,NA,NA,NA,NA,NA,NA,NA,NA,NA,NA,NA,NA,NA,NA,NA,NA,NA,NA,NA,NA,NA,NA,NA,NA,NA,NA,NA,NA,NA,NA,NA,NA,NA,NA,NA,NA,NA,NA,NA,NA,NA,NA,NA,NA,NA,NA,NA,NA,NA,NA,NA,NA,NA,NA,NA,NA,NA,NA,NA,NA,NA
543,SCHEDULES FOR CLINICAL ASSESSMENT IN NEUROPSYCHIATRY,Schedules for Clinical Assessment in Neuropsychiatry,SCAN,Scope,"exclude, not SUD",765,804,NA,NA,NA,NA,NA,NA,NA,NA,NA,NA,NA,NA,NA,NA,NA,NA,NA,NA,NA,NA,NA,NA,NA,NA,NA,NA,NA,NA,NA,NA,NA,NA,NA,NA,NA,NA,NA,NA,NA,NA,NA,NA,NA,NA,NA,NA,NA,NA,NA,NA,NA,NA,NA,NA,NA,NA,NA,NA,NA,NA,NA,NA,NA,NA,NA,NA,NA,NA,NA,NA,NA,NA,NA,NA,NA,NA,NA,NA,NA,NA,NA
544,SCREENING TO BRIEF INTERVENTION,Screening to Brief Intervention,S2BI,Scope,not self report,823,NA,NA,NA,NA,NA,NA,NA,NA,NA,NA,NA,NA,NA,NA,NA,NA,NA,NA,NA,NA,NA,NA,NA,NA,NA,NA,NA,NA,NA,NA,NA,NA,NA,NA,NA,NA,NA,NA,NA,NA,NA,NA,NA,NA,NA,NA,NA,NA,NA,NA,NA,NA,NA,NA,NA,NA,NA,NA,NA,NA,NA,NA,NA,NA,NA,NA,NA,NA,NA,NA,NA,NA,NA,NA,NA,NA,NA,NA,NA,NA,NA,NA
545,SHORT FORM OF THE REVISED VANDERBILT THERAPEUTIC ALLIANCE SCALE,Short Form of the revised Vanderbilt Therapeutic Alliance Scale,NA,Scope,"exclude, not SUD",384,NA,NA,NA,NA,NA,NA,NA,NA,NA,NA,NA,NA,NA,NA,NA,NA,NA,NA,NA,NA,NA,NA,NA,NA,NA,NA,NA,NA,NA,NA,NA,NA,NA,NA,NA,NA,NA,NA,NA,NA,NA,NA,NA,NA,NA,NA,NA,NA,NA,NA,NA,NA,NA,NA,NA,NA,NA,NA,NA,NA,NA,NA,NA,NA,NA,NA,NA,NA,NA,NA,NA,NA,NA,NA,NA,NA,NA,NA,NA,NA,NA,NA
546,SOPHIA OBSERVATION WITHDRAWAL SYMPTOMS SCALE,Sophia Observation Withdrawal Symptoms Scale,SOS,Scope,NA,748,820,NA,NA,NA,NA,NA,NA,NA,NA,NA,NA,NA,NA,NA,NA,NA,NA,NA,NA,NA,NA,NA,NA,NA,NA,NA,NA,NA,NA,NA,NA,NA,NA,NA,NA,NA,NA,NA,NA,NA,NA,NA,NA,NA,NA,NA,NA,NA,NA,NA,NA,NA,NA,NA,NA,NA,NA,NA,NA,NA,NA,NA,NA,NA,NA,NA,NA,NA,NA,NA,NA,NA,NA,NA,NA,NA,NA,NA,NA,NA,NA,NA
547,STROKE PATIENT-REPORTED OUTCOME MEASURE,Stroke Patient-Reported Outcome Measure,Stroke-PROM,Scope,"exclude, not self report",10,NA,NA,NA,NA,NA,NA,NA,NA,NA,NA,NA,NA,NA,NA,NA,NA,NA,NA,NA,NA,NA,NA,NA,NA,NA,NA,NA,NA,NA,NA,NA,NA,NA,NA,NA,NA,NA,NA,NA,NA,NA,NA,NA,NA,NA,NA,NA,NA,NA,NA,NA,NA,NA,NA,NA,NA,NA,NA,NA,NA,NA,NA,NA,NA,NA,NA,NA,NA,NA,NA,NA,NA,NA,NA,NA,NA,NA,NA,NA,NA,NA,NA
548,STRUCTURED CLINICAL INTERVIEW FOR DSM,Structured Clinical Interview for DSM,SCID,Scope,"exclude, not SUD",411,33,NA,NA,NA,NA,NA,NA,NA,NA,NA,NA,NA,NA,NA,NA,NA,NA,NA,NA,NA,NA,NA,NA,NA,NA,NA,NA,NA,NA,NA,NA,NA,NA,NA,NA,NA,NA,NA,NA,NA,NA,NA,NA,NA,NA,NA,NA,NA,NA,NA,NA,NA,NA,NA,NA,NA,NA,NA,NA,NA,NA,NA,NA,NA,NA,NA,NA,NA,NA,NA,NA,NA,NA,NA,NA,NA,NA,NA,NA,NA,NA,NA
549,SUBSTANCE ABUSE TREATMENT SCALE,Substance Abuse Treatment Scale,SATS,Scope,"exclude, not self report",43,621,NA,NA,NA,NA,NA,NA,NA,NA,NA,NA,NA,NA,NA,NA,NA,NA,NA,NA,NA,NA,NA,NA,NA,NA,NA,NA,NA,NA,NA,NA,NA,NA,NA,NA,NA,NA,NA,NA,NA,NA,NA,NA,NA,NA,NA,NA,NA,NA,NA,NA,NA,NA,NA,NA,NA,NA,NA,NA,NA,NA,NA,NA,NA,NA,NA,NA,NA,NA,NA,NA,NA,NA,NA,NA,NA,NA,NA,NA,NA,NA,NA
550,SURRENDER SCALE,Surrender Scale,NA,Scope,"exclude, not SUD",37,NA,NA,NA,NA,NA,NA,NA,NA,NA,NA,NA,NA,NA,NA,NA,NA,NA,NA,NA,NA,NA,NA,NA,NA,NA,NA,NA,NA,NA,NA,NA,NA,NA,NA,NA,NA,NA,NA,NA,NA,NA,NA,NA,NA,NA,NA,NA,NA,NA,NA,NA,NA,NA,NA,NA,NA,NA,NA,NA,NA,NA,NA,NA,NA,NA,NA,NA,NA,NA,NA,NA,NA,NA,NA,NA,NA,NA,NA,NA,NA,NA,NA
551,THREAT OF SHOCK,Threat of Shock,NA,Scope,"exclude, not self report",254,NA,NA,NA,NA,NA,NA,NA,NA,NA,NA,NA,NA,NA,NA,NA,NA,NA,NA,NA,NA,NA,NA,NA,NA,NA,NA,NA,NA,NA,NA,NA,NA,NA,NA,NA,NA,NA,NA,NA,NA,NA,NA,NA,NA,NA,NA,NA,NA,NA,NA,NA,NA,NA,NA,NA,NA,NA,NA,NA,NA,NA,NA,NA,NA,NA,NA,NA,NA,NA,NA,NA,NA,NA,NA,NA,NA,NA,NA,NA,NA,NA,NA
552,TIMELINE FOLLOW BACK,Timeline Follow back,TLFB,Scope,"exclude, not SUD",454,493,551,579,598,667,713,755,772,33,NA,NA,NA,NA,NA,NA,NA,NA,NA,NA,NA,NA,NA,NA,NA,NA,NA,NA,NA,NA,NA,NA,NA,NA,NA,NA,NA,NA,NA,NA,NA,NA,NA,NA,NA,NA,NA,NA,NA,NA,NA,NA,NA,NA,NA,NA,NA,NA,NA,NA,NA,NA,NA,NA,NA,NA,NA,NA,NA,NA,NA,NA,NA,NA,NA,NA,NA,NA,NA,NA,NA,NA,NA
553,TIMELINE FOLLOW BACK - TELEPHONE,Timeline Follow back - Telephone,TLBF-T,Scope,"exclude, behavioral measure",299,NA,NA,NA,NA,NA,NA,NA,NA,NA,NA,NA,NA,NA,NA,NA,NA,NA,NA,NA,NA,NA,NA,NA,NA,NA,NA,NA,NA,NA,NA,NA,NA,NA,NA,NA,NA,NA,NA,NA,NA,NA,NA,NA,NA,NA,NA,NA,NA,NA,NA,NA,NA,NA,NA,NA,NA,NA,NA,NA,NA,NA,NA,NA,NA,NA,NA,NA,NA,NA,NA,NA,NA,NA,NA,NA,NA,NA,NA,NA,NA,NA,NA
554,WEIGHT CONTROL SMOKING SCALE,Weight Control Smoking Scale,WCSS,Scope,NA,102,NA,NA,NA,NA,NA,NA,NA,NA,NA,NA,NA,NA,NA,NA,NA,NA,NA,NA,NA,NA,NA,NA,NA,NA,NA,NA,NA,NA,NA,NA,NA,NA,NA,NA,NA,NA,NA,NA,NA,NA,NA,NA,NA,NA,NA,NA,NA,NA,NA,NA,NA,NA,NA,NA,NA,NA,NA,NA,NA,NA,NA,NA,NA,NA,NA,NA,NA,NA,NA,NA,NA,NA,NA,NA,NA,NA,NA,NA,NA,NA,NA,NA
555,WORD ASSOCIATION TASK FOR DRUG USE DISORDER,Word Association Task for Drug Use Disorder,WAT-DUD,Scope,NA,675,NA,NA,NA,NA,NA,NA,NA,NA,NA,NA,NA,NA,NA,NA,NA,NA,NA,NA,NA,NA,NA,NA,NA,NA,NA,NA,NA,NA,NA,NA,NA,NA,NA,NA,NA,NA,NA,NA,NA,NA,NA,NA,NA,NA,NA,NA,NA,NA,NA,NA,NA,NA,NA,NA,NA,NA,NA,NA,NA,NA,NA,NA,NA,NA,NA,NA,NA,NA,NA,NA,NA,NA,NA,NA,NA,NA,NA,NA,NA,NA,NA,NA
556,YALE-BROWN OBSESSIVE COMPULSIVE SCALE,Yale-Brown Obsessive Compulsive Scale,Y-BOCS,Scope,"exclude, not self report",NA,NA,NA,NA,NA,NA,NA,NA,NA,NA,NA,NA,NA,NA,NA,NA,NA,NA,NA,NA,NA,NA,NA,NA,NA,NA,NA,NA,NA,NA,NA,NA,NA,NA,NA,NA,NA,NA,NA,NA,NA,NA,NA,NA,NA,NA,NA,NA,NA,NA,NA,NA,NA,NA,NA,NA,NA,NA,NA,NA,NA,NA,NA,NA,NA,NA,NA,NA,NA,NA,NA,NA,NA,NA,NA,NA,NA,NA,NA,NA,NA,NA,NA
557,SMOKING ABSTINENCE QUESTIONNAIRE,Smoking Abstinence Questionnaire,SAQ,Smoking,NA,333,NA,NA,NA,NA,NA,NA,NA,NA,NA,NA,NA,NA,NA,NA,NA,NA,NA,NA,NA,NA,NA,NA,NA,NA,NA,NA,NA,NA,NA,NA,NA,NA,NA,NA,NA,NA,NA,NA,NA,NA,NA,NA,NA,NA,NA,NA,NA,NA,NA,NA,NA,NA,NA,NA,NA,NA,NA,NA,NA,NA,NA,NA,Smoking Abstinence Questionnaire,SAQ,Nicotine,110,Unknown,NA,NA,Exclude,Too many items,1,NA,NA,NA,NA,NA,NA,NA,NA,NA,NA
558,WISCONSIN INVENTORY OF SMOKING DEPENDENCE MOTIVES-68,Wisconsin Inventory of Smoking Dependence Motives-68,WISDM-68,Smoking,NA,332,342,352,453,580,258,NA,NA,NA,NA,NA,NA,NA,NA,NA,NA,NA,NA,NA,NA,NA,NA,NA,NA,NA,NA,NA,NA,NA,NA,NA,NA,NA,NA,NA,NA,NA,NA,NA,NA,NA,NA,NA,NA,NA,NA,NA,NA,NA,NA,NA,NA,NA,NA,NA,NA,NA,NA,NA,NA,NA,NA,NA,Wisconsin Inventory of Smoking Dependence Motives-68,WISDM-68,Nicotine,68,Unknown,NA,NA,Exclude,Too many items,1,NA,NA,NA,NA,NA,NA,NA,NA,NA,NA
559,AMPHETAMINE CESSATION SYMPTOM ASSESSMENT,Amphetamine Cessation Symptom Assessment,ACSA,Stimulant,NA,552,NA,NA,NA,NA,NA,NA,NA,NA,NA,NA,NA,NA,NA,NA,NA,NA,NA,NA,NA,NA,NA,NA,NA,NA,NA,NA,NA,NA,NA,NA,NA,NA,NA,NA,NA,NA,NA,NA,NA,NA,NA,NA,NA,NA,NA,NA,NA,NA,NA,NA,NA,NA,NA,NA,NA,NA,NA,NA,NA,NA,NA,NA,Amphetamine Cessation Symptom Assessment,ACSA,Stimulant,16,Yes,Print-ready,https://aodscreening.flinders.edu.au/index.php/download_file/force/49/195,Include,NA,1,"McGregor et al., 2008",Amphetamine Cessation Symptom Assessment,Stimulant,Withdrawal,Adequate,Excellent,Adequate,NA,"CONVERG, DISCRIM, PREDICT",NA
560,COCAINE CRAVING QUESTIONNAIRE,Cocaine Craving Questionnaire,CCQ,Stimulant,NA,40,691,719,294,NA,NA,NA,NA,NA,NA,NA,NA,NA,NA,NA,NA,NA,NA,NA,NA,NA,NA,NA,NA,NA,NA,NA,NA,NA,NA,NA,NA,NA,NA,NA,NA,NA,NA,NA,NA,NA,NA,NA,NA,NA,NA,NA,NA,NA,NA,NA,NA,NA,NA,NA,NA,NA,NA,NA,NA,NA,NA,NA,Cocaine Craving Questionnaire,CCQ,Stimulant,32,Unknown,NA,NA,Exclude,Too many items,1,NA,NA,NA,NA,NA,NA,NA,NA,NA,NA
561,COCAINE CRAVING QUESTIONNAIRE BRIEF,Cocaine Craving Questionnaire Brief,CCQ-Brief,Stimulant,NA,553,719,NA,NA,NA,NA,NA,NA,NA,NA,NA,NA,NA,NA,NA,NA,NA,NA,NA,NA,NA,NA,NA,NA,NA,NA,NA,NA,NA,NA,NA,NA,NA,NA,NA,NA,NA,NA,NA,NA,NA,NA,NA,NA,NA,NA,NA,NA,NA,NA,NA,NA,NA,NA,NA,NA,NA,NA,NA,NA,NA,NA,NA,Cocaine Craving Questionnaire Brief,CCQ-Brief,Stimulant,10,Yes,Print-ready,https://www.phenxtoolkit.org/toolkit_content/PDF/PX520302.pdf,Include,NA,1,"Sussner et al., 2006",Cocaine Craving Questionnaire Brief,Stimulant,Urges,Adequate,NA,Excellent,NA,"CONCUR, CONVERG, PREDICT",NA
562,COCAINE CRAVING QUESTIONNAIRE NOW,Cocaine Craving Questionnaire Now,CCQ-Now,Stimulant,NA,553,719,NA,NA,NA,NA,NA,NA,NA,NA,NA,NA,NA,NA,NA,NA,NA,NA,NA,NA,NA,NA,NA,NA,NA,NA,NA,NA,NA,NA,NA,NA,NA,NA,NA,NA,NA,NA,NA,NA,NA,NA,NA,NA,NA,NA,NA,NA,NA,NA,NA,NA,NA,NA,NA,NA,NA,NA,NA,NA,NA,NA,NA,Cocaine Craving Questionnaire Now,CCQ-Now,Stimulant,45,Unknown,NA,NA,Exclude,Too many items,1,NA,NA,NA,NA,NA,NA,NA,NA,NA,NA
563,COCAINE DECISIONAL BALANCE SCALE,Cocaine Decisional Balance Scale,CDBS,Stimulant,NA,598,NA,NA,NA,NA,NA,NA,NA,NA,NA,NA,NA,NA,NA,NA,NA,NA,NA,NA,NA,NA,NA,NA,NA,NA,NA,NA,NA,NA,NA,NA,NA,NA,NA,NA,NA,NA,NA,NA,NA,NA,NA,NA,NA,NA,NA,NA,NA,NA,NA,NA,NA,NA,NA,NA,NA,NA,NA,NA,NA,NA,NA,NA,Cocaine Decisional Balance Scale,CDBS,Stimulant,12,No, , ,Exclude,Not found,1,NA,NA,NA,NA,NA,NA,NA,NA,NA,NA
564,COCAINE EFFECTS QUESTIONNAIRE,Cocaine Effects Questionnaire,CEQ-P,Stimulant,NA,598,NA,NA,NA,NA,NA,NA,NA,NA,NA,NA,NA,NA,NA,NA,NA,NA,NA,NA,NA,NA,NA,NA,NA,NA,NA,NA,NA,NA,NA,NA,NA,NA,NA,NA,NA,NA,NA,NA,NA,NA,NA,NA,NA,NA,NA,NA,NA,NA,NA,NA,NA,NA,NA,NA,NA,NA,NA,NA,NA,NA,NA,NA,Cocaine Effects Questionnaire,CEQ-P,Stimulant,33,Unknown,NA,NA,Exclude,Too many items,1,NA,NA,NA,NA,NA,NA,NA,NA,NA,NA
565,COCAINE MOTIVES SCALE,Cocaine Motives Scale,CMS,Stimulant,NA,631,NA,NA,NA,NA,NA,NA,NA,NA,NA,NA,NA,NA,NA,NA,NA,NA,NA,NA,NA,NA,NA,NA,NA,NA,NA,NA,NA,NA,NA,NA,NA,NA,NA,NA,NA,NA,NA,NA,NA,NA,NA,NA,NA,NA,NA,NA,NA,NA,NA,NA,NA,NA,NA,NA,NA,NA,NA,NA,NA,NA,NA,NA,Cocaine Motives Scale,CMS,Stimulant,5,No, , ,Exclude,Not found,1,NA,NA,NA,NA,NA,NA,NA,NA,NA,NA
566,COCAINE NEGATIVE CONSEQUENCES CHECKLIST,Cocaine Negative Consequences Checklist,CNCC,Stimulant,NA,598,NA,NA,NA,NA,NA,NA,NA,NA,NA,NA,NA,NA,NA,NA,NA,NA,NA,NA,NA,NA,NA,NA,NA,NA,NA,NA,NA,NA,NA,NA,NA,NA,NA,NA,NA,NA,NA,NA,NA,NA,NA,NA,NA,NA,NA,NA,NA,NA,NA,NA,NA,NA,NA,NA,NA,NA,NA,NA,NA,NA,NA,NA,Cocaine Negative Consequences Checklist,CNCC,Stimulant,75,Unknown,NA,NA,Exclude,Too many items,1,NA,NA,NA,NA,NA,NA,NA,NA,NA,NA
567,COCAINE SPECIFIC SKILLS TEST,Cocaine Specific Skills Test,CSST,Stimulant,NA,598,NA,NA,NA,NA,NA,NA,NA,NA,NA,NA,NA,NA,NA,NA,NA,NA,NA,NA,NA,NA,NA,NA,NA,NA,NA,NA,NA,NA,NA,NA,NA,NA,NA,NA,NA,NA,NA,NA,NA,NA,NA,NA,NA,NA,NA,NA,NA,NA,NA,NA,NA,NA,NA,NA,NA,NA,NA,NA,NA,NA,NA,NA,Cocaine Specific Skills Test,CSST,Stimulant,8,No, , ,Exclude,Not found,1,NA,NA,NA,NA,NA,NA,NA,NA,NA,NA
568,MINNESOTA COCAINE CRAVING SCALE,Minnesota Cocaine Craving Scale,MCCS,Stimulant,NA,294,NA,NA,NA,NA,NA,NA,NA,NA,NA,NA,NA,NA,NA,NA,NA,NA,NA,NA,NA,NA,NA,NA,NA,NA,NA,NA,NA,NA,NA,NA,NA,NA,NA,NA,NA,NA,NA,NA,NA,NA,NA,NA,NA,NA,NA,NA,NA,NA,NA,NA,NA,NA,NA,NA,NA,NA,NA,NA,NA,NA,NA,NA,Minnesota Cocaine Craving Scale,MCCS,Stimulant,5,Yes,Needs formatting,https://www.sciencedirect.com/science/article/pii/0010440X9190066L?via%3Dihub,Exclude,No scoring/instructions/interpretation,1,NA,NA,NA,NA,NA,NA,NA,NA,NA,NA
569,OBSESSIVE COMPULSIVE COCAINE SCALE,Obsessive Compulsive Cocaine Scale,OCCS,Stimulant,NA,496,NA,NA,NA,NA,NA,NA,NA,NA,NA,NA,NA,NA,NA,NA,NA,NA,NA,NA,NA,NA,NA,NA,NA,NA,NA,NA,NA,NA,NA,NA,NA,NA,NA,NA,NA,NA,NA,NA,NA,NA,NA,NA,NA,NA,NA,NA,NA,NA,NA,NA,NA,NA,NA,NA,NA,NA,NA,NA,NA,NA,NA,NA,Obsessive Compulsive Cocaine Scale,OCCS,Stimulant,14,No, , ,Exclude,Not found,1,NA,NA,NA,NA,NA,NA,NA,NA,NA,NA
570,PRESCRIPTION STIMULANT EXPECTANCY QUESTIONNAIRE,Prescription Stimulant Expectancy Questionnaire,PSEQ,Stimulant,NA,529,NA,NA,NA,NA,NA,NA,NA,NA,NA,NA,NA,NA,NA,NA,NA,NA,NA,NA,NA,NA,NA,NA,NA,NA,NA,NA,NA,NA,NA,NA,NA,NA,NA,NA,NA,NA,NA,NA,NA,NA,NA,NA,NA,NA,NA,NA,NA,NA,NA,NA,NA,NA,NA,NA,NA,NA,NA,NA,NA,NA,NA,NA,Prescription Stimulant Expectancy Questionnaire,PSEQ,Stimulant,40,Unknown,NA,NA,Exclude,Too many items,1,NA,NA,NA,NA,NA,NA,NA,NA,NA,NA
571,PRESCRIPTION STIMULANT EXPECTANCY QUESTIONNAIRE II,Prescription Stimulant Expectancy Questionnaire II,PSEQ-II,Stimulant,NA,529,NA,NA,NA,NA,NA,NA,NA,NA,NA,NA,NA,NA,NA,NA,NA,NA,NA,NA,NA,NA,NA,NA,NA,NA,NA,NA,NA,NA,NA,NA,NA,NA,NA,NA,NA,NA,NA,NA,NA,NA,NA,NA,NA,NA,NA,NA,NA,NA,NA,NA,NA,NA,NA,NA,NA,NA,NA,NA,NA,NA,NA,NA,Prescription Stimulant Expectancy Questionnaire II,PSEQ-II,Stimulant,46,Unknown,NA,NA,Exclude,Too many items,1,NA,NA,NA,NA,NA,NA,NA,NA,NA,NA
572,QUESTIONNAIRE FOR ATTITUDES TOWARD METHAMPHETAMINE USE,Questionnaire for Attitudes toward Methamphetamine Use,QAMU,Stimulant,NA,728,NA,NA,NA,NA,NA,NA,NA,NA,NA,NA,NA,NA,NA,NA,NA,NA,NA,NA,NA,NA,NA,NA,NA,NA,NA,NA,NA,NA,NA,NA,NA,NA,NA,NA,NA,NA,NA,NA,NA,NA,NA,NA,NA,NA,NA,NA,NA,NA,NA,NA,NA,NA,NA,NA,NA,NA,NA,NA,NA,NA,NA,NA,Questionnaire for Attitudes toward Methamphetamine Use,QAMU,Stimulant,25,No, , ,Exclude,Not found,1,NA,NA,NA,NA,NA,NA,NA,NA,NA,NA
573,QUESTIONNAIRE OF COCAINE USE,Questionnaire of Cocaine Use,QCU,Stimulant,NA,636,NA,NA,NA,NA,NA,NA,NA,NA,NA,NA,NA,NA,NA,NA,NA,NA,NA,NA,NA,NA,NA,NA,NA,NA,NA,NA,NA,NA,NA,NA,NA,NA,NA,NA,NA,NA,NA,NA,NA,NA,NA,NA,NA,NA,NA,NA,NA,NA,NA,NA,NA,NA,NA,NA,NA,NA,NA,NA,NA,NA,NA,NA,Questionnaire of Cocaine Use,QCU,Stimulant,32,Unknown,NA,NA,Exclude,Too many items,1,NA,NA,NA,NA,NA,NA,NA,NA,NA,NA
574,SEVERITY OF AMPHETAMINE DEPENDENCE QUESTIONNAIRE,Severity of Amphetamine Dependence Questionnaire,SAmDQ,Stimulant,NA,215,NA,NA,NA,NA,NA,NA,NA,NA,NA,NA,NA,NA,NA,NA,NA,NA,NA,NA,NA,NA,NA,NA,NA,NA,NA,NA,NA,NA,NA,NA,NA,NA,NA,NA,NA,NA,NA,NA,NA,NA,NA,NA,NA,NA,NA,NA,NA,NA,NA,NA,NA,NA,NA,NA,NA,NA,NA,NA,NA,NA,NA,NA,Severity of Amphetamine Dependence Questionnaire,SAmDQ,Stimulant,Unknown,No, , ,Exclude,Not found,1,NA,NA,NA,NA,NA,NA,NA,NA,NA,NA
575,SEVERITY OF DEPENDENCE-KHAT,Severity of Dependence-Khat,SDS-Khat,Stimulant,NA,354,231,NA,NA,NA,NA,NA,NA,NA,NA,NA,NA,NA,NA,NA,NA,NA,NA,NA,NA,NA,NA,NA,NA,NA,NA,NA,NA,NA,NA,NA,NA,NA,NA,NA,NA,NA,NA,NA,NA,NA,NA,NA,NA,NA,NA,NA,NA,NA,NA,NA,NA,NA,NA,NA,NA,NA,NA,NA,NA,NA,NA,NA,Severity of Dependence-Khat,SDS-Khat,Stimulant,5,No, , ,Exclude,Not found,1,NA,NA,NA,NA,NA,NA,NA,NA,NA,NA
576,STIMULANT EFFECT EXPECTANCY QUESTIONNAIRE,Stimulant Effect Expectancy Questionnaire,SEEQ,Stimulant,NA,780,NA,NA,NA,NA,NA,NA,NA,NA,NA,NA,NA,NA,NA,NA,NA,NA,NA,NA,NA,NA,NA,NA,NA,NA,NA,NA,NA,NA,NA,NA,NA,NA,NA,NA,NA,NA,NA,NA,NA,NA,NA,NA,NA,NA,NA,NA,NA,NA,NA,NA,NA,NA,NA,NA,NA,NA,NA,NA,NA,NA,NA,NA,Stimulant Effect Expectancy Questionnaire,SEEQ,Stimulant,46,Unknown,NA,NA,Exclude,Too many items,1,NA,NA,NA,NA,NA,NA,NA,NA,NA,NA
577,STIMULANT RELAPSE RISK SCALE,Stimulant Relapse Risk Scale,NA,Stimulant,NA,390,NA,NA,NA,NA,NA,NA,NA,NA,NA,NA,NA,NA,NA,NA,NA,NA,NA,NA,NA,NA,NA,NA,NA,NA,NA,NA,NA,NA,NA,NA,NA,NA,NA,NA,NA,NA,NA,NA,NA,NA,NA,NA,NA,NA,NA,NA,NA,NA,NA,NA,NA,NA,NA,NA,NA,NA,NA,NA,NA,NA,NA,NA,Stimulant Relapse Risk Scale,NA,Stimulant,35,Yes,Print-ready,https://www.igakuken.or.jp/abuse/research/dependence/srrs-scale_english.pdf,Exclude,Too many items,1,NA,NA,NA,NA,NA,NA,NA,NA,NA,NA
578,VORIS COCAINE CRAVING SCALE,Voris Cocaine Craving Scale,VCCS,Stimulant,NA,204,NA,NA,NA,NA,NA,NA,NA,NA,NA,NA,NA,NA,NA,NA,NA,NA,NA,NA,NA,NA,NA,NA,NA,NA,NA,NA,NA,NA,NA,NA,NA,NA,NA,NA,NA,NA,NA,NA,NA,NA,NA,NA,NA,NA,NA,NA,NA,NA,NA,NA,NA,NA,NA,NA,NA,NA,NA,NA,NA,NA,NA,NA,Voris Cocaine Craving Scale,VCCS,Stimulant,28,Unknown,NA,NA,Exclude,Too many items,1,NA,NA,NA,NA,NA,NA,NA,NA,NA,NA